:02000002BC162A
:10000000B0C100B0503E37D0000000C00040A08812
:10001000004000C00040A912008000C00040097DDF
:1000200000C000C000400439000000D00040244659
:10003000004000D00040AA60008000D000407E4810
:1000400000C000D0004087850000000000000000D4
:10005000A0C200B026C300B046C300B06AC300B05F
:100060006AC300B0EAC300B0EAC300B0EAC300B09C
:10007000EAC300B0EAC300B0EAC300B0EAC300B00C
:10008000EAC500B0EAC700B067C800B067C800B0F2
:1000900067CA00B067CC00B067CE00B067D000B0D0
:1000A00067D200B067D400B067D600B067D800B0A0
:1000B00067DA00B067DC00B067DE00B057DF00B081
:1000C00057E100B057E300B057E500B0D7E600B005
:1000D000D7E800B0D7EA00B0D7EC00B0D7EE00B058
:1000E000D7F000B0D7F200B0D7F400B0D7F600B028
:1000F000D7F800B0D7FA00B0D7FC00B0D7FE00B0F8
:10010000D70000C0D70200C0D70400C0D70600C087
:10011000D70800C0D70A00C0D70C00C0D70E00C057
:10012000D71000C0D71200C0D71400C0E71400C019
:100130001400DAD9000000000000000000000000F8
:10014000627265616B203D206F66660D0A66696CA0
:100150006573203D2032300D0A7368656C6C203D5C
:1001600020613A7368656C6C2E636F6D20623A7320
:1001700063616E333030302E65786520623A6D6190
:10018000696E2E6578650D0A6465766963653D6202
:100190003A657461333030302E7379730D0A6465BB
:1001A00076696365203D20623A786D6F64656D2ED7
:1001B000737973202F62313D343030202F79312014
:1001C0002F4C310D0A1A0000004D534920424F4F69
:1001D0005400020201000270008002FF01000800CA
:1001E000020000000000FFFFFF03F0FF05600007B2
:1001F000800009F0FF0BF0FF0DE0000F000111205F
:100200000113400115600117F0FF455441333030B0
:10021000302053595300000000000000000000008F
:100220008266E21A02007D040000584D4F44454D9D
:10023000202053595300000000000000000000007F
:100240004A1210170400F01600005343414E333099
:10025000303045584500000000000000000000005C
:10026000F8705C220A00800700004D41494E2020B2
:10027000202045584500000000000000000000005C
:10028000F8705C220C00102E0000FFFFFFFF0080C2
:100290006A027502455441333030300000000000DE
:02000002BC4000
:1000000000000000000000000000000000000000F0
:1000100000000000000000000000000000000000E0
:1000200000000000000000000000000000000000D0
:1000300000000000000000000000000000000000C0
:1000400000000000000000000000000000000000B0
:1000500000000000000000000000000000000000A0
:100060000000000000000000000000000000000090
:100070000000000000000000000000000000000080
:100080000000000000000000000000000000000070
:100090000000000000000000000000000000000060
:1000A0000000000000000000000000000000000050
:1000B0000000000000000000000000000000000040
:1000C0000000000000000000000000000000000030
:1000D0000000000000000000000000000000000020
:1000E0000000000000000000000000000000000010
:1000F0000000000000000000000000000000000000
:1001000000000000000000000000000000000000EF
:1001100000000000000000000000000000000000DF
:1001200000000000000000000000000000000000CF
:1001300000000000000000000000000000000000BF
:1001400000000000000000000000000000000000AF
:10015000000000000000000000000000000000009F
:10016000000000000000000000000000000000008F
:10017000000000000000000000000000000000007F
:10018000000000000000000000000000000000006F
:10019000000000000000000000000000000000005F
:1001A000000000000000000000000000000000004F
:1001B000000000000000000000000000000000003F
:1001C000000000000000000000000000000000002F
:1001D000000000000000000000000000000000001F
:1001E000000000000000000000000000000000000F
:1001F00000000000000000000000000000000000FF
:10020000000000000000000000202020202020200E
:100210002000000000000000000000000000FF209F
:10022000202020202020202020200000000000008E
:100230000000000000000000FC022A03B703303A6F
:1002400045544133303030202020332E30312D3092
:10025000300D0A002E891E11002E8C061300CBFAD9
:100260002E892615022E8C1617028CCC8ED4BC1526
:1002700002FB1E5753060E1FE8840133C08EC026B2
:10028000A1D0022EA3470226A1D2022EA349022604
:10029000C706D002FA03268C0ED202E8810172034F
:1002A000E9AD00B410CDB7723DBB3902E892012E22
:1002B000C41E110026C747123402268C4F14BF19E2
:1002C000022EC7451402002E895D172E8C45198C0D
:1002D000CB8EC32E892643022E8C1645022EC706CE
:1002E0004C020000CDF8B411CDB77228BB3902E83A
:1002F0004F012EC41E110026C747123402268C4F10
:10030000142E892643022E8C1645022EC7064C0257
:100310000200CDF0B80001CDB77235538BC1BB3EA2
:1003200002E81D0158BB3902E816012EC41E110057
:1003300026C747123402268C4F142E892643022EDC
:100340008C1645022EC7064C020400CDF4EB5290E9
:10035000B402CDB7724B5350B401CDAB592BC15938
:100360003BD97C08F82BD903C3EB0490BB000050A9
:100370008BC3BB3E02E8C90058BB3902E8C2002E5D
:10038000C41E110026C747123402268C4F142E8932
:100390002643022E8C1645022EC7064C020400CDC1
:1003A000F433C08EC02EA1470226A3D0022EA1494D
:1003B0000226A3D2022EA04B020AC07402CDB42E94
:1003C000C41E110026C7470E0000268C4F102EC7F2
:1003D0000604000000075B5F1F2E8E1617022E8B8F
:1003E000261502CBFB2EC6064B02012E8B2643029E
:1003F0002E8E1645022E8B1E4C022EFFA74E02504B
:02000002BC80C0
:100000000E1FBE5402E8020058C3505356B40E33BC
:10001000DBFCAC0AC07404CDA1EBF75E5B58C3B83F
:100020000004CDAE73042440751533C08EC026A1E4
:10003000DC02268B1EDE020BC37404F9EB0290F87F
:10004000C3B50450250F003C0977050430EB03903D
:1000500004372E88074B58D1E8D1E8D1E8D1E8FE23
:10006000CD80FD0075DDC3FFFFFFFF00C018052335
:1000700005203257415926262628434F292E205045
:1000800045502C20494E432E000000000000000087
:100090000000000000000000000000000000000060
:1000A0000000000000000000000000000000000050
:1000B0000000000000000000000000000000000040
:1000C0000000000000000000000000000000000030
:1000D0000000000000000000000000000000000020
:1000E00000000000000000000000000007000A02FD
:1000F00000030014000F0F1A37000000000000007A
:1001000000000000000000000000000000000000EF
:1001100000000000000000000000000000000000DF
:1001200000000000000000000000000000000000CF
:1001300000000000000000000000000000000000BF
:1001400000000000000000000000000000000000AF
:1001500000000000000000000007000A0200030089
:1001600014000F0F1A370000000000003600584D31
:100170004F44454D2B5900000000000000000100D5
:10018000000000000000000000000000000000006F
:10019000000000000000000000000000000000005F
:1001A000000000000000000000000000000000004F
:1001B000000000000000000000000000000000003F
:1001C000000000000000000000000000000000002F
:1001D000000000000000000000000000000000001F
:1001E000000000000000000000000000000000000F
:1001F00000000000000000000000000000000000FF
:1002000000000000000000000000000000000000EE
:1002100000000000000000000000000000000000DE
:1002200000000073007300730073007300730073A9
:100230000073007300730073007300730073007326
:100240000073007300730073007300730073007316
:100250000073007300730073007300730073007306
:1002600000730073007300730073007300730073F6
:1002700000730073007300730073007300730073E6
:1002800000730073007300730073007300730073D6
:1002900000730073007300730073007300730073C6
:1002A00000730073007300730073007300730073B6
:1002B00000730073007300730073007300730073A6
:1002C0000073007300730073007300730073007396
:1002D0000073007300730073007300730073007386
:1002E0000073007300730073007300730073007376
:1002F0000073007300730073007300730073007366
:100300000073007300730073007300730073007355
:100310000073007300730073007300730073007345
:100320000073007300730073007300730073007335
:100330000073007300730073007300730073007325
:100340000073007300730073007300730073007315
:100350000073007300730073007300730073007305
:1003600000730073007300730073007300730073F5
:1003700000730073007300730073007300730073E5
:1003800000730073007300730073007300730073D5
:1003900000730073007300730073007300730073C5
:1003A00000730073007300730073007300730073B5
:1003B000007300000000007300730073007300738B
:1003C0000073007300730073007300730073007395
:1003D0000073007300730073007300730073007385
:1003E0000073007300730073007300730073007375
:1003F0000073007300730073007300730073007365
:02000002BCC080
:100000000073007300730073007300730073007358
:100010000073007300730073007300730073007348
:100020000073007300730073007300730073007338
:100030000073007300730073007300730073007328
:100040000073007300730073007300730073007318
:100050000073007300730073007300730073007308
:1000600000730073007300730073007300730073F8
:1000700000730073007300730073007300730073E8
:1000800000730073007300730073007300730073D8
:1000900000730073007300730073007300730073C8
:1000A00000730073007300730073007300730073B8
:1000B00000730073007300730073007300730073A8
:1000C0000073007300730073007300730073007398
:1000D0000073007300730073007300730073007388
:1000E0000073007300730073007300730073007378
:1000F0000073007300730073007300730073007368
:100100000073007300730073007300730073007357
:100110000073007300730073007300730073007347
:100120000073007300730073007300730073007337
:100130000073007300730073007300730073007327
:1001400000730073007300000000000818181818EE
:10015000180808080801060104011501430748456D
:100160004C50204D45EF05EF05EF053806200920DE
:1001700009EF05EF05F509F509EF05EF0538062E3E
:10018000891E21002E8C062300CB50E8E70EC43ECA
:100190002100E8200FC43E210026C745030001E8E6
:1001A000EA0E58CBFA2E89264C032E8C164E038C61
:1001B000C88ED0BC4C03FBE8230BFA2E8E164E03E0
:1001C0002E8B264C03FBB4092EA04900B200B919AE
:1001D00000CDACCBFA2E8926E0042E8C16E2048CDE
:1001E000C88ED0BCE004FBE8050BFA2E8E16E204A4
:1001F0002E8B26E004FBB4092EA0B600B200B9197C
:1002000000CDACCB5506538CC08ED88B47061E5004
:10021000C43F06578B4704BB25000BC07403BB9239
:10022000008CC88ED81E538BECC47E0426C74503B1
:100230000001268A450232E43D0C007E0826814DED
:10024000030380EB0CA2FF00D1E08BF02EFF94FEA5
:100250000483C4105DCBC30003000C01030203231D
:1002600003230C2403240C300C310C400C420C43AF
:100270000C440C5003510C5203530C6F066F066F65
:10028000066F069606A306B906C606D706F6061634
:1002900007AF0727088808AE08D008DD080D092633
:1002A0008A650226C47D0E268A05A2000126C6455F
:1002B000010057068CC98EC1BFF005B91200F2AF1C
:1002C0008BF7075F750A81EEF2052EFF941406C3C3
:1002D00026C6450130C353061E55C45E0C26C5779D
:1002E0000CC534FF5C0E33C05D1F075BC3068CC9B1
:1002F0008EC132D2B91900B403CDAC07C34747B998
:100300000E008D775FF3A433C0C34747B90E008D4D
:10031000775FFA268A0588044746E2F733C0FBC3B5
:100320004747B924008D773BFAF3A4FBC3B92400F7
:100330008D7F3B8CD88EC033C0FAF3AAFBC3803FBD
:1003400000751906C4760CB80082268B5404CDA51E
:10035000730907E8590A26884501C307C31EC576F5
:1003600008807C08017514C5760CB800838B540492
:10037000CDA51F1EE8380A268845011FC3FE078049
:100380003F017401C3C74707500B33C08847068835
:10039000470289470D894704C647210050B486CDDE
:1003A000A75857068D7F3BB924001E0732C0F3AA19
:1003B000075F807F24007509B400CDAC7246884782
:1003C00024807F20007509B400CDAC7237884720A7
:1003D000C6472201C6472E00807F0100750BE8FC4E
:1003E00008BD3D058A4724EB09E803098A4724BD77
:1003F0006D05E8F8FEC6470201E838037317268842
:02000002BD003F
:100000004501EB0526C6450111B4018A4724CDAC54
:100010008A4720CDACC3E887037301C3E815037298
:1000200059C47E08268A5520C64736260AD274044B
:10003000C64736038A476B837F1300740E8B7F0F8E
:10004000880547FF4F1375F8E8CF0233C0807F2F34
:10005000027413E8DE027222C6470205E8D5027276
:1000600019C6473626C3E8CB02720FC6470200C640
:10007000473626C747076E0BEB00C47E0826884527
:1000800013C47E0426C47D0E26884501F9C333C0FF
:100090008BF8803F00744AFE0F7546E80203720732
:1000A000E8910273028BF8C74707500BB4018A47E7
:1000B000240AC07402CDAC8A47200AC07402CDACB9
:1000C00033C088472488472089475989475B32F6DF
:1000D0008A5701B48ACDA5E8D50883FF0075028B45
:1000E000F88BC7C47E0426C47D0E26884501C33321
:1000F000FFC60700E8A90272AE33C08A47068BF834
:10010000C6470600C6470202E82902739A0BFF752C
:10011000968BF8EB92817F07C60B740D817F07A841
:100120000B740626C6450141C326C7450200008B55
:10013000570B26895504C333C0E86402730526C6ED
:10014000450141C3817F073E0C740D817F07200C60
:10015000741426C6450141C38B57042689550226CF
:10016000C745040000C326C7450200008B570B2675
:10017000895504C3E82902730626C6450141C3FA1E
:1001800033C0894704FBC3E816027309C47E0826FE
:10019000C6451441C3807F3604750CB051884706AC
:1001A000C6473626EB6990C47E04268B4D1226C4C2
:1001B0007D0E8B770F8BD1E86D007253807F3603F5
:1001C000750BC6473604C747076E0BEB0BAA0AE44C
:1001D000740449EB0390E2DF2BD101574A83574C5B
:1001E00000C47E08B001807F3501740232C02688C9
:1001F000451DB001807F3604740232C02688451E3A
:100200008A470626884514C47E0426895512C3FAF7
:10021000C47E0826884514C7470D0000C47E042606
:10022000C745120000FBC3837F04007513807F362F
:10023000037426C6470203E8FA0073EB32E4F9C3FD
:10024000568B770F8A045EFF470FFF4F04750A80B5
:100250007F35007404B401F8C332E4C3C47E08E8F7
:100260003E01730626C6451341C3817F076E0B749A
:1002700007817F078C0B7504C6470204268A552028
:10028000268A751F26C6451300C47E04268B4D1290
:1002900026C4750EE371E89B0072708B7F0F837F1D
:1002A00013007547C6473626B88000F6476C0874B9
:1002B0000A817F0900047C03B8000489470BC64704
:1002C0002F000AF67422F6476C027505B085EB3BE9
:1002D00090C6472F0126803C007504C6472F02C6F2
:1002E000473000C7470B8000E8F208268A0446889A
:1002F0000547FF4F13E0F4750EE81E00E309E833ED
:1003000000720832F6EB9D897F0FC3C47E082680F9
:100310007D1300750426884513C3508B470B0BC013
:100320007502909001473B83473D00E8DD08C647D2
:10033000020458C3807F0600752C807F0200743D44
:1003400050B486CDA7730458B086C352B4038A57FD
:100350000132F6CDA55AA820750558B007F9C3B4E7
:1003600009CDB158EBCEC6470200807F06FF750568
:10037000C6470600C38A4706C6470600F9C3807F02
:10038000060075E2807F020074F3817F078C0B7496
:10039000EC817F076E0B74E550B409CDB158EBDEEC
:1003A000807F2400740F807F20007409817F0750B4
:1003B0000B7402F8C3F9C3EF050C0D320FE70CE71D
:1003C0000CE70CEF05EF05EF05EF05EF05EF05EF87
:1003D00005EF05EF05EF05320FA20CE20E1E0FEC44
:1003E0000CEF05EF05EF05EF05EF05EF05EF05EF66
:1003F00005EF05EF054E0FA20CE70CEF05EF05EF3B
:02000002BD40FF
:1000000005EF05EF05D10CBB0C980C3C0FEF05EF8D
:10001000054E0FA20CE70CEF05EF05EF05EF058F7E
:100020000DEF05440E980C440EEF05EF05EF054E5D
:100030000FA20CE70C660EAA0EEF05EF05EF05EF19
:1000400005BC0E980CA20CEF05EF05EF054E0FA2B4
:100050000CEF05EF05EF05EF05EF050B0EEF05BC07
:100060000E980CBC0EEF05EF05EF054E0FA20CEF3E
:1000700005E70CE70CBF0D740EEF05EF05EF0598D3
:100080000C740ED20D2D0EEF054E0FA20CEF05E7EE
:100090000CE70CBF0DF10CEF05EF05EF05980C3CDC
:1000A0000FD20DEF05EF054E0FA20C340DEF05EF4B
:1000B00005EF05EF05EF05EF05EF05980CA20CEF36
:1000C00005EF05EF054E0FA20C480DEF05EF05EF0C
:1000D00005EF05EF05EF05EF05980CA20CEF05EF16
:1000E00005EF054E0FA20CEF05E70CE70CBF0DF175
:1000F0000CEF05EF05EF05980C3C0FF60DEF05E84A
:10010000B902C6470650E99002807F23FF7408E8D1
:10011000A902C64723FFC3C6472300C64706FFE917
:100120007702C6471B0033C0884739C74707C60B4D
:10013000C6470200E88403C3C6471B0133C0884793
:1001400039C74707C60BC6470200E86E03C3C64758
:100150000641C3C6470200C3C74707200CE8B002E8
:100160007308E8DB01C6470680C3E86D02C7470D88
:100170000000C3C747076E0BC6470200C6472300EF
:10018000C64706FFC6473001C747130000B8028EB6
:100190008B5600CDA5C747150000C38B4711894773
:1001A0000FC7470D0000E81902C74707200CC38B93
:1001B000471189470FC7470D0000E805028A4769C4
:1001C00088475D8A476A88475EC6473001C647361A
:1001D00026C64706008B4F0B32C08B7F0F1E07F3DE
:1001E000AEE309C74707020CE8F000C3C647065153
:1001F000C747076E0BC3E8C20232C0884739807F09
:100200002F007419C6473500807F2F027406C74738
:10021000078C0BC3C747076E0B884702C3C7470746
:10022000C60B884702C38B470D894704E88C02C779
:1002300047073E0CC6470200C3C747130000F647F6
:100240006C207409E89301C747077A0CC3E8720170
:10025000C6473603C6470200C6473001C3C7471327
:100260000000E85D01C6473603C6470200C64730B6
:1002700001C3C6472300C747130000C6473001C764
:1002800047078C0B807F36037509C747076E0BC67F
:10029000470200C3C64735018B470D894704E81A5A
:1002A00002C747075C0CC6470200C3E84801720357
:1002B000EB0990E88A00C6470680C38B77118B4F05
:1002C0000D8A5701B60C8B4765E8B301C333C0886C
:1002D0004739E8E6FFC74707A80BC3F6476C047425
:1002E00012F6475DFF740CC6471BFFFE4F5DE8DB4F
:1002F00000EB1AF6475EFF740CC6471B00FE4F5E0C
:10030000E8D700EB08C6470680E83400C3E8A2013E
:10031000C3807F2F027503E958FFE8B600C747077F
:10032000E40BC3807F0205750FE8A700E8E10073C6
:1003300007E80C00C6470680C3E82701FF474EC305
:10034000E87800C6470660EB50B8028E8B5600CDA9
:10035000A58B471189470FC7470D0000C747040009
:1003600000E87D008A476988475D8A476A88475E5A
:10037000C6473001C6473626C6470600C7470702AC
:100380000CE857FFC3E85900E83001C6473500C6FE
:10039000472F00C747078C0BC3C74707500BC647FB
:1003A0000200C3E81500C6470660EBEDE80C00C686
:1003B000470650EBE4C6470642EBDEBEE404E866BF
:1003C00000C3BEEE04FE4730E85C00C3BEF404E8A0
:1003D0005500C3BEF004E87A00C3BEF204E847004B
:1003E000C35033C0C6473001884739C6472300C7CA
:1003F0004713000058C350FF4750FE47398A47391A
:02000002BD80BF
:100000003A47577E03884757FEC03A4760F558C3C2
:1000100050FE47398A47393A47487E03884748FEA9
:10002000C03A4760F558C35051525689771E32ED99
:100030008A0C468B4767B60C8A5701E841005E5A26
:100040005958C350E8E0FF8B4763894726C6472EBF
:100050000C58C350E8D0FF8B4765894726C6472E0A
:100060000C58C3505152568B771E32ED8A0C468B7A
:100070004767B60C8A5701E805005E5A5958C350C5
:1000800053515289472688772EC6472528C64722CE
:100090000032F6B80184CDA5E8050189772A894F99
:1000A0002C8957285A595B58C35051B007B90100E1
:1000B000EB105051B00C8B4F63EB075051B00C8BD1
:1000C0004F675288472E894F268A47209132E4BADB
:1000D000E803F7E291B402CDAC5A5958C350E89402
:1000E00003B80000BB2500E81700E89F0358C35081
:1000F000E88203B80100BB9200E80500E88D0358D0
:10010000C3894600895E02807F22017476B4878BA2
:100110005600CDA5837F2C007421B801848B4F2C11
:100120008B56008B772A1E07CDA5E8730089772AA6
:10013000894F28894F2C83FA00755A8B5600B801D5
:1001400086CDA5E85A000BC97423FE4F257546C617
:100150004725283B4F28894F28753AB4878B56008E
:10016000CDA5E83B00722EC647060EEB2833C0C66D
:10017000472201B5028A4F208B4726BAE803F7E2EF
:1001800091CDACE89D00B4078A4720CDAC75068AB6
:10019000472EE8BB028A47020AC07403E8B102C3D3
:1001A0000BC0740A5051E806008847065958C30B23
:1001B000C0740F894759894F5B33C9D1E84173FB3C
:1001C0008AC1C315000000000A04000000000D18D9
:1001D00000078C120018070000000B43000000000D
:1001E00009060000000008010001121200020001CF
:1001F0001F1200000303491200000000000000006D
:100200000102801200000203841200000400981210
:100210000000050688120000060098120000070082
:10022000000000E8650172418A6721BE5C11B908CF
:1002300000E83600731550B000BE8C11B90800E814
:100240002800587306C6472100EBD88BC8AC8847F6
:1002500021AD3D000074088BF88BC156FFD75EAC12
:100260003C007403E8E901EBBAC33B04740783C69E
:1002700006E2F7F9C383C602C3807F0203755E51AD
:10028000B98000EB1E90807F0203755151B90004C4
:10029000394F097D0EB98000C74711FEFFFF470D9A
:1002A0005958C3C7470D0000894F0BE8FBFD59C3E0
:1002B000807F02037527578B7F11037F0D8805FF11
:1002C000470D8B570B39570D720EC6472104807F9F
:1002D0001B007404C64721055FE8CDFDC3C6472156
:1002E00000C7471CAAFFC3884731C3884732C38869
:1002F0004733C3F6476C107505B00BE85201C35085
:1003000051525756BF06008847348A47313A473022
:1003100074220AC07512817F07020C750BF6476CB8
:10032000027416BF0E00EB0CFEC03A4730750AE8A7
:1003300090FCEB0DE817007303BF07008BC7E80FB5
:1003400001B4048A4720CDAC5E5F5A5958C3F6D039
:100350003A4732753433D28B77118B4F0B807F1B2A
:1003600000741BACE8FA00E2FA32C0E8F300E8F0EF
:10037000008A67338A47343BC2740DEB0C90AC02A1
:10038000D0E2FB3A57347501C3F9C3515256578B2B
:100390004F150BC97523B801858B5600B932008CF7
:1003A000DF8EC78B7F19897F17CDA57305E8F0FD18
:1003B00033D28BCA894F15E3218B7717AC89771716
:1003C000FF4F153C437403EB0B9090817F078C0B20
:1003D00074029090F85F5E5A59C3F9EBF85051B42B
:1003E000018B4F0B81F980007405B402B9000489B8
:1003F0004F138B7F1188258A4730884501F6D088B6
:02000002BDC07F
:10000000450283C703FE47305958C35051525756D3
:1000100033D28B771183C6038B4F0B807F1B007409
:1000200019ACE83C00E2FA32C0E83500E83200885A
:1000300034885401BA0500EB0B90AC02D0E2FB8887
:1000400015BA040003570B89570D5E5F5A5958C300
:1000500032E43D0E007F098B770703F003F0FF14B5
:10006000C35051B90800D0E0D1D2730481F22110FD
:10007000E2F45958C3585351525657061E55505022
:10008000508CCB8EC38EDBFC8BEC50C35883C406E4
:100090005D1F075F5E5A595B50C35150257F00B901
:1000A0000700D0D87302FEC4E2F88AEC58D0C0D062
:1000B000DDD0D859C31E578CC88ED8BB2500BF923F
:1000C00000C747191C01C745196C01C747171C0118
:1000D000C745176C01C6470100C6450101C7470760
:1000E000500BC74507500BB231E8BF0087DFB23273
:1000F000E8B80087DFE82F015052578BD0B80000D6
:10010000BF1B15E88F005F5A58BE4E1489771189BE
:10011000770F89470989450B03F083C6108975114C
:1001200089750F894D09894D0B03F183C61083C66C
:100130000FD1EED1EED1EED1EE8CC803F05F26C721
:10014000450E000026897510C7060F019D058C0E0F
:1001500011018C0E13018CC88EC0BF0101CDF88C2B
:10016000C8BFB316E89001A10101BFBD16E8870121
:10017000A1030147E88001B409BAB316CD21B40048
:100180001FC3303030303A30303030204275666630
:1001900065720D0A2450525757E85B01478BC2E83D
:1001A0005501B4095ACD215F5A58C3061E56C436AC
:1001B000210026C47412268A04460AC074653C2FA6
:1001C00075F4268A04460AC07459268A2480FC20C5
:1001D000741880FC09741380FC00740E80FC0D748C
:1001E0000980FC2F74053AE275CC463C5A7E022CFD
:1001F000203C597504804F6C023C58750480676C34
:10020000FD3C43750480676CFB3C4F750480676C54
:10021000CF3C4C7504804F6C083C53750480676C70
:10022000F7EB935E1F07C3061EC436210026C57474
:1002300012B200E825007303B900048BC1B201E8D3
:1002400019007303B900043D80007303B880008176
:10025000F980007303B980001F07C350525633C999
:1002600080C231E8460072403C2F75F7E8450072C5
:10027000370C203C6275ECE83A00722C740A3AC2E2
:1002800074063C3D7415EBDBE82100721B3C3D75A8
:10029000D2E818007212E83600720DE816007407F2
:1002A0007205E82A0073F4F85E5A58C3E805007234
:1002B0000274F9C3AC3C0D74123C0A740E3C007419
:1002C0000A3C097502B0203C20F8C3B00DF9C350B8
:1002D0002C3072213C0A72122C117219040A3C1043
:1002E00072082C20720F3C10730BD1E1D1E1D1E1E7
:1002F000D1E10AC8F858C35152BA0400B90400D376
:10030000C08BC883E10F83C13083F939760383C181
:1003100007880D474A75E55A59C3303030303A30B6
:1003200030303020303030303A303030300D0A301C
:100330003A584D4F44454D2030312E30330D0A3858
:100340002F31362F39310D0A240000000000000043
:10035000000000000000004D5A720104000000027D
:10036000006701FFFF5C0100080000000000001EA4
:1003700000000001000100EA4601E8D90000000089
:10038000000000000000000000000000000000006D
:1003900000000000005AA55AA55AA55AA55AA55A08
:1003A000A55AA55AA55AA55AA55AA55AA55AA55A55
:1003B000A55AA55AA55AA55AA55AA55AA55AA55A45
:1003C000A55AA55AA55AA55AA55AA55AA55AA55A35
:1003D000A55AA55AA55AA55AA55AA55AA55AA55A25
:1003E000A55AA55AA55AA55AA55AA55AA55AA55A15
:1003F000A55AA55AA55AA55AA55AA55AA55AA55A05
:02000002BE003E
:10000000A55AA55AA55AA55AA55AA55AA55AA55AF8
:10001000A55AA55AA55AA55AA55AA55AA55AA55AE8
:10002000A55AA55AA55AA55AA55AA55AA55AA55AD8
:10003000A55AA55AA55AA55AA55AA55AA55AA55AC8
:10004000A55AA55AA55AA55AA55AA55AA55AA55AB8
:10005000A55AA55AA55AA55AA55AA55AA55AA55AA8
:10006000A55AA55AA55AA55AA55AA55AA55AA55A98
:10007000A55AA55AA55AA55AA55AA55AA55AA55A88
:10008000A55AA55AA55AA55AA55AA55AA55AA55A78
:10009000A55AA55AA50000000000000000000000BD
:1000A0000000000000000000000000000000000050
:1000B0000000000000000000000000000000000040
:1000C00000000000010000000000000064000100CA
:1000D00000001E0008002D00031E000003000000A9
:1000E00000000000000000000000000153555050C7
:1000F000532020202020202020202020000000004D
:100100005343414E4E4552204552524F522C2020CF
:1001100024434F44455F33392020202020202020D5
:10012000205550435F4120202020202020202020E7
:10013000205550435F4530202020202020202020C3
:100140002045414E5F3133202020202020202020D8
:100150002045414E5F3820202020202020202020D4
:1001600020434F44455F443235202020202020206A
:1001700020434F44455F4932352020202020202055
:1001800020434F4441424152202020202020202063
:1001900020434F44455F313238202020202020204A
:1001A00020000000005550435F45312020202020D2
:1001B0002020202020FF0086346D3971397539796F
:1001C0003970535E566059D25BA660C2609211C806
:1001D000606939000102030405060708090A0B0CCF
:1001E0000DFFFF0E0F00010E0F10110A0B0C0D1268
:1001F000131415FF18191617000001020304050651
:100200000708090A0B0C0D0EFF0001020000010295
:10021000030405FFFF060708090A0B0C0D0E0F105B
:100220001112131415161718000001020304050615
:100230000708090A0B0CFFFFFFFF0E0D0001004924
:10024000000202010100004949494900000202027E
:10025000004949490002020102020049494949494D
:100260000000000000010101FFFF00434349FF536C
:1002700000FF005300020202020000494949490000
:1002800000010202020202020201004949494949F1
:10029000494949490001004300B602BA02C602CEEC
:1002A00002DA02C602DE02DE02B602B602B602EAD6
:1002B00002DA02DA02EE02FA020E03B802C002CA41
:1002C00002D402DC02CA02E402E402B802B802B8B4
:1002D00002EC02DC02DC02F402040310030611103B
:1002E0000216111D023311100243110302461119A7
:1002F000025F110F026E110302711101020202026C
:100300000202FFFFFF0202030203021835E01EE0B3
:100310001EE01EE01E745362566459D65BA960C588
:1003200060E01ECB60E01EE01E00FFFFFFFF0A0C36
:100330000E101214FF18FF0A000000000A0508063C
:100340000606010800130000000007070F0D0D0B43
:100350000105000100000000010201020302010189
:1003600000010000000004060203070C0D0E00024D
:100370000000000000000000000200020000000376
:1003800000040002000000020000000A0A06060A3B
:100390000402020A0A0A0A01000200020002000224
:1003A0000004000800100020004000800000010050
:1003B00002020076303508173180FFFF06FF03097F
:1003C000FFFF0108FF05FFFFFFFF0007FF04FFFF1E
:1003D000FF02FFFFFFFFFFFFFFFF140AFF00FFFF09
:1003E0002B1EFFFF2AFF2928FF31323334353637E1
:1003F0003839304142434445464748494A4B4C4DC1
:02000002BE40FE
:100000004E4F505152535455565758595A2D2E2031
:100010002A242F2B2500001B1C1D1E1F3B3C3D3E90
:100020003F5B5C5D5E5F7B7C7D7E7F0040607F7FB1
:100030007F2122232425262728292A2B2CFFFF2F46
:10004000FFFFFFFFFFFFFFFFFFFF3A010203040571
:10005000060708090A0B0C0D0E0F101112131415C8
:10006000161718191A6162636465666768696A6BB6
:100070006C6D6E6F707172737475767778797A4182
:100080008509C28403860004830680C10589420174
:100090000102020101010102010403020103020243
:1000A0000102010101010102010403010103030234
:1000B0000103020201040301010101010102020125
:1000C0000103030201040301010101020102010312
:1000D0000202010101010101030101020102010407
:1000E0000203020001010000000001010040FFFFC7
:1000F00081FF8483FFFF8285FF86FFFF3020E5E4D8
:1001000081E3848310E2828511861213FFE1FFFFF1
:1001100014FF1718FFFF1519FF16FFFFE6E0FFFF9A
:1001200006FF0905FFFF0807FF04FFFFE7FF0302C3
:10013000FF01FFFFE80AFFFFE9FFEAEB00070B0DF5
:100140000E13191C15161A424344474746454141B0
:10015000414148494A4B41FFFFFF07FF0400FFFFB1
:100160000209FF06FFFFFFFF0108FF05FFFFFF0376
:10017000FFFFFFFFFFFFFF303132333435363738B2
:100180003900000000FF0008FF10FFFF8318FFFF89
:1001900080FF8182FFFF00028606FF85FFFF010AC4
:1001A0008707FFC4FFFF040B8408FFC7FFFF050993
:1001B000C503FFC6FF303132333435363738392D79
:1001C000243A2F2E2B616263640223FF30FFFFFF6E
:1001D000FFFF5EFF2205FFFF01FFFF160826FF3C21
:1001E00012FFFFFFFF2CFF25FFFF37FF2FFFFFFF51
:1001F000FFFF65FF3618FFFFFF0AFFFF1B3A3D4F69
:10020000FF13FF4CFF1714390929FF4D1DFFFFFF96
:10021000FF32FF28FFFFFF1C0BFFFFFFFFFFFFFF69
:10022000FFFFFFFF4344FFFF2062FF814AFFFFFF04
:10023000FF66FF61FFFFFF4956FFFFFFFFFFFFFF64
:10024000FFFFFFFF191AFFFF5BFF63FF2D0FFFFF8B
:10025000FFFF2EFF38FFFFFFFFFFFFFFFF64FF5F81
:10026000FFFFFF4E5360FF3B4BFF21FF5DFFFF4051
:10027000FFFF5CFFFF3FFF50FFFF0CFF4524FF2BFC
:10028000FFFF4657FF2AFFFF58350E330607FFFFD3
:100290001534483EFF0DFF47FFFFFFFF1011FFFF22
:1002A0005AFFFFFFFFFFFFFFFF27FF31FFFF6754EC
:1002B000FF80FFFF55FF69FF680004FFFFFF1F423B
:1002C000FFFF51FF410359521E00000000000000D3
:1002D000000000000000004D5A87010100000002EC
:1002E000000000FFFF0000FEFF0000000000001CF7
:1002F00000000000000000B00CB40ECDA1B00DB4A1
:100300000ECDA1B00AB40ECDA1B03DB40ECDA1B0BA
:100310003DB40ECDA1B03DB40ECDA1B020B40ECDF4
:10032000A1B050B40ECDA1B044B40ECDA1B054B420
:100330000ECDA1B020B40ECDA1B033B40ECDA1B07E
:1003400031B40ECDA1B030B40ECDA1B030B40ECDCD
:10035000A1B020B40ECDA1B03DB40ECDA1B03DB43E
:100360000ECDA1B03DB40ECDA1B00DB40ECDA1B057
:100370000AB40ECDA1B00DB40ECDA1B00AB40ECD0D
:10038000A1B048B40ECDA1B065B40ECDA1B06CB48F
:100390000ECDA1B06CB40ECDA1B06FB40ECDA1B096
:1003A00020B40ECDA1B057B40ECDA1B06FB40ECD18
:1003B000A1B072B40ECDA1B06CB40ECDA1B064B436
:1003C0000ECDA1B021B40ECDA1B00DB40ECDA1B013
:1003D0000AB40ECDA1B00DB40ECDA1B00AB40ECDAD
:1003E000A1B050B40ECDA1B072B40ECDA1B065B421
:1003F0000ECDA1B073B40ECDA1B073B40ECDA1B02B
:02000002BE80BE
:1000000020B40ECDA1B061B40ECDA1B06EB40ECDB2
:10001000A1B079B40ECDA1B020B40ECDA1B06BB417
:100020000ECDA1B065B40ECDA1B079B40ECDA1B006
:100030002EB40ECDA1B02EB40ECDA1B02EB40ECDE7
:10004000A1B00DB40ECDA1B00AB40ECDA1B4013152
:10005000C9CDA1B00CB40ECDA1B8004CCD2190906B
:1000600090909090909090000000000000000000A0
:100070000000000000000000000000000000000080
:100080000000000000000000000000000000000070
:100090000000000000000000000000000000000060
:1000A0000000000000000000000000000000000050
:1000B0000000000000000000000000000000000040
:1000C0000000000000000000000000000000000030
:1000D0000000000000000000000000000000000020
:1000E0000000000000000000000000000000000010
:1000F0000000000000000000000000000000000000
:1001000000000000000000000000000000000000EF
:1001100000000000000000000000000000000000DF
:1001200000000000000000000000000000000000CF
:1001300000000000000000000000000000000000BF
:1001400000000000000000000000000000000000AF
:10015000000000000000000000000000000000009F
:10016000000000000000000000000000000000008F
:10017000000000000000000000000000000000007F
:10018000000000000000000000000000000000006F
:10019000000000000000000000000000000000005F
:1001A000000000000000000000000000000000004F
:1001B000000000000000000000000000000000003F
:1001C000000000000000000000000000000000002F
:1001D000000000000000000000000000000000001F
:1001E000000000000000000000000000000000000F
:1001F00000000000000000000000000000000000FF
:1002000000000000000000000000000000000000EE
:1002100000000000000000000000000000000000DE
:1002200000000000000000000000000000000000CE
:1002300000000000000000000000000000000000BE
:1002400000000000000000000000000000000000AE
:10025000000000000000000000000000000000009E
:10026000000000000000000000000000000000008E
:10027000000000000000000000000000000000007E
:10028000000000000000000000000000000000006E
:10029000000000000000000000000000000000005E
:1002A000000000000000000000000000000000004E
:1002B000000000000000000000000000000000003E
:1002C000000000000000000000000000000000002E
:1002D000000000000000000000000000000000001E
:1002E000000000000000000000000000000000000E
:1002F00000000000000000000000000000000000FE
:1003000000000000000000000000000000000000ED
:1003100000000000000000000000000000000000DD
:1003200000000000000000000000000000000000CD
:1003300000000000000000000000000000000000BD
:1003400000000000000000000000000000000000AD
:10035000000000000000000000000000000000009D
:10036000000000000000000000000000000000008D
:10037000000000000000000000000000000000007D
:10038000000000000000000000000000000000006D
:10039000000000000000000000000000000000005D
:1003A000000000000000000000000000000000004D
:1003B000000000000000000000000000000000003D
:1003C000000000000000000000000000000000002D
:1003D000000000000000000000000000000000001D
:1003E000000000000000000000000000000000000D
:1003F00000000000000000000000000000000000FD
:02000002BEC07E
:1000000000000000000000000000000000000000F0
:1000100000000000000000000000000000000000E0
:1000200000000000000000000000000000000000D0
:1000300000000000000000000000000000000000C0
:1000400000000000000000000000000000000000B0
:1000500000000000000000000000000000000000A0
:100060000000000000000000000000000000000090
:100070000000000000000000000000000000000080
:100080000000000000000000000000000000000070
:100090000000000000000000000000000000000060
:1000A0000000000000000000000000000000000050
:1000B0000000000000000000000000000000000040
:1000C0000000000000000000000000000000000030
:1000D0000000000000000000000000000000000020
:1000E0000000000000000000000000000000000010
:1000F0000000000000000000000000000000000000
:1001000000000000000000000000000000000000EF
:1001100000000000000000000000000000000000DF
:1001200000000000000000000000000000000000CF
:1001300000000000000000000000000000000000BF
:1001400000000000000000000000000000000000AF
:10015000000000000000000000000000000000009F
:10016000000000000000000000000000000000008F
:10017000000000000000000000000000000000007F
:10018000000000000000000000000000000000006F
:10019000000000000000000000000000000000005F
:1001A000000000000000000000000000000000004F
:1001B000000000000000000000000000000000003F
:1001C000000000000000000000000000000000002F
:1001D000000000000000000000000000000000001F
:1001E000000000000000000000000000000000000F
:1001F00000000000000000000000000000000000FF
:1002000000000000000000000000000000000000EE
:1002100000000000000000000000000000000000DE
:1002200000000000000000000000000000000000CE
:1002300000000000000000000000000000000000BE
:1002400000000000000000000000000000000000AE
:10025000000000000000000000000000000000009E
:10026000000000000000000000000000000000008E
:10027000000000000000000000000000000000007E
:10028000000000000000000000000000000000006E
:10029000000000000000000000000000000000005E
:1002A000000000000000000000000000000000004E
:1002B000000000000000000000000000000000003E
:1002C000000000000000000000000000000000002E
:1002D000000000000000000000000000000000001E
:1002E000000000000000000000000000000000000E
:1002F00000000000000000000000000000000000FE
:1003000000000000000000000000000000000000ED
:1003100000000000000000000000000000000000DD
:1003200000000000000000000000000000000000CD
:1003300000000000000000000000000000000000BD
:1003400000000000000000000000000000000000AD
:10035000000000000000000000000000000000009D
:10036000000000000000000000000000000000008D
:10037000000000000000000000000000000000007D
:10038000000000000000000000000000000000006D
:10039000000000000000000000000000000000005D
:1003A000000000000000000000000000000000004D
:1003B000000000000000000000000000000000003D
:1003C000000000000000000000000000000000002D
:1003D000000000000000000000000000000000001D
:1003E000000000000000000000000000000000000D
:1003F00000000000000000000000000000000000FD
:02000002BF003D
:1000000000000000000000000000000000000000F0
:1000100000000000000000000000000000000000E0
:1000200000000000000000000000000000000000D0
:1000300000000000000000000000000000000000C0
:1000400000000000000000000000000000000000B0
:1000500000000000000000000000000000000000A0
:100060000000000000000000000000000000000090
:100070000000000000000000000000000000000080
:100080000000000000000000000000000000000070
:100090000000000000000000000000000000000060
:1000A0000000000000000000000000000000000050
:1000B0000000000000000000000000000000000040
:1000C0000000000000000000000000000000000030
:1000D0000000000000000000000000000000000020
:1000E0000000000000000000000000000000000010
:1000F0000000000000000000000000000000000000
:1001000000000000000000000000000000000000EF
:1001100000000000000000000000000000000000DF
:1001200000000000000000000000000000000000CF
:1001300000000000000000000000000000000000BF
:1001400000000000000000000000000000000000AF
:10015000000000000000000000000000000000009F
:10016000000000000000000000000000000000008F
:10017000000000000000000000000000000000007F
:10018000000000000000000000000000000000006F
:10019000000000000000000000000000000000005F
:1001A000000000000000000000000000000000004F
:1001B000000000000000000000000000000000003F
:1001C000000000000000000000000000000000002F
:1001D000000000000000000000000000000000001F
:1001E000000000000000000000000000000000000F
:1001F00000000000000000000000000000000000FF
:1002000000000000000000000000000000000000EE
:1002100000000000000000000000000000000000DE
:1002200000000000000000000000000000000000CE
:1002300000000000000000000000000000000000BE
:1002400000000000000000000000000000000000AE
:10025000000000000000000000000000000000009E
:10026000000000000000000000000000000000008E
:10027000000000000000000000000000000000007E
:10028000000000000000000000000000000000006E
:10029000000000000000000000000000000000005E
:1002A000000000000000000000000000000000004E
:1002B000000000000000000000000000000000003E
:1002C000000000000000000000000000000000002E
:1002D000000000000000000000000000000000001E
:1002E000000000000000000000000000000000000E
:1002F00000000000000000000000000000000000FE
:1003000000000000000000000000000000000000ED
:1003100000000000000000000000000000000000DD
:1003200000000000000000000000000000000000CD
:1003300000000000000000000000000000000000BD
:1003400000000000000000000000000000000000AD
:10035000000000000000000000000000000000009D
:10036000000000000000000000000000000000008D
:10037000000000000000000000000000000000007D
:10038000000000000000000000000000000000006D
:10039000000000000000000000000000000000005D
:1003A000000000000000000000000000000000004D
:1003B000000000000000000000000000000000003D
:1003C000000000000000000000000000000000002D
:1003D000000000000000000000000000000000001D
:1003E000000000000000000000000000000000000D
:1003F00000000000000000000000000000000000FD
:02000002BF40FD
:1000000000000000000000000000000000000000F0
:1000100000000000000000000000000000000000E0
:1000200000000000000000000000000000000000D0
:1000300000000000000000000000000000000000C0
:1000400000000000000000000000000000000000B0
:1000500000000000000000000000000000000000A0
:100060000000000000000000000000000000000090
:100070000000000000000000000000000000000080
:100080000000000000000000000000000000000070
:100090000000000000000000000000000000000060
:1000A0000000000000000000000000000000000050
:1000B0000000000000000000000000000000000040
:1000C0000000000000000000000000000000000030
:1000D0000000000000000000000000000000000020
:1000E0000000000000000000000000000000000010
:1000F0000000000000000000000000000000000000
:1001000000000000000000000000000000000000EF
:1001100000000000000000000000000000000000DF
:1001200000000000000000000000000000000000CF
:1001300000000000000000000000000000000000BF
:1001400000000000000000000000000000000000AF
:10015000000000000000000000000000000000009F
:10016000000000000000000000000000000000008F
:10017000000000000000000000000000000000007F
:10018000000000000000000000000000000000006F
:10019000000000000000000000000000000000005F
:1001A000000000000000000000000000000000004F
:1001B000000000000000000000000000000000003F
:1001C000000000000000000000000000000000002F
:1001D000000000000000000000000000000000001F
:1001E000000000000000000000000000000000000F
:1001F00000000000000000000000000000000000FF
:1002000000000000000000000000000000000000EE
:1002100000000000000000000000000000000000DE
:1002200000000000000000000000000000000000CE
:1002300000000000000000000000000000000000BE
:1002400000000000000000000000000000000000AE
:10025000000000000000000000000000000000009E
:10026000000000000000000000000000000000008E
:10027000000000000000000000000000000000007E
:10028000000000000000000000000000000000006E
:10029000000000000000000000000000000000005E
:1002A000000000000000000000000000000000004E
:1002B000000000000000000000000000000000003E
:1002C000000000000000000000000000000000002E
:1002D000000000000000000000000000000000001E
:1002E000000000000000000000000000000000000E
:1002F00000000000000000000000000000000000FE
:1003000000000000000000000000000000000000ED
:1003100000000000000000000000000000000000DD
:1003200000000000000000000000000000000000CD
:1003300000000000000000000000000000000000BD
:1003400000000000000000000000000000000000AD
:10035000000000000000000000000000000000009D
:10036000000000000000000000000000000000008D
:10037000000000000000000000000000000000007D
:10038000000000000000000000000000000000006D
:10039000000000000000000000000000000000005D
:1003A000000000000000000000000000000000004D
:1003B000000000000000000000000000000000003D
:1003C000000000000000000000000000000000002D
:1003D000000000000000000000000000000000001D
:1003E000000000000000000000000000000000000D
:1003F00000000000000000000000000000000000FD
:02000002BF80BD
:1000000000000000000000000000000000000000F0
:1000100000000000000000000000000000000000E0
:1000200000000000000000000000000000000000D0
:1000300000000000000000000000000000000000C0
:1000400000000000000000000000000000000000B0
:1000500000000000000000000000000000000000A0
:100060000000000000000000000000000000000090
:100070000000000000000000000000000000000080
:100080000000000000000000000000000000000070
:100090000000000000000000000000000000000060
:1000A0000000000000000000000000000000000050
:1000B0000000000000000000000000000000000040
:1000C0000000000000000000000000000000000030
:1000D0000000000000000000000000000000000020
:1000E0000000000000000000000000000000000010
:1000F0000000000000000000000000000000000000
:1001000000000000000000000000000000000000EF
:1001100000000000000000000000000000000000DF
:1001200000000000000000000000000000000000CF
:1001300000000000000000000000000000000000BF
:1001400000000000000000000000000000000000AF
:10015000000000000000000000000000000000009F
:10016000000000000000000000000000000000008F
:10017000000000000000000000000000000000007F
:10018000000000000000000000000000000000006F
:10019000000000000000000000000000000000005F
:1001A000000000000000000000000000000000004F
:1001B000000000000000000000000000000000003F
:1001C000000000000000000000000000000000002F
:1001D000000000000000000000000000000000001F
:1001E000000000000000000000000000000000000F
:1001F00000000000000000000000000000000000FF
:1002000000000000000000000000000000000000EE
:1002100000000000000000000000000000000000DE
:1002200000000000000000000000000000000000CE
:1002300000000000000000000000000000000000BE
:1002400000000000000000000000000000000000AE
:10025000000000000000000000000000000000009E
:10026000000000000000000000000000000000008E
:10027000000000000000000000000000000000007E
:10028000000000000000000000000000000000006E
:10029000000000000000000000000000000000005E
:1002A000000000000000000000000000000000004E
:1002B000000000000000000000000000000000003E
:1002C000000000000000000000000000000000002E
:1002D000000000000000000000000000000000001E
:1002E000000000000000000000000000000000000E
:1002F00000000000000000000000000000000000FE
:1003000000000000000000000000000000000000ED
:1003100000000000000000000000000000000000DD
:1003200000000000000000000000000000000000CD
:1003300000000000000000000000000000000000BD
:1003400000000000000000000000000000000000AD
:10035000000000000000000000000000000000009D
:10036000000000000000000000000000000000008D
:10037000000000000000000000000000000000007D
:10038000000000000000000000000000000000006D
:10039000000000000000000000000000000000005D
:1003A000000000000000000000000000000000004D
:1003B000000000000000000000000000000000003D
:1003C000000000000000000000000000000000002D
:1003D000000000000000000000000000000000001D
:1003E000000000000000000000000000000000000D
:1003F00000000000000000000000000000000000FD
:02000002BFC07D
:1000000000000000000000000000000000000000F0
:1000100000000000000000000000000000000000E0
:1000200000000000000000000000000000000000D0
:1000300000000000000000000000000000000000C0
:1000400000000000000000000000000000000000B0
:1000500000000000000000000000000000000000A0
:100060000000000000000000000000000000000090
:100070000000000000000000000000000000000080
:100080000000000000000000000000000000000070
:100090000000000000000000000000000000000060
:1000A0000000000000000000000000000000000050
:1000B0000000000000000000000000000000000040
:1000C0000000000000000000000000000000000030
:1000D0000000000000000000000000000000000020
:1000E0000000000000000000000000000000000010
:1000F0000000000000000000000000000000000000
:1001000000000000000000000000000000000000EF
:1001100000000000000000000000000000000000DF
:1001200000000000000000000000000000000000CF
:1001300000000000000000000000000000000000BF
:1001400000000000000000000000000000000000AF
:10015000000000000000000000000000000000009F
:10016000000000000000000000000000000000008F
:10017000000000000000000000000000000000007F
:10018000000000000000000000000000000000006F
:10019000000000000000000000000000000000005F
:1001A000000000000000000000000000000000004F
:1001B000000000000000000000000000000000003F
:1001C000000000000000000000000000000000002F
:1001D000000000000000000000000000000000001F
:1001E000000000000000000000000000000000000F
:1001F00000000000000000000000000000000000FF
:1002000000000000000000000000000000000000EE
:1002100000000000000000000000000000000000DE
:1002200000000000000000000000000000000000CE
:1002300000000000000000000000000000000000BE
:1002400000000000000000000000000000000000AE
:10025000000000000000000000000000000000009E
:10026000000000000000000000000000000000008E
:10027000000000000000000000000000000000007E
:10028000000000000000000000000000000000006E
:10029000000000000000000000000000000000005E
:1002A000000000000000000000000000000000004E
:1002B000000000000000000000000000000000003E
:1002C000000000000000000000000000000000002E
:1002D000000000000000000000000000000000001E
:1002E000000000000000000000000000000000000E
:1002F00000000000000000000000000000000000FE
:1003000000000000000000000000000000000000ED
:1003100000000000000000000000000000000000DD
:1003200000000000000000000000000000000000CD
:1003300000000000000000000000000000000000BD
:1003400000000000000000000000000000000000AD
:10035000000000000000000000000000000000009D
:10036000000000000000000000000000000000008D
:10037000000000000000000000000000000000007D
:10038000000000000000000000000000000000006D
:10039000000000000000000000000000000000005D
:1003A000000000000000000000000000000000004D
:1003B000000000000000000000000000000000003D
:1003C000000000000000000000000000000000002D
:1003D000000000000000000000000000000000001D
:1003E000000000000000000000000000000000000D
:1003F00000000000000000000000000000000000FD
:02000002C0003C
:1000000000000000000000000000000000000000F0
:1000100000000000000000000000000000000000E0
:1000200000000000000000000000000000000000D0
:1000300000000000000000000000000000000000C0
:1000400000000000000000000000000000000000B0
:1000500000000000000000000000000000000000A0
:100060000000000000000000000000000000000090
:100070000000000000000000000000000000000080
:100080000000000000000000000000000000000070
:100090000000000000000000000000000000000060
:1000A0000000000000000000000000000000000050
:1000B0000000000000000000000000000000000040
:1000C0000000000000000000000000000000000030
:1000D0000000000000000000000000000000000020
:1000E0000000000000000000000000000000000010
:1000F0000000000000000000000000000000000000
:1001000000000000000000000000000000000000EF
:1001100000000000000000000000000000000000DF
:1001200000000000000000000000000000000000CF
:1001300000000000000000000000000000000000BF
:1001400000000000000000000000000000000000AF
:10015000000000000000000000000000000000009F
:10016000000000000000000000000000000000008F
:10017000000000000000000000000000000000007F
:10018000000000000000000000000000000000006F
:10019000000000000000000000000000000000005F
:1001A000000000000000000000000000000000004F
:1001B000000000000000000000000000000000003F
:1001C000000000000000000000000000000000002F
:1001D000000000000000000000000000000000001F
:1001E000000000000000000000000000000000000F
:1001F00000000000000000000000000000000000FF
:1002000000000000000000000000000000000000EE
:1002100000000000000000000000000000000000DE
:1002200000000000000000000000000000000000CE
:1002300000000000000000000000000000000000BE
:1002400000000000000000000000000000000000AE
:10025000000000000000000000000000000000009E
:10026000000000000000000000000000000000008E
:10027000000000000000000000000000000000007E
:10028000000000000000000000000000000000006E
:10029000000000000000000000000000000000005E
:1002A000000000000000000000000000000000004E
:1002B000000000000000000000000000000000003E
:1002C000000000000000000000000000000000002E
:1002D000000000000000000000000000000000001E
:1002E000000000000000000000000000000000000E
:1002F00000000000000000000000000000000000FE
:1003000000000000000000000000000000000000ED
:1003100000000000000000000000000000000000DD
:1003200000000000000000000000000000000000CD
:1003300000000000000000000000000000000000BD
:1003400000000000000000000000000000000000AD
:10035000000000000000000000000000000000009D
:10036000000000000000000000000000000000008D
:10037000000000000000000000000000000000007D
:10038000000000000000000000000000000000006D
:10039000000000000000000000000000000000005D
:1003A000000000000000000000000000000000004D
:1003B000000000000000000000000000000000003D
:1003C000000000000000000000000000000000002D
:1003D000000000000000000000000000000000001D
:1003E000000000000000000000000000000000000D
:1003F00000000000000000000000000000000000FD
:02000002C040FC
:1000000000000000000000000000000000000000F0
:1000100000000000000000000000000000000000E0
:1000200000000000000000000000000000000000D0
:1000300000000000000000000000000000000000C0
:1000400000000000000000000000000000000000B0
:1000500000000000000000000000000000000000A0
:100060000000000000000000000000000000000090
:100070000000000000000000000000000000000080
:100080000000000000000000000000000000000070
:100090000000000000000000000000000000000060
:1000A0000000000000000000000000000000000050
:1000B0000000000000000000000000000000000040
:1000C0000000000000000000000000000000000030
:1000D0000000000000000000000000000000000020
:1000E0000000000000000000000000000000000010
:1000F0000000000000000000000000000000000000
:1001000000000000000000000000000000000000EF
:1001100000000000000000000000000000000000DF
:1001200000000000000000000000000000000000CF
:1001300000000000000000000000000000000000BF
:1001400000000000000000000000000000000000AF
:10015000000000000000000000000000000000009F
:10016000000000000000000000000000000000008F
:10017000000000000000000000000000000000007F
:10018000000000000000000000000000000000006F
:10019000000000000000000000000000000000005F
:1001A000000000000000000000000000000000004F
:1001B000000000000000000000000000000000003F
:1001C000000000000000000000000000000000002F
:1001D000000000000000000000000000000000001F
:1001E000000000000000000000000000000000000F
:1001F00000000000000000000000000000000000FF
:1002000000000000000000000000000000000000EE
:1002100000000000000000000000000000000000DE
:1002200000000000000000000000000000000000CE
:1002300000000000000000000000000000000000BE
:1002400000000000000000000000000000000000AE
:10025000000000000000000000000000000000009E
:10026000000000000000000000000000000000008E
:10027000000000000000000000000000000000007E
:10028000000000000000000000000000000000006E
:10029000000000000000000000000000000000005E
:1002A000000000000000000000000000000000004E
:1002B000000000000000000000000000000000003E
:1002C000000000000000000000000000000000002E
:1002D000000000000000000000000000000000001E
:1002E000000000000000000000000000000000000E
:1002F00000000000000000000000000000000000FE
:1003000000000000000000000000000000000000ED
:1003100000000000000000000000000000000000DD
:1003200000000000000000000000000000000000CD
:1003300000000000000000000000000000000000BD
:1003400000000000000000000000000000000000AD
:10035000000000000000000000000000000000009D
:10036000000000000000000000000000000000008D
:10037000000000000000000000000000000000007D
:10038000000000000000000000000000000000006D
:10039000000000000000000000000000000000005D
:1003A000000000000000000000000000000000004D
:1003B000000000000000000000000000000000003D
:1003C000000000000000000000000000000000002D
:1003D000000000000000000000000000000000001D
:1003E000000000000000000000000000000000000D
:1003F00000000000000000000000000000000000FD
:02000002C080BC
:1000000000000000000000000000000000000000F0
:1000100000000000000000000000000000000000E0
:1000200000000000000000000000000000000000D0
:1000300000000000000000000000000000000000C0
:1000400000000000000000000000000000000000B0
:1000500000000000000000000000000000000000A0
:100060000000000000000000000000000000000090
:100070000000000000000000000000000000000080
:100080000000000000000000000000000000000070
:100090000000000000000000000000000000000060
:1000A0000000000000000000000000000000000050
:1000B0000000000000000000000000000000000040
:1000C0000000000000000000000000000000000030
:1000D0000000000000000000000000000000000020
:1000E0000000000000000000000000000000000010
:1000F0000000000000000000000000000000000000
:1001000000000000000000000000000000000000EF
:1001100000000000000000000000000000000000DF
:1001200000000000000000000000000000000000CF
:1001300000000000000000000000000000000000BF
:1001400000000000000000000000000000000000AF
:10015000000000000000000000000000000000009F
:10016000000000000000000000000000000000008F
:10017000000000000000000000000000000000007F
:10018000000000000000000000000000000000006F
:10019000000000000000000000000000000000005F
:1001A000000000000000000000000000000000004F
:1001B000000000000000000000000000000000003F
:1001C000000000000000000000000000000000002F
:1001D000000000000000000000000000000000001F
:1001E000000000000000000000000000000000000F
:1001F00000000000000000000000000000000000FF
:1002000000000000000000000000000000000000EE
:1002100000000000000000000000000000000000DE
:1002200000000000000000000000000000000000CE
:1002300000000000000000000000000000000000BE
:1002400000000000000000000000000000000000AE
:10025000000000000000000000000000000000009E
:10026000000000000000000000000000000000008E
:10027000000000000000000000000000000000007E
:10028000000000000000000000000000000000006E
:10029000000000000000000000000000000000005E
:1002A000000000000000000000000000000000004E
:1002B000000000000000000000000000000000003E
:1002C000000000000000000000000000000000002E
:1002D000000000000000000000000000000000001E
:1002E000000000000000000000000000000000000E
:1002F00000000000000000000000000000000000FE
:1003000000000000000000000000000000000000ED
:1003100000000000000000000000000000000000DD
:1003200000000000000000000000000000000000CD
:1003300000000000000000000000000000000000BD
:1003400000000000000000000000000000000000AD
:10035000000000000000000000000000000000009D
:10036000000000000000000000000000000000008D
:10037000000000000000000000000000000000007D
:10038000000000000000000000000000000000006D
:10039000000000000000000000000000000000005D
:1003A000000000000000000000000000000000004D
:1003B000000000000000000000000000000000003D
:1003C000000000000000000000000000000000002D
:1003D000000000000000000000000000000000001D
:1003E000000000000000000000000000000000000D
:1003F00000000000000000000000000000000000FD
:02000002C0C07C
:1000000000000000000000000000000000000000F0
:1000100000000000000000000000000000000000E0
:1000200000000000000000000000000000000000D0
:1000300000000000000000000000000000000000C0
:1000400000000000000000000000000000000000B0
:1000500000000000000000000000000000000000A0
:100060000000000000000000000000000000000090
:100070000000000000000000000000000000000080
:100080000000000000000000000000000000000070
:100090000000000000000000000000000000000060
:1000A0000000000000000000000000000000000050
:1000B0000000000000000000000000000000000040
:1000C0000000000000000000000000000000000030
:1000D0000000000000000000000000000000000020
:1000E0000000000000000000000000000000000010
:1000F0000000000000000000000000000000000000
:1001000000000000000000000000000000000000EF
:1001100000000000000000000000000000000000DF
:1001200000000000000000000000000000000000CF
:1001300000000000000000000000000000000000BF
:1001400000000000000000000000000000000000AF
:10015000000000000000000000000000000000009F
:10016000000000000000000000000000000000008F
:10017000000000000000000000000000000000007F
:10018000000000000000000000000000000000006F
:10019000000000000000000000000000000000005F
:1001A000000000000000000000000000000000004F
:1001B000000000000000000000000000000000003F
:1001C000000000000000000000000000000000002F
:1001D000000000000000000000000000000000001F
:1001E000000000000000000000000000000000000F
:1001F00000000000000000000000000000000000FF
:1002000000000000000000000000000000000000EE
:1002100000000000000000000000000000000000DE
:1002200000000000000000000000000000000000CE
:1002300000000000000000000000000000000000BE
:1002400000000000000000000000000000000000AE
:10025000000000000000000000000000000000009E
:10026000000000000000000000000000000000008E
:10027000000000000000000000000000000000007E
:10028000000000000000000000000000000000006E
:10029000000000000000000000000000000000005E
:1002A000000000000000000000000000000000004E
:1002B000000000000000000000000000000000003E
:1002C000000000000000000000000000000000002E
:1002D000000000000000000000000000000000001E
:1002E000000000000000000000000000000000000E
:1002F00000000000000000000000000000000000FE
:1003000000000000000000000000000000000000ED
:1003100000000000000000000000000000000000DD
:1003200000000000000000000000000000000000CD
:1003300000000000000000000000000000000000BD
:1003400000000000000000000000000000000000AD
:10035000000000000000000000000000000000009D
:10036000000000000000000000000000000000008D
:10037000000000000000000000000000000000007D
:10038000000000000000000000000000000000006D
:10039000000000000000000000000000000000005D
:1003A000000000000000000000000000000000004D
:1003B000000000000000000000000000000000003D
:1003C000000000000000000000000000000000002D
:1003D000000000000000000000000000000000001D
:1003E000000000000000000000000000000000000D
:1003F00000000000000000000000000000000000FD
:02000002C1003B
:1000000000000000000000000000000000000000F0
:1000100000000000000000000000000000000000E0
:1000200000000000000000000000000000000000D0
:1000300000000000000000000000000000000000C0
:1000400000000000000000000000000000000000B0
:1000500000000000000000000000000000000000A0
:100060000000000000000000000000000000000090
:100070000000000000000000000000000000000080
:100080000000000000000000000000000000000070
:100090000000000000000000000000000000000060
:1000A0000000000000000000000000000000000050
:1000B0000000000000000000000000000000000040
:1000C0000000000000000000000000000000000030
:1000D0000000000000000000000000000000000020
:1000E0000000000000000000000000000000000010
:1000F0000000000000000000000000000000000000
:1001000000000000000000000000000000000000EF
:1001100000000000000000000000000000000000DF
:1001200000000000000000000000000000000000CF
:1001300000000000000000000000000000000000BF
:1001400000000000000000000000000000000000AF
:10015000000000000000000000000000000000009F
:10016000000000000000000000000000000000008F
:10017000000000000000000000000000000000007F
:10018000000000000000000000000000000000006F
:10019000000000000000000000000000000000005F
:1001A000000000000000000000000000000000004F
:1001B000000000000000000000000000000000003F
:1001C000000000000000000000000000000000002F
:1001D000000000000000000000000000000000001F
:1001E000000000000000000000000000000000000F
:1001F00000000000000000000000000000000000FF
:1002000000000000000000000000000000000000EE
:1002100000000000000000000000000000000000DE
:1002200000000000000000000000000000000000CE
:1002300000000000000000000000000000000000BE
:1002400000000000000000000000000000000000AE
:10025000000000000000000000000000000000009E
:10026000000000000000000000000000000000008E
:10027000000000000000000000000000000000007E
:10028000000000000000000000000000000000006E
:10029000000000000000000000000000000000005E
:1002A000000000000000000000000000000000004E
:1002B000000000000000000000000000000000003E
:1002C000000000000000000000000000000000002E
:1002D000000000000000000000000000000000001E
:1002E000000000000000000000000000000000000E
:1002F00000000000000000000000000000000000FE
:1003000000000000000000000000000000000000ED
:1003100000000000000000000000000000000000DD
:1003200000000000000000000000000000000000CD
:1003300000000000000000000000000000000000BD
:1003400000000000000000000000000000000000AD
:10035000000000000000000000000000000000009D
:10036000000000000000000000000000000000008D
:10037000000000000000000000000000000000007D
:10038000000000000000000000000000000000006D
:10039000000000000000000000000000000000005D
:1003A000000000000000000000000000000000004D
:1003B000000000000000000000000000000000003D
:1003C000000000000000000000000000000000002D
:1003D000000000000000000000000000000000001D
:1003E000000000000000000000000000000000000D
:1003F00000000000000000000000000000000000FD
:02000002C140FB
:1000000000000000000000000000000000000000F0
:1000100000000000000000000000000000000000E0
:1000200000000000000000000000000000000000D0
:1000300000000000000000000000000000000000C0
:1000400000000000000000000000000000000000B0
:1000500000000000000000000000000000000000A0
:100060000000000000000000000000000000000090
:100070000000000000000000000000000000000080
:100080000000000000000000000000000000000070
:100090000000000000000000000000000000000060
:1000A0000000000000000000000000000000000050
:1000B0000000000000000000000000000000000040
:1000C0000000000000000000000000000000000030
:1000D0000000000000000000000000000000000020
:1000E0000000000000000000000000000000000010
:1000F000558BECB808009A1E0008D75756B8600018
:10010000502BC050B8E434509AE20908D783C40693
:10011000B89003509A270508D783C402A3523589A3
:10012000165435B8CDB3509A270508D783C402A317
:100130004A3589164C35B8810B509A270508D78364
:10014000C402A3463589164835B8BF20509A270502
:1001500008D783C402A37A2D89167C2DB8CA005013
:100160009A270508D783C402A3822D8916842DB847
:100170005E08509A270508D783C402A37E2D8916EE
:10018000802DB82403509A270508D783C402A3748E
:100190002D8916762DA154350B0652357435A14C98
:1001A000350B064A35742CA148350B0646357423A9
:1001B000A17C2D0B067A2D741AA1842D0B06822D9D
:1001C0007411A1802D0B067E2D74088BC20B067452
:1001D0002D75132BC05050B847041E509A0C003692
:1001E000D183C408EBFEA14A358B164C35A3FA34F3
:1001F0008916FC34A146358B164835A30635891679
:100200000835A17A2D8B167C2DA30A3589160C355D
:10021000A1822D8B16842DA30E3589161035A17E53
:100220002D8B16802DA3FE3489160035A1742D8BDD
:1002300016762DA3023589160435B85703502BC006
:10024000508B0E52358B165435890EF6348916F8BC
:100250003452519A7C0C08D783C408B8E8B2502BAA
:10026000C050FF364C35FF364A359A7C0C08D78390
:10027000C408B8220B502BC050FF364835FF364615
:10028000359A7C0C08D783C408B86C20502BC0501A
:10029000FF367C2DFF367A2D9A7C0C08D783C40854
:1002A000B8C800502BC050FF36842DFF36822D9ADF
:1002B0007C0C08D783C408B83408502BC050FF36D4
:1002C000802DFF367E2D9A7C0C08D783C408B82079
:1002D00003502BC050FF36762DFF36742D9A7C0CC0
:1002E00008D783C408C746FC0000B83900F76EFC85
:1002F0008BF0C41E523526C74006FFFFC41E523580
:1003000026C7400CFFFFC41E523526C74004080014
:10031000FF46FC837EFC0F7CD1C746FC00008E06A6
:100320004C35B8E500F76EFC8BF08B1E4A3526C7BE
:100330004009FFFFFF46FC817EFCC8007CE4C74605
:10034000FC00008E064835B85F00F76EFC8BD88B3A
:1003500036463526C700FFFFFF46FC837EFC1E7C29
:10036000E6C746FC00008E067C2DB85300F76EFCF5
:100370008BD88B367A2D26C700FFFFFF46FC837E85
:10038000FC647CE6C746FC00008E06842D8B5EFC78
:10039000D1E38B36822D26C700FFFFFF46FC837E0C
:1003A000FC647CE9C746FC0000B82A00F76EFC8BB1
:1003B000D8C4367E2D26C700FFFFC41E7E2D8BF0CD
:1003C00026C74002FFFFFF46FC837EFC327CDAC773
:1003D00046FC00008E06762D8B5EFCD1E3D1E38BCC
:1003E00036742D26C700FFFFFF46FC817EFCC80047
:1003F0007CE6B850351E502AC951BA6C041E529A78
:02000002C180BB
:1000000000008FD983C40AB8640050B8E80350FFD9
:100010003650359AA8013DD283C4062AC050FF3617
:1000200050359AFE023DD283C4042AC0509A9001F2
:10003000A1D983C4022AC0509A2003A1D983C40243
:100040002BC0509AB002A1D983C402B01E509A505E
:1000500001A1D983C4029A2000A1D9B01050509AAE
:10006000D001A1D983C404B03F509AD002A1D98352
:10007000C402B002509A4001A1D983C402B86E00F4
:1000800050B8F401509AA002A1D983C404B83C002E
:10009000509A3003A1D983C402B01450B009509AC9
:1000A0008001A1D983C4049A1003A1D92AE4A372C0
:1000B0002D8D46FE16508D4EFA16519A6001A1D92B
:1000C00083C4088A46FA98A3E2348A46FE98A3704D
:1000D0002D3D14007E06C706702D1400C706303271
:1000E0000700833EE23404751BB80100A33432A339
:1000F0004E35B80300A3DE34A3782DC7062E300298
:1001000000EB5190833EE234087521C70634320279
:1001100000C706DE340400C7064E350100C7067866
:100120002D0600C7062E300300EB2990833EE234F3
:10013000107521C70634320200C7064E350100B8DB
:100140000E00A3DE34A3782DC7062E300300C706A9
:1001500030320F00A1702DF72EE234D1E0A34435E8
:100160009A5E03B6D19A625821C50BC07D4FC7066F
:10017000E4340100B8120050B8700450B812355081
:100180009AB60908D783C406B8080050B87B045053
:10019000B82535509AB60908D783C406B82E358BD2
:1001A000F8BECA051E07B90600F3A5C7064035E824
:1001B00003C70642356400C7063A353C009AFC0A7C
:1001C000A1D2833EE23404750B2BC050501EFF3683
:1001D0007A06EB22833EE23408750B2BC050501E8A
:1001E000FF367806EB10833EE2341075112BC050B9
:1001F000501EFF3676069A0C0036D183C4089A0842
:1002000000A4C1FF3650359A640F37D083C402FF73
:100210003650359A30008FD983C402B01450B008DC
:10022000509A8001A1D983C404B007509AD000A18C
:10023000D983C4022AC050509A7000A1D983C40443
:100240002BC05E5F8BE55DCB558BECB85C009A1ED6
:100250000008D7562BC08946A88946A48946AC2BEE
:10026000C0508D46AE509A0A00E5D383C404894637
:10027000FE837EAC0175038946A88BF0D1E6D1E6FA
:10028000C742AEA0068C5AB0FF46FE8B76FED1E682
:10029000D1E6C742AEB2068C5AB0C746AC00008D5C
:1002A00046A4508D46A8508B46FE408946FE50B865
:1002B000C30650B81235508D46AE509A0A008ED102
:1002C00083C40C8946A63DC5FF74943DC1FF748F5D
:1002D000C746AA00003DFFFF7510C746A60D00A146
:1002E000E8348946A8C746AA0100837EA60D740398
:1002F000E96CFFA1E8343946A87D0D8B46A8A3E63A
:10030000340EE85500E957FF3946A8753B837EAAAD
:100310000075299AFE09A1D28946A60BC07D03E982
:100320003DFF0BC07516FF36BC0550B8D1061E50F8
:100330009A0C0036D183C408E924FF900EE89E038E
:10034000C746AC0100E917FF2B46A8407403E90E2D
:10035000FF9AB809A1D2E906FF90558BECB8360098
:100360009A1E0008D72BC08946CE8946CAC746D0F8
:10037000E3068C5ED2C746D4F0068C5ED6C746D85C
:10038000FA068C5EDAC746DC07078C5EDEC746E0FD
:1003900012078C5EE2B8130050B83900F72EE6342D
:1003A000030652358B1654358946FC8956FE050ED8
:1003B0000052508D46E416509A060C08D783C40AA2
:1003C000EB563DC1FF74793D0D00754C837ECE0424
:1003D000746E8B46CE0BC0740D48742C48742F4835
:1003E0007432EB3490902BC0C45EFC2689072689BA
:1003F00047082689470A50B8E434509A060042CC90
:02000002C1C07B
:1000000083C4048946CCEB100EE83A00EB0A0EE8F4
:100010007C00EB040EE842018D46CA508D46CE505E
:10002000B8050050FF3680048D46E4508D46D05010
:100030009A0A008ED183C40C8946CC3DC5FF7582D7
:100040008BE55DCB9090558BECB802009A1E0008B2
:10005000D756B83900F72EE6348BF0C41E52352639
:100060008B400C0BC07D19FF36BC052BC050B81758
:10007000071E509A0C0036D183C4085E8BE55DCB19
:10008000509A00001EC383C4025E8BE55DCB558B86
:10009000ECB896009A1E0008D7562BC0898670FFD0
:1000A00089866AFF8D8672FF50FF36E6349AD60045
:1000B000E5D383C4048946FE8BF0D1E6D1E6C7823E
:1000C00072FF27078C9A74FF8B46FE408946FE3DDF
:1000D00002007D1AFF36BC052BC050B82C071E50FD
:1000E0009A0C0036D183C4085E8BE55DCB908D867B
:1000F0006AFF508D8670FF50FF76FEFF368004B891
:100100004B07508D8672FF509A0A008ED183C40C23
:1001100089866CFF3DC5FF743B3DC1FF74363D0DC4
:100120000075CB8B46FE2B8670FF4874278BB6700C
:10013000FFD1E6D1E6FFB274FFFFB272FF9AC206AA
:10014000E5D383C40489866EFF509A780B1EC3835F
:10015000C402EB9A5E8BE55DCB90558BECB8BE008C
:100160009A1E0008D7562BC089864AFF898642FF0F
:10017000A1E634898646FFB93900F7E9030652350E
:100180008B1654358946F68956F88EC28BD8268B45
:10019000470C898648FFB95F00F7E9030646358BAF
:1001A0001648358946FC8956FE833EF034017D1A97
:1001B000FF36BC052BC050B858071E509A0C0036AD
:1001C000D183C4085E8BE55DCB908D864CFF50FFDC
:1001D00036E6349AD600E5D383C4048946FA8BF018
:1001E000D1E6D1E6C7824CFF68078C9A4EFF8B465A
:1001F000FA408946FA3D02007D2FFF36BC052BC030
:1002000050B86D07EBB42BC050FF367C04FFB648E6
:10021000FF9A241F1EC383C406898644FF487509BC
:10022000C45EFC26C7475D00008D8642FF508D8668
:100230004AFF50FF76FAFF368004B88A07508D8651
:100240004CFF509A0A008ED183C40C898644FF3D2E
:10025000C5FF7503E981003DC1FF747C3D0D00754C
:10026000C88B46FA2B864AFF48746D8BB64AFFD17D
:10027000E6D1E6FFB24EFFFFB24CFF9AC206E5D3CD
:1002800083C404898648FFB85F00F7AE48FF0306C1
:1002900046358B16483540405250B89507508D462C
:1002A000D8509A520608D783C4082BC0508D4ED818
:1002B000519A100A08D783C4040BC07C03E946FF97
:1002C000FF36BC052BC050B89D071E509A0C003657
:1002D000D183C408E952FF905E8BE55DCB90558BCE
:1002E000ECB820009A1E0008D72BC08946E8894642
:1002F000E28946EAC746ECAD078C5EEEC746F0C021
:10030000078C5EF2C746F4D0078C5EF6C746F8DE6F
:10031000078C5EFAC746FCEF078C5EFEEB3A3DC1E8
:10032000FF745D3D0D007530837EE80474528B468A
:10033000E80BC0740B48740E487411487416EB181F
:100340000EE8AA08EB120EE85C00EB0C9A7E4A213C
:10035000C5EB05900EE85A108D46E2508D46E850E8
:10036000B8050050FF368004B8F407508D46EC50B5
:100370009A0A008ED183C40C8946E03DC5FF759E64
:100380008D46E6508D46E4502BC050B802081E50F2
:100390009A9A0236D183C40A9A145621C59A6E05D8
:1003A00036D18BE55DCB558BECB8B2009A1E0008B8
:1003B000D7562BC08946FA89866CFF89866AFF2B3F
:1003C000C0508D866EFF509A6002E5D383C40489C5
:1003D00046FE50B92208518D8E4EFF519A520608A2
:1003E000D783C4068B76FED1E6D1E6C7826EFF3690
:1003F000088C9A70FFC78272FF3F088C9A74FF8B3B
:02000002C2003A
:1000000046FE40408946FEC78668FF0D00837EFAA3
:100010000174278D866AFF508D866CFF50FF76FE37
:100020008D864EFF50B84408508D866EFF509A0A58
:10003000008ED183C40C898668FFC746FA0000830E
:10004000BE68FFB37536A1F034483B866CFF7F0372
:10005000E96CFF8B866CFF4050FFB66CFF9A1C105A
:1000600090D483C404FF866CFFB8640050B8DC05EC
:10007000509A6401A1D283C404E943FF83BE68FFA0
:10008000B5752F83BE6CFF007F03E932FFA1F0340A
:1000900039866CFF7C03E926FF8B866CFF4850FF96
:1000A000B66CFF9A1C1090D483C404FF8E6CFFEBD7
:1000B000B89083BE68FF1B7403E99E0083BE6CFF8B
:1000C000007D03E99400A1F03439866CFF7C03E9DC
:1000D0008800FFB66CFF9A04005DD383C4024875A4
:1000E0000DFF36BC052BC050B85408EB5F902BC0F9
:1000F000508D46FC50B99608519A2C0136D183C4D4
:1001000006898668FF3DC1FF7503E9B2FE807EFC6B
:100110004E7503E9A9FE2BC050B8E80350B8B708E4
:100120001E509A0C0036D183C408898668FF3D1B97
:10013000007403E989FEFFB66CFF9AA20690D4838F
:10014000C402FF36C0052BC050B8F0081E509A0CF0
:100150000036D183C408E966FE9083BE68FFC5748B
:100160002783BE68FFC1742083BE68FF0D7403E956
:100170004DFE8B46FE2B866CFF48740CFF36BC058B
:100180002BC050B8FE08EBC45E8BE55DCB90558B61
:10019000ECB844009A1E0008D72BC08946DA89467D
:1001A000BCC746DC25098C5EDEC746E031098C5EA3
:1001B000E2C746E43C098C5EE6C746E84B098C5E24
:1001C000EAB85F00F76E06030646358B16483540E1
:1001D000405250B85009508D46EC509A520608D7FC
:1001E00083C4082BC0508D4EEC519A100A08D78357
:1001F000C4040BC07520FF36BC0550B858091E500A
:100200009A0C0036D183C4088BE55DCBFF76060ED1
:10021000E88F0083C402B85F00F76E060306463518
:100220008B16483540405250B87C09508D46C0501E
:100230009A520608D783C4088D46BC508D46DA50C2
:10024000B8040050FF3680048D46C0508D46DC5007
:100250009A0A008ED183C40C8946BE3DC5FF743610
:100260003DC1FF74313D0D0075AC837EDA03742609
:100270008B46DA0BC0749548740648740DEB979062
:10028000FF76060EE8CF02EB8A90FF76069A6A3474
:1002900021C5E97EFF90FF76069A420BA1D28BE53D
:1002A0005DCB558BECB8DE019A1E0008D7562BC0EB
:1002B0008946F889865CFE898640FE2BC0508D8673
:1002C0005EFE50FF76069AB602E5D383C4068946E1
:1002D000FE89863CFE50B98509518D8E22FE519AC9
:1002E000520608D783C4068B76FED1E6D1E6C782D4
:1002F0005EFE9A098C9A60FEC78262FEA4098C9AFF
:1003000064FE8B46FE40408946FEC7863EFE0D00D9
:10031000837EF801744BB85F00F76E06030646351E
:100320008B16483540405250B8A909508D8642FE80
:10033000509A520608D783C4088D8640FE508D8699
:100340005CFE50FF76FE8D8622FE508D8642FE506A
:100350008D865EFE509A0A008ED183C40C89863E3B
:10036000FEC746F800008BB65CFED1E6D1E6FFB2D0
:1003700060FEFFB25EFEFF76069A2A07E5D383C4CD
:10038000068946F683BE3EFEB3754D8B863CFE481D
:100390003B865CFE7F03E922FF8BB65CFED1E6D193
:1003A000E6FFB264FEFFB262FEFF76069A2A07E518
:1003B000D383C40650FF76F69A621190D483C404A6
:1003C000FF865CFEB8640050B8DC05509A6401A159
:1003D000D283C404E9E4FE9083BE3EFEB575438338
:1003E000BE5CFE007F03E9D2FE8B865CFE39863C54
:1003F000FE7F03E9C5FE8BF0D1E6D1E6FFB25CFEDD
:02000002C240FA
:10000000FFB25AFEFF76069A2A07E5D383C406504C
:10001000FF76F69A621190D483C404FF8E5CFEEBE7
:10002000A39083BE3EFE1B7403E9B00083BE5CFE5A
:10003000007D03E9A6008B865CFE39863CFE7F03CB
:10004000E99900FF76F69AAA005DD383C402894637
:10005000FA0BC07E27487518FF36BC052BC050B878
:10006000B4091E509A0C0036D183C408E94CFE90A6
:10007000FF36BC052BC050B8F209EBE62BC0508D03
:1000800046FC50B9350A519A2C0136D183C40689F1
:10009000863EFE3DC1FF7503E920FE807EFC4E7565
:1000A00003E917FE2BC050B8E80350B8570A1E509A
:1000B0009A0C0036D183C40889863EFE3D1B00742D
:1000C00003E9F7FDFF76F69A780890D483C402FF1F
:1000D00036C0052BC050B8910AEB879083BE3EFE18
:1000E000C5746D83BE3EFEC1746683BE3EFE0D7454
:1000F00003E9C7FD8B46FE2B865CFE4874528B8657
:100100005CFE39863CFE7E268BF0D1E6D1E6FFB25E
:1001100060FEFFB25EFEFF76069A2A07E5D383C42F
:100120000650FF76069AD03A21C5E9A4FE90B8FFA2
:10013000FF50FF76069AD03A21C583C40489863ED3
:10014000FE0BC07D03E973FDFF865CFEE96CFD904C
:100150005E8BE55DCB90558BECB8DE019A1E0008F6
:10016000D756C7863CFEFFFF2BC08946FA898660BA
:10017000FE898640FE508D8662FE50FF76069AB656
:1001800002E5D383C4068946FE3D01007C03E9A550
:1001900000FF36BC052BC050B8A00A1E509A0C00B8
:1001A00036D183C4085E8BE55DCB83BE3EFEB5755C
:1001B0003F83BE60FE007E7E8B8660FE398642FEF7
:1001C0007E748BF0D1E6D1E6FFB260FEFFB25EFE38
:1001D000FF76069ADE07E5D383C40650FFB65EFEBF
:1001E0009A5A1290D483C404FF8E60FEE9550190A0
:1001F00083BE3EFE1B7403E9A20183BE60FE007D48
:1002000003E998018B8660FE398642FE7F03E98B05
:10021000012BC0508D46FC50B9ED0A519A2C013685
:10022000D183C40689863EFE3DC1FF7409807EFCF1
:100230004E7403E922012BC0508D8662FE50FF767A
:10024000069A8005E5D383C4068946FE898642FE68
:1002500050B9BE0A518D8E22FE519A520608D7839C
:10026000C4068B76FED1E6D1E6C78262FED20A8C46
:100270009A64FEC78266FEDE0A8C9A68FE8B46FE92
:1002800040408946FEC7863EFE0D00837EFA01741B
:100290004BB85F00F76E06030646358B16483540AF
:1002A000405250B8E30A508D8644FE509A520608D8
:1002B000D783C4088D8640FE508D8660FE50FF7641
:1002C000FE8D8622FE508D8644FE508D8662FE5045
:1002D0009A0A008ED183C40C89863EFEC746FA0076
:1002E000008BB660FED1E6D1E6FFB264FEFFB262DB
:1002F000FEFF76069ADE07E5D383C40689865EFE96
:1003000083BE3EFEB37403E9A0FE8B8642FE483BEB
:100310008660FE7F03E91EFF8BB660FED1E6D1E664
:10032000FFB268FEFFB266FEFF76069ADE07E5D3EF
:1003300083C40650FFB65EFE9A5A1290D483C4045A
:10034000FF8660FEB8640050B8DC05509A6401A1D5
:10035000D283C404E9DFFE902BC050B8E80350B844
:10036000110B1E509A0C0036D183C40889863EFEBC
:100370003D1B007403E9BEFEFFB65EFE9A9609902F
:10038000D483C402FF36C0052BC050B84D0B1E509D
:100390009A0C0036D183C408E99BFE9083BE3EFED2
:1003A000C5744583BE3EFEC1743E83BE3EFE0D74E1
:1003B00003E982FE8B46FE2B8660FE48742A8B86FC
:1003C00060FE398642FE7E03E96BFEFF76069AD018
:1003D0004621C583C40289863EFE0BC07D03E955D4
:1003E000FEFF8660FEE94EFE5E8BE55DCB90558B91
:1003F000ECB8D0009A1E0008D7562BC08946B489A5
:02000002C280BA
:10000000864AFF2BC0508D46B6509A0A00E5D3832E
:10001000C4048946FC50B95E0B518D8E30FF519A55
:10002000520608D783C4068B76FCD1E6D1E6C742D8
:10003000B6710B8C5AB8C742BA810B8C5ABC8B462E
:10004000FC40408946FCC7864CFF0D00837EFA01C8
:1000500074258D864AFF508D46B450FF76FC8D8600
:1000600030FF50B8860B508D46B6509A0A008ED19C
:1000700083C40C89864CFFC746FA000083BE4CFF40
:10008000B37533A1E834483B46B47F03E974FF8B72
:1000900046B44050FF76B49A640F90D483C404FFF2
:1000A00046B4B8640050B8DC05509A6401A1D2830C
:1000B000C404E94EFF9083BE4CFFB57527837EB420
:1000C000007F03E93DFF8B46B43906E8347F03E93E
:1000D00031FF4850FF76B49A640F90D483C404FF74
:1000E0004EB4EBBE83BE4CFF1B7403E91C01837E40
:1000F000B4007D03E913018B46B43906E8347F036D
:10010000E907012BC0508D46FE50B9990B519A2C2E
:100110000136D183C40689864CFF3DC1FF7503E9D2
:10012000E1FE807EFE4E7503E9D8FE2BC050B8E894
:100130000350B8C10B1E509A0C0036D183C40889F5
:10014000864CFF3D1B007403E9B8FEB83900F76E1A
:10015000B48BF0C41E5235268B400C89864EFFFFAF
:1001600076B49AA20290D483C402FF36C0052BC095
:1001700050B9010C1E519A0C0036D183C40883BEBD
:100180004EFF007D03E97BFEFFB64EFF9A04005D43
:10019000D383C402487503E969FEB85F00F7AE4E29
:1001A000FF030646358B16483540405250B8160CB2
:1001B000508D8650FF509A520608D783C4082BC032
:1001C000508D46FE508D8E50FF519A2C0136D183B2
:1001D000C40689864CFF3DC1FF7503E925FE807E7C
:1001E000FE4E7503E91CFEFFB64EFF9AA20690D4A0
:1001F00083C402FF36C0052BC050B83C0C1E509A79
:100200000C0036D183C408E9F9FD83BE4CFFC574E8
:100210004F83BE4CFFC1744883BE4CFF0D7403E98D
:10022000E1FD8B46FC2B46B44874358B46B4390649
:10023000E8347E0AA3E6340EE82B00E9C5FDC706C4
:10024000E634FFFF9A682721C589864CFF0BC07DE5
:1002500003E9AFFD8946B4C746FA0100E9A4FD9061
:100260005E8BE55DCB90558BECB834009A1E000890
:10027000D72BC08946EA8946CCC746EC4A0C8C5E2F
:10028000EEC746F05D0C8C5EF2C746F46C0C8C5EDB
:10029000F6C746F87B0C8C5EFAC746FC8A0C8C5E6F
:1002A000FEEB56903DC1FF7503E99C003D0D0075C6
:1002B00048837EEA047503E98E008B46EA0BC0741E
:1002C0000B48741048741548742AEB2D9A06001BCD
:1002D000CFEB26909A122D21C5EB1E90FF36E63407
:1002E0009A9A025DD383C4020BC0740D9A283121FF
:1002F000C5EB06909A682721C5B83900F72EE63479
:10030000030652358B165435050E005250B88F0C2B
:10031000508D46D0509A520608D783C4088D46CCDB
:10032000508D46EA50B8050050FF3680048D46D007
:10033000508D46EC509A0A008ED183C40C8946CE6B
:100340003DC5FF7403E95CFF8BE55DCB558BECB8D5
:10035000FA009A1E0008D7562BC08946F8898626CF
:10036000FF898622FF833EF034017C03E9A600FF6B
:1003700036BC0550B9930C1E519A0C0036D183C47B
:10038000082BC05E8BE55DCB83BE20FFB575418336
:10039000BE26FF007E7F8B46FA398626FF7D768B50
:1003A000B626FFD1E6D1E6FFB226FFFFB224FFFF5B
:1003B00076069A4808E5D383C40650FFB624FF9A10
:1003C000981290D483C404FF8E26FFE92F019090E9
:1003D00083BE20FF1B7403E97A0183BE26FF007DE4
:1003E00003E970018B46FA398626FF7C03E9640134
:1003F0002BC0508D46FE50B9D60C519A2C0136D1E7
:02000002C2C07A
:1000000083C406898620FF3DC1FF7409807EFE4EB1
:100010007403E9FB002BC0508D8E28FF51FF76063C
:100020009A1003E5D383C4068946FC8946FA50B981
:10003000A30C518D8E06FF519A520608D783C40631
:100040008B76FCD1E6D1E6C78228FFB90C8C9A2AC0
:10005000FFC7822CFFC40C8C9A2EFF8B46FC4040BD
:100060008946FCC78620FF0D00837EF80075278D2A
:100070008622FF508D8626FF50FF76FC8D8606FF78
:1000800050B8C90C508D8628FF509A0A008ED18333
:10009000C40C898620FFC746F800008BB626FFD126
:1000A000E6D1E6FFB22AFFFFB228FFFF76069A48A4
:1000B00008E5D383C406898624FF83BE20FFB3747A
:1000C00003E9C4FE8B46FA483B8626FF7F03E944DA
:1000D000FF8BB626FFD1E6D1E6FFB22EFFFFB22C92
:1000E000FFFF76069A4808E5D383C40650FFB6247E
:1000F000FF9A981290D483C404FF8626FFB8640048
:1001000050B8DC05509A6401A1D283C404E905FF0C
:100110002BC050B8E80350B8F90C1E509A0C0036AA
:10012000D183C408898620FF3D1B007403E9E5FEE6
:10013000FFB624FF9A120A90D483C402FF36C0058A
:100140002BC050B8340D1E509A0C0036D183C40811
:10015000E9C2FE9083BE20FFC57503E923FE83BE7E
:1001600020FFC17503E919FE83BE20FF0D7403E96A
:10017000A3FE8B46FC2B8626FF487503E902FE8B07
:1001800046FA398626FF7D10FFB624FF9A7C40216F
:10019000C583C402E97EFE90FF76069AF84721C522
:1001A00083C402898620FF0BC07D03E967FE8B466E
:1001B000FA898626FFC746F80100E958FE90558B5C
:1001C000ECB850039A1E0008D7562BC08986D2FC83
:1001D0008986D0FCE95801903DC1FF7503E9CB0148
:1001E000FFB6D2FCFF76069A7A09E5D383C4048968
:1001F00086B0FC83BECEFCB375448B86CCFC483BFA
:1002000086D2FC7F03E927018B86D2FC4050FF7623
:10021000069A7A09E5D383C40450FFB6B0FC9A4825
:100220001390D483C404FF86D2FCB8640050B8DCB9
:1002300005509A6401A1D283C404E9F2009083BE00
:10024000CEFCB5753B83BED2FC007F03E9E0008B9A
:1002500086CCFC3986D2FC7C03E9D3008B86D2FCA9
:100260004850FF76069A7A09E5D383C40450FFB656
:10027000B0FC9A481390D483C404FF8ED2FCEBAA3E
:1002800083BECEFC1B757383BED2FC007C6CA1EEDA
:10029000343986D2FC7D632BC0508D46FE50B97E2A
:1002A0000D519A2C0136D183C4068986CEFC3DC1FE
:1002B000FF747C807EFE4E74762BC050B8E80350ED
:1002C000B8A80D1E509A0C0036D183C4088986CE7A
:1002D000FC3D1B007559FFB6B0FC9A0E0B90D48301
:1002E000C402FF36C0052BC050B8E30D1E509A0C57
:1002F0000036D183C408EB37909083BECEFC0D75D9
:100300002E8B46FC2B86D2FC487503E99D008B861C
:10031000CCFC3986D2FC7C17FF76069A444921C56D
:1003200083C4028986CEFC0BC07C04FF86D2FC2BE2
:10033000C0508D86D4FC50FF76069AFA05E5D3832B
:10034000C4068946FC8986CCFC50B9440D518D8E7B
:10035000B2FC519A520608D783C4068B76FCD1E6CC
:10036000D1E6C782D4FC5A0D8C9AD6FCC782D8FC41
:10037000650D8C9ADAFC8D86D0FC508D86D2FC50AF
:100380008B46FC40408946FC508D86B2FC50B86AD2
:100390000D508D86D4FC509A0A008ED183C40C89EE
:1003A00086CEFC3DC5FF7403E92DFE2BC05E8BE5B8
:1003B0005DCB558BECB816009A1E0008D72BC08970
:1003C00046EE8946EAC746F0F30D8C5EF2C746F466
:1003D000040E8C5EF6C746F8150E8C5EFAC746FC16
:1003E000240E8C5EFEEB34903DC1FF74563D0D0033
:1003F0007529837EEE03744B8B46EE0BC07409485F
:02000002C30039
:10000000740C487411EB14900EE83C00EB0D9A80D0
:100010005C21C5EB06909AC45121C58D46EA508DEE
:1000200046EE50B8040050FF368004B8290E508DBB
:1000300046F0509A0A008ED183C40C8946EC3DC527
:10004000FF75A58BE55DCB90558BECB84E009A1EE5
:100050000008D7562BC08946B68946B28946B88370
:100060003EE834017D18FF36BC0550B83A0E1E50EC
:100070009A0C0036D183C4085E8BE55DCB902BC013
:10008000508D46BA509A0A00E5D383C4048946FECF
:100090008BF0D1E6D1E6C742BA510E8C5ABC8B46E2
:1000A000FE408946FE8D46B2508D46B650FF76FE24
:1000B000FF368004B8560E508D46BA509A0A008E0C
:1000C000D183C40C8946B43DC5FF741E3DC1FF7485
:1000D000193D0D0075A88B46B63906E834740B50EF
:1000E0009A005B21C583C402EB945E8BE55DCB90E7
:1000F000558BECB818009A1E0008D75756A1E63465
:100100008946F0B93900F7E9030652358B165435A4
:100110008946FC8956FEC746E8670E8C5EEAC746EC
:10012000EC720E8C5EEE2BC9894EF8894EF2C746F2
:10013000F60300C746FA0400394E067D72B9010085
:1001400051B9700051B9810E512BC95151B90E00EE
:1001500051BB020053BE040056BF03005752509AD1
:10016000B005B6D183C416B8A2041E508D46F25015
:100170008D46F850B8020050B90E00515056578DB8
:1001800046E8509A080018CC83C4148946F43D0D03
:10019000007409B8FFFF5E5F8BE55DCB837EF800DE
:1001A0007508C746080200EB0690C7460806008B94
:1001B0004608EB1AFF76069A3A1F21C583C40289C6
:1001C00046F4EB13FF76069AF62521C5EBEE484878
:1001D00074E22D040074ED8B46F45E5F8BE55DCB1D
:1001E000558BECB834009A1E0008D7B83900F72EAA
:1001F000E634030652358B1654358946E48956E6B3
:10020000B85F00F76E06030646358B1648358946FB
:10021000FC8956FE40405250B88E0E508D46E85034
:100220009A520608D783C4082BC0508D4EE8519AC5
:10023000100A08D783C4040BC07419FF36BC052B01
:10024000C050B8960E1E509A0C0036D183C4088B4D
:10025000E55DCB909AF002A1D90AC075099A5C08B5
:10026000A1D20BC0757F8B46FC8B56FE404052508E
:10027000B8A60E508D46CE509A520608D783C408B1
:100280009A5E03B6D1B8010050B87000508D46CECA
:10029000509AA40508D783C402508D46CE50B81496
:1002A00000502BC050502BC951519A3205B6D18302
:1002B000C412B8AF0E508B46E48B56E605210052AF
:1002C00050FF76068D46E8500EE81E0083C40A896A
:1002D00046CC0BC0750FFF36BE05B8BB0E50FF767F
:1002E000060EE81F1E8BE55DCB90558BECB81A0906
:1002F0009A1E0008D75756B85F00F76E088BD803D0
:100300001E46358E064835895EFC8C46FE268B4798
:1003100059898640F7C746FA0000837E08007D2E83
:10032000B85F00502BC0508D8E80F7519AE20908BB
:10033000D783C4068D8680F78946FC8C56FEC78617
:1003400093F700042BC0898640F7898632F7B820DE
:1003500000508B4EFC8B56FE83C11952518D8EF08E
:10036000F616519A060C08D783C40AB82000508BA1
:1003700046FC8B56FE05390052508D8612F71650FA
:100380009A060C08D783C40AC45EFC268B7715D165
:10039000E68B84820689867CF78B8C8C06898E702E
:1003A000F78946EE268B5F17D1E38B8F9606898EF1
:1003B00072F7509AA40508D783C40289867EF7FF96
:1003C000B670F79AA40508D783C402898674F7FF2C
:1003D00076EE9AA40508D783C4028946F0FFB67268
:1003E000F79AA40508D783C4028946F8B8010050DB
:1003F000B9070051BA100052BAC70E52BA140052CF
:02000002C340F9
:100000002BDB53FF362E302BF656569A3205B6D1DF
:1000100083C412B8010050B9070051BA090052BA9E
:10002000D80E52BA1400522BDB5303062E30502B3D
:10003000C050509A3205B6D183C412B8010050B8EE
:10004000700050FF3680049AA40508D783C402507C
:10005000FF368004B81400502BC050B80700502B56
:10006000C050509A3205B6D183C412B8862D1E50A6
:10007000A0E234FEC850B013502AC050509AA001DC
:10008000A1D983C40C9AE002A1D99A4E00A1D289C9
:100090008634F73D0D0074053DC1FF75ED3DC1FF90
:1000A000750AB8FFFF5E5F8BE55DCB908D8636F7F6
:1000B00050B8E20E509A0E003DD283C404898644A3
:1000C000F70BC0741FFF36BC052BC951B9E70E1ED4
:1000D000519A0C0036D183C4088B8644F75E5F8B3F
:1000E000E55DCB90FFB636F7FF760CFF760A9A50A7
:1000F000003DD283C406898644F70BC07422FF36C4
:10010000BC052BC951B9FF0E1E519A0C0036D18384
:10011000C408FFB636F79A30008FD983C402EBB912
:10012000B8008050FF76069A340108D783C404C40F
:100130005EFC2689470B837E08007C16FF76089AB2
:10014000640AE5D383C4023D01007D06C78640F7FB
:10015000000083BE40F7017403E9DD008B46FC8B91
:1001600056FE40405250B81B0F508D8648F7509AAB
:10017000520608D783C408B81C00509A180808D73C
:1001800083C402C45EFC2689475B8946F2508D8693
:1001900048F7509A7800CAD583C404B86400509ACE
:1001A000180808D783C4028B5EF2894710B8640030
:1001B000509A180808D783C4028B5EF2894712A1AF
:1001C0008A28D1E0509A180808D783C4028B5EF2BF
:1001D000894716A18A28D1E0509A180808D783C405
:1001E000028B5EF28947188B4704F72E8A28509AB3
:1001F000180808D783C4028B5EF289471AC786E2C3
:10020000FB0000EB1F908B5EF28B5F168BB6E2FB60
:10021000D1E6C700FFFF8B5EF28B5F18C7000000BE
:10022000FF86E2FBA18A283986E2FB7CD98B5EF24D
:10023000837F04007403E97D03C7068A280800B899
:10024000010050B9070051BA0D0052BA5A0F52BA04
:100250001400522BDB53FF362E302BF656569A32B3
:1002600005B6D183C412B8010050B9070051B914C2
:100270000051FF367C04512BC95103062E30502B00
:10028000C050509A3205B6D183C412B8862D1E5084
:10029000A0E234FEC850B013502AC050509AA001BA
:1002A000A1D983C40CC45EFC268B4713898646F70C
:1002B0003976087C0FFF76089A240AE5D383C402B6
:1002C000898632F7C45EFC26FF770B9A020708D7AF
:1002D00083C402898638F789963AF78B8646F79960
:1002E0005250FFB63AF7FFB638F78BF08BFA9A3ECA
:1002F0000A08D78946EA8956EC575652509AD80AC6
:1003000008D73B963AF77F1A7C063B8638F773127C
:100310008B46EA8B56EC05010083D2008946EA89B8
:1003200056EC81BE46F700047E06C78646F70004F9
:10033000FFB636F79AAC0089D383C402898644F7A6
:10034000C45E0A26833F047403E9B0000BC0740343
:10035000E9A9003946087C528B46FC8B56FE40408A
:100360005250B8680F508D86E4FB509A520608D759
:1003700083C408B80080508D86E4FB509A3401088D
:10038000D783C404898676F70BC07C1EB90400515C
:100390008D8E38F751509AD60208D783C406FFB61F
:1003A00076F79A800008D783C402B80104502BC0A6
:1003B000508D8EE4FB519AE20908D783C406FFB63C
:1003C0003AF7FFB638F72BC050FF7606B8700F50DB
:1003D0008D86E4FB509A520608D783C40CB880007F
:1003E000508D86E4FB502AC050B00150FFB636F75E
:1003F0009A7A0189D383C40A898644F7B864005085
:02000002C380B9
:100000009A3E01A1D283C40283BE44F7007577B83B
:10001000010050B8070050B80D0050B8790F50B823
:100020001400502BC050FF362E3050509A3205B677
:10003000D183C412B8862D1E50A0E234FEC850B041
:1000400013502AC050509AA001A1D983C40C8D86A8
:10005000F0F6509AA40508D783C4020BC074278D0C
:1000600086F0F6509AA40508D783C402508D86F016
:10007000F6502AC05050FFB636F79A7A0189D383DA
:10008000C40A898644F72BC08986E8F68986E6F695
:1000900089867AF7898678F789863EF789863CF7DC
:1000A00083BE44F7007503E93A0183BE44F7007547
:1000B000388D8612F7509AA40508D783C4020BC066
:1000C00074278D8612F7509AA40508D783C402506E
:1000D0008D8612F7502AC05050FFB636F79A7A0133
:1000E00089D383C40A898644F72AC05050FFB636A4
:1000F000F79AF20189D383C406FFB636F79A4C0209
:1001000089D383C402C45E0A26833F04754483BE38
:1001100044F700753DB88000502BC0508D86E4FB3D
:10012000509AE20908D783C406B88000508D86E44F
:10013000FB50B0015050FFB636F79A7A0189D3834D
:10014000C40A898644F7FFB636F79A4C0289D383EE
:10015000C402FFB636F79A6E0389D383C402FFB692
:1001600036F79AA00389D383C40283BE40F7017592
:100170000BFF76F29AD600CAD583C402C45EFC2671
:10018000FF770B9A800008D783C402FFB636F79A30
:1001900030008FD983C40283BE44F708740B81BE3C
:1001A00044F786007403E99503FF36C0052BC05061
:1001B000B8980FE99C03B8F05599F77F04A38A28F3
:1001C0003D08007E03E971FC0BC07403E970FCFF7D
:1001D00036BC0550B8230F1E509A0C0036D183C48C
:1001E00008E9BEFA83BE40F701754E8D46FA508D80
:1001F00086E0F750FF76F29ABC10CAD583C4060B8E
:10020000C07503E9A4FEB80400508B5EF28B77063C
:100210008D82E0F7508D46F4509AB60908D783C412
:10022000062BC050FF76F6FF76F4C45EFC26FF77FF
:100230000B9AA00008D783C408B80104502BC951F9
:100240008D96E0F7529AE20908D783C406B80104F4
:10025000502BC0508D86E4FB509AE20908D783C426
:1002600006FFB646F78D86E0F750C45EFC26FF77A2
:100270000B9AD60208D783C406898634F73D01005D
:100280007D08898644F7E921FE90837E08007C1270
:1002900080BEE0F700750B836EEA01835EEC00E937
:1002A000FEFDFFB67EF7FFB67CF78D86E4FB509A25
:1002B000B60908D783C4068B867EF7898610F72B8C
:1002C000C08986EEF6898642F78986ECF6E9150143
:1002D000B85300F7AEECF68BD8031E7A2D8E067C51
:1002E0002D895EE68C46E88B46082639077403E9BB
:1002F000EF008BC38CC205130052508BF08CC79A51
:10030000640C08D783C4048986EAF65057568BB626
:1003100010F78D8AE4FB16519A060C08D783C40A9D
:100320008B86EAF6018610F7C45EE6268B470D89B8
:1003300086EAF626837F0F007517508BB6EEF68D92
:1003400082E0F716509AD201A1D283C4068986EAC8
:10035000F6508BB6EEF68D82E0F7508BB610F78D27
:1003600082E4FB509AB60908D783C4068B86EAF666
:10037000018610F7C45EE6268B470D0186EEF68DEA
:10038000473306508BF08CC79A640C08D783C4049B
:100390008986EAF65057568BB610F78D8AE4FB161D
:1003A000519A060C08D783C40A8B86EAF601861098
:1003B000F78B8632F7483B8642F77E21FFB674F70B
:1003C000FFB670F78BB610F78D82E4FB509AB60932
:1003D00008D783C4068B8674F7018610F7FF864220
:1003E000F7FF86ECF6A1F2343986ECF67D03E9DFFF
:1003F000FEFF76F0FF76EE8BB610F78D82E4FB50B1
:02000002C3C079
:100000009AB60908D783C406FF76F8FFB672F78B55
:1000100046F0018610F78BB610F78D82E4FB509AFC
:10002000B60908D783C4060376F889B610F783BEED
:1000300032F7017D1EFFB634F78D86E0F7508D86CE
:10004000E4FB509AB60908D783C4068B8634F78937
:100050008610F7FFB610F78D86E4FB502AC050508B
:10006000FFB636F79A7A0189D383C40A898644F7A2
:100070000BC07403E933FC8B8646F799018678F749
:1000800011967AF78386E6F6018396E8F6008B866A
:10009000E6F68B96E8F65250FF760E8D8EE4FB5115
:1000A0009A520608D783C4088D86E4FB50A12E30EF
:1000B00040509A0600A1D283C4048B86E6F68B9644
:1000C000E8F63956EC7F0D7D03E9DEFB3946EA7729
:1000D00003E9D6FBC45E0A26833F047503E9C0FB2F
:1000E00026833F037503E9B7FB26837F0A017D035F
:1000F000E9ADFB268B470A995250FFB6E8F6FFB6EA
:10010000E6F69A0A0B08D70BD07403E992FBFF3688
:10011000C6052BC050B8870F1E509A0C0036D183ED
:10012000C408898634F79A5A08B6D183BE34F7C119
:100130007403E96BFBC78644F70800E96CFB83BED8
:1001400044F7007503E991F7FF36C0052BC050B89E
:10015000AA0F1E50E97AF790558BECB836009A1E1C
:100160000008D7B83900F72EE634030652358B164F
:1001700054358946E48956E6B85F00F76E060306F3
:1001800046358B1648358946FC8956FE404052500C
:10019000B8BB0F508D46E8509A520608D783C40862
:1001A0002BC08946E2508D46E8509A100A08D78342
:1001B000C4040BC07518FF36BC0550B9C30F1E51DF
:1001C0009A0C0036D183C4082BC08BE55DCBFF763B
:1001D000069A240AE5D383C4023D01007D0CFF3654
:1001E000BC052BC050B9D00FEBD49AF002A1D90AAC
:1001F000C075099A5C08A1D20BC075CC8B46FC8BEC
:1002000056FE40405250B8E90F508D46CC509A529D
:100210000608D783C4089A5E03B6D1B8010050B867
:100220007000508D46CC509AA40508D783C4025064
:100230008D46CC50B81400502BC050502BC9515192
:100240009A3205B6D183C412B8F50F508B46E48BB1
:1002500056E60521005250FF76068D46E8500EE81E
:10026000420083C40A8946CA0BC07403E959FFFFE0
:1002700076069A640AE5D383C4020BC07E05C7469E
:10028000E20400FF36BE05FF76E2B801101E509A68
:100290000C0036D183C408FF76060EE88A0C83C4AE
:1002A00002E924FF558BECB8EE0C9A1E0008D757D4
:1002B00056B85F00F76E08030646358B1648358939
:1002C00046FC8956FEC45E0A268B078946F62BC07B
:1002D00089866CF389866AF3898618F3898616F312
:1002E0003946087D2AB85F00502BC0508D8E88F3A8
:1002F000519AE20908D783C4068D8688F38946FCA3
:100300008C56FEC7869BF30004C78664F30000B8D2
:100310002000508B4EFC8B56FE83C11952518D8E9E
:1003200022F316519A060C08D783C40AB82000504D
:100330008B46FC8B56FE05390052508D8644F316D1
:10034000509A060C08D783C40A9A560089D3898626
:1003500080F3899682F3C45EFC268B471589867CE0
:10036000F3268B471789867EF3B8010050B9070042
:1003700051BA100052BA101052BA1400522BDB536B
:10038000FF362E302BF656569A3205B6D183C4125C
:10039000B8010050B9070051BA0C0052BA211052EE
:1003A000BA1400522BDB5303062E30502BC0505092
:1003B0009A3205B6D183C412B8010050B87000500B
:1003C000FF3680049AA40508D783C40250FF368004
:1003D00004B81400502BC050B80700502BC0505028
:1003E0009A3205B6D183C412B8862D1E50A0E234CD
:1003F000FEC850B013502AC050509AA001A1D98312
:02000002C40038
:10000000C40C9A4E00A1D289866EF33D0D00740592
:100010003DC1FF75ED3DC1FF750AB8FFFF5E5F8B07
:10002000E55DCB908D8668F350B82E10509A0E0087
:100030003DD283C404898672F30BC0741FFF36BCA3
:10004000052BC951B933101E519A0C0036D183C407
:10005000088B8672F35E5F8BE55DCB90FFB668F32D
:10006000FF760CFF760A9A50003DD283C40689863B
:1000700072F30BC07422FF36BC052BC951B94B106B
:100080001E519A0C0036D183C408FFB668F39A302B
:10009000008FD983C402EBB9B8800050B8028150F8
:1000A000FF76069A340108D783C406C45EFC26890D
:1000B000470BB8010050B9070051BA0D0052BA679A
:1000C0001052BA1400522BF656FF362E302BFF5723
:1000D000579A3205B6D183C412B8010050B907004F
:1000E00051B9140051FF367C04515603062E30508E
:1000F0002BC050509A3205B6D183C412B8862D1E3B
:1001000050A0E234FEC850B013502AC050509AA0FC
:1001100001A1D983C40C9AE002A1D9C45EFC268B4C
:100120004713898678F33976087C0FFF76089A247E
:100130000AE5D383C402898664F381BE78F30004A0
:100140007E06C78678F30004FFB668F39AAC008990
:10015000D383C402898672F3837EF60475543BC64A
:1001600075508D8676F350B88000508D46F4508DD2
:100170008674F3508D86E8F350FFB668F39A140343
:1001800089D383C40C898672F30BC075258D866A6A
:10019000F350B87510508D86E8F3509AA40508D72F
:1001A00083C4028BF08D82E9F3509AAC0608D783A2
:1001B000C4062BC0898614F3898612F3B8FA00505E
:1001C0009A3E01A1D283C402B80108502BC0508DC1
:1001D0008EE8F3519AE20908D783C406B8010450A7
:1001E0002BC0508D8EEAFB519AE20908D783C406D2
:1001F000C7861EF300082BC0898642F38946F28920
:10020000867AF3FF76089AEC1842CC83C40289867A
:1002100086F38B9E7CF3D1E38B9F8C068A078846FE
:10022000FA83BE7CF30275068A47018846FA8D86FA
:1002300022F3509AA40508D783C4020BC07503E9C2
:10024000A7008D8676F350B80004508D46F4508D8B
:100250008674F3508D86E8F750FFB668F39A14035E
:1002600089D383C40C898672F38D8622F3508D86E0
:10027000E8F7509AC20808D783C404898684F38BB0
:1002800046F62D03007C03487E0883BE72F307EB1D
:10029000069083BE72F351750BC78672F30000C7D8
:1002A00046F2010083BE84F300750D83BE72F30035
:1002B0007506837EF200748A837EF201751083BE18
:1002C00084F3007509C78672F3F9FFEB1C908D86E5
:1002D00022F3509AA40508D783C4028D8EE8F32B2D
:1002E000C1038684F389861EF383BE72F300753FD3
:1002F000B8010050B8070050B80F0050B87910503E
:10030000B81400502BC050FF362E3050509A320592
:10031000B6D183C412B8862D1E50A0E234FEC85058
:10032000B013502AC050509AA001A1D983C40C83A5
:10033000BE7CF300745283BE7EF300754BC7867299
:10034000F3FBFF81BE72F386007506C78672F30861
:1003500000837EF6017518B8010050B88910502A44
:10036000C05050FFB668F39A7A0189D383C40A83D8
:10037000BE72F3007403E972058B46F62D04007516
:1003800003E93805E964059083BE72F30075B4C7CC
:10039000861CF3000083BE7CF300755483BE7AF3A1
:1003A00000740E8BB61EF38D82E8F33B867AF373EE
:1003B000928B9E7EF3D1E3FFB796069AA40508D7E9
:1003C00083C40203861EF3038678F33D0008760695
:1003D000C7861CF3010083BE1CF3017403E94801C6
:1003E000837EF2017540C78672F30000E954FF90E6
:1003F0008B9E7EF3D1E3FFB796068BB61EF38D82FC
:02000002C440F8
:10000000E8F3509AC20808D783C404898684F30BA6
:10001000C075C381FE00047DB7837EF2017503E9DC
:1000200021FFE918FF90B80004508D8EE8F7518D3C
:1000300096E8F3529A460908D783C406B8000450DC
:100040002BC0508D8EE8F7519AE20908D783C40679
:1000500081AE1EF300048D8676F350B80004508DF7
:1000600046F4508D8674F3508D86E8F750FFB668DD
:10007000F39A140389D383C40C898672F3C7867AF2
:10008000F300008D8644F3509AA40508D783C40278
:100090000BC0743A8D8644F3508BB61EF38D82E804
:1000A000F3509AC20808D783C40489867AF30BC038
:1000B000741C8D8EE8FB2BC8898E1AF3512BC95105
:1000C000509AE20908D783C406C746F201008B465E
:1000D000F62D03007C03487E0783BE72F307EB0511
:1000E00083BE72F351750BC78672F30000C746F2E8
:1000F0000100837EF20175228D8644F3509AA40597
:1001000008D783C4020BC0741183BE7AF300750A4A
:10011000C78672F3FAFFE92AFE9083BE72F3007578
:1001200003E90BFEE91CFE9083BE7CF3007403E937
:10013000820083BE7EF30074358B9E7EF3D1E3FF95
:10014000B796068BF39AA40508D783C40250FFB470
:1001500096068BB61EF303B678F38D82E8F3509AB9
:100160008E0908D783C4060BC07403E9ABFEFFB643
:1001700078F38BB61EF38D82E8F3508D86EAFB5040
:100180009AB60908D783C40603B678F389B666F32E
:100190008B9E7EF3D1E3FFB796069AA40508D7831A
:1001A000C402038678F32BD229866AF319966CF37E
:1001B000E99301908B8684F32B861EF38D8EE8F3F2
:1001C0002BC18946EC03861EF3898666F38B9E7EDF
:1001D000F3D1E3FFB796069AA40508D783C40203B8
:1001E00046EC2BD229866AF319966CF32BC08986CC
:1001F00042F3898670F3898620F3E90301908B46E8
:10020000EC4850B82200508D82E9F3509A22090838
:10021000D783C406898684F30BC07503E921012BBB
:10022000861EF38D8EE8F32BC189861AF348508B16
:10023000B61EF38D82E9F31650C45EEE26FF770DED
:100240008BBE42F38D83EAFB16509A5006A1D283EF
:10025000C40C8B46EC4850B82C005003B61AF3EB94
:100260000D90FF76EC8A46FA98508BB61EF38D827D
:10027000E8F3509A220908D783C406898684F32BB1
:10028000861EF38D8EE8F32BC189861AF38B8E645C
:10029000F32B8E70F3497403E9B50083BE84F30039
:1002A00074053B46EC7E078B46EC89861AF3FF8685
:1002B00070F383BE7CF3027427FFB61AF38BB61E6D
:1002C000F38D82E8F31650C45EEE26FF770D8BB6F1
:1002D00042F38D82EAFB16509A5006A1D283C40CD9
:1002E0008B861AF34001861EF3C45EEE268B470D03
:1002F000018642F38B861AF3402946ECFF8620F3F1
:10030000A1F234398620F37D3DB85300F7AE20F3D7
:100310008BD8031E7A2D8E067C2D895EEE8C46F0DE
:100320008B460826390775D483BE7CF3027403E933
:1003300030FF8BB61EF380BAE8F3227503E9BEFEE8
:10034000C78672F3FBFF83BE72F3FB750FE9F3FB05
:1003500083BE84F3007403E954FFEBE48B8678F3E7
:1003600099298680F3199682F383BE82F3007F1465
:100370007C0881BE80F30010730AC78672F3F8FF11
:10038000E9C0FB90508D86EAFB50C45EFC26FF77E7
:100390000B9AC00308D783C4062BC0898642F38911
:1003A0008620F3EB20908E46F0268B470D99018630
:1003B00016F3119618F3C45EEE268B470D018642A4
:1003C000F3FF8620F3A1F234398620F37D3EB85343
:1003D00000F7AE20F38BD8031E7A2D8E067C2D8974
:1003E0005EEE8C46F08B460826390775D426837F4F
:1003F0000F0075B226FF770D8BB642F38D82EAFBB4
:02000002C480B8
:1000000016509AD201A1D283C406EBA18B8686F347
:1000100099018616F3119618F38B9E7EF3D1E3FFB8
:10002000B796069AA40508D783C402038666F389A7
:10003000861EF3C45EFC26FF475D838612F30183B0
:100040009614F300FFB614F3FFB612F3FF760E8D8D
:1000500086EAFB509A520608D783C4088D86EAFBCD
:1000600050A12E3040509A0600A1D283C404837E52
:10007000F6047403E9B8FA83BE6CF3007E03E9AEBC
:10008000FA7C0A83BE6AF3007403E9A2FA837EF263
:10009000007403E9ADFA8D8676F350B80004508DF4
:1000A00046F4508D8674F3508D86E8F750FFB6689D
:1000B000F39A9A0289D383C40CE92AFB8D8676F3DE
:1000C00050B88000508D46F4508D8674F3508D8664
:1000D000E8F350FFB668F39A9A0289D383C40C8977
:1000E0008672F33D08007403E99D0083BE72F351EC
:1000F0007506C78672F30000FFB668F39A6E03892F
:10010000D383C402FFB668F39AA00389D383C402E1
:10011000B80200502BC05050C45EFC26FF770B9AEB
:10012000A00008D783C408C45EFC26FF770B9AEAB8
:100130000608D783C40289866AF389966CF3C45E85
:10014000FC26FF770B9A800008D783C402FFB668AD
:10015000F39A30008FD983C40283BE6CF3007F21F1
:100160007C0783BE6AF3017318FF76069A300A088B
:10017000D783C40283BE72F3007506C78672F3FF8D
:10018000FF8B8672F3E958018D8676F350B88000B4
:10019000508D46F4508D8674F3508D86E8F350FFF1
:1001A000B668F39A9A0289D383C40C898672F33DA8
:1001B00008007503E934FF8D8676F350B88000504F
:1001C0008D46F4508D8674F3508D86E8F350FFB65B
:1001D00068F39A9A0289D383C40C898672F3E90A78
:1001E000FF90FF36BC052BC050B88B101E509A0CE8
:1001F0000036D183C408E9190190FF36BC052BC035
:1002000050B8A910EBE6FF36BC052BC050B8BE10A5
:10021000EBDA8B8612F38B9614F305010083D20080
:100220005250B8D410508D86EAFB509A520608D727
:1002300083C408FF36BC052BC0508D86EAFB1650E0
:100240009A0C0036D183C408C78672F30100E9C155
:100250000090FF36C0052BC050B8EB10EB8E837EAC
:1002600008007D03E9AB008B46FC8B56FE404052F4
:1002700050B8FD10508D86EAFB509A520608D7837D
:10028000C4088D86EAFB509A300A08D783C402B8A6
:10029000800050B80281508D86EAFB509A340108E4
:1002A000D783C406C45EFC2689470BB80400508D72
:1002B0008616F35026FF770B9AC00308D783C4062F
:1002C000C45EFC26FF770B9A800008D783C402EB3C
:1002D0004190FF36C0052BC050B80511E90DFF90C5
:1002E0002DF8FF3D100077EAD1E0932EFFA71019FB
:1002F00002181A1826183218F218F218F218F21802
:100300007E18F218F218F218F218F218F218F21811
:10031000721883BE72F3007503E935F5FF76069A0D
:10032000300A08D7E96CF590558BECB854009A1E4A
:100330000008D75756B85F00F76E06030646358BA0
:100340001648358946FC8956FE2BC08946E6894603
:10035000E48946DC8946DAFF76069A640AE5D383A7
:10036000C4023D01007D09B8FFFF5E5F8BE55DCBF8
:10037000FF76069A420BA1D283C402FF76069AEC5E
:100380001842CC83C4028946D6C45EFC268B471330
:100390008946CE050400509A180808D783C40289FC
:1003A00046B48B46CE050400509A180808D783C47B
:1003B000028946D08B46B4C45EFC268947112BC007
:1003C0008946B08946AEEB36B95300F7E98BD8C4FD
:1003D000367A2D8B460626390075208BC1F76EAE16
:1003E0008BF08B1E7A2D8B46B00346B426894011C4
:1003F000C41E7A2D268B400D0146B0FF46AE8B46BB
:02000002C4C078
:10000000AE3906F2347FC12BC08946D28946CCEB8B
:100010003D908BD8D1E3C436822D268B008946AE25
:100020000BC07C27B85300F76EAE8BD8C4367A2D40
:100030008B46062639007513B85300F76EAE8BF069
:100040008B1E7A2D268B400D0146D2FF46CC8B4667
:10005000CC3906F4347FBB8B46FC8B56FE404052B5
:1000600050B81611508D46E8509A520608D783C4EE
:10007000088D46E8509A300A08D783C402837ED29E
:10008000017D03E9E1FE8B46D205040050FF76D2E4
:10009000B81000508D46E8509A0000CAD583C408B5
:1000A000B81C00509A180808D783C4028946DE504D
:1000B0008D4EE8519A7800CAD583C4048B5EDE83E6
:1000C0007F0400756BC7068A280800B86400509A40
:1000D000180808D783C4028B5EDE894710B8640015
:1000E000509A180808D783C4028B5EDE894712B87D
:1000F0001000509A180808D783C4028B5EDE894727
:1001000016B81000509A180808D783C4028B5EDE18
:100110008947188B4704F72E8A28509A180808D761
:1001200083C4028B5EDE89471AC746D80000EB43C2
:10013000B8F05599F77F04A38A283D08007F860B05
:10014000C07588FF36BC0550B81E111E509A0C00B1
:1001500036D183C408E90FFE8BF0D1E68B5EDE8BCF
:100160005F16C700FFFF8B5EDE8B5F18C7000000C5
:10017000FF46D88B46D839068A287FDCB801005064
:10018000B8070050B80F0050B8551150B8140050BF
:100190002BC050FF362E3050509A3205B6D183C452
:1001A00012B8862D1E50A0E234FEC850B013502A5B
:1001B000C050509AA001A1D983C40C8B46FC8B5629
:1001C000FE40405250B86511508D46E8509A520694
:1001D00008D783C408B80400508D46DA50B90080AF
:1001E000518D4EE8519A340108D783C4048946D40E
:1001F000509AD60208D783C4063D040074082BC069
:100200008946DC8946DAFF76D49A800008D783C411
:10021000028B46FC8B56FE40405250B86D11508DFB
:1002200046E8509A520608D783C408B80080508D1B
:1002300046E8509A340108D783C404C45EFC26897A
:10024000470B2BC08946E28946E0FF76CEFF76B4A5
:10025000C45EFC26FF770B9AD60208D783C40689B2
:1002600046B63B46CE7C03E9A200C746B60000FF77
:1002700076DE9AD600CAD583C402C45EFC26FF7718
:100280000B9A800008D783C402837EDC007D082B94
:10029000C08946DC8946DA8B46FC8B56FE404052CC
:1002A00050B88111508D46E8509A520608D783C441
:1002B000088D46E8509A300A08D783C402B8040073
:1002C000508D46DA50B8800050B80281508D46E813
:1002D000509A340108D783C4068946D4509AC00383
:1002E00008D783C406FF76D49A800008D783C40257
:1002F0009A560089D30BD27F0C7C053D0010730504
:10030000C746B602008B46B6E97B0190B832009929
:1003100052508346E4018356E600FF76E6FF76E41A
:100320009A0A0B08D70BD075169A560089D30BD2B0
:100330007F0D7D03E938FF3D00107303E930FFFFB7
:1003400076E6FF76E4B87511508D46B8509A52069D
:1003500008D783C4088D46B850A12E3040509A0665
:1003600000A1D283C404FF76CEB8200050FF76D01F
:100370009AE20908D783C4062BC08946B08946CCC7
:10038000EB548BD8D1E3C436822D268B008946AE40
:100390000BC07C3FB85300F76EAE8BD8C4367A2DB5
:1003A0008B4606263900752BB85300F76EAE8BD8F6
:1003B00003DE268B470D8946AC5026FF77118B460E
:1003C000B00346D0509AB60908D783C4068B46AC12
:1003D0000146B0FF46CC8B46CC3906F4347FA3B837
:1003E0000400508D46E0508B46B00346D0509AB67C
:1003F0000908D783C406FF76D0FF76DE9A3C10CA80
:02000002C50037
:10000000D583C4048946B20BC0751FC45EFC268329
:100010007F59017515FF76069A241742CC83C402D6
:100020000346D6992946DA1956DC8B46CE99014605
:10003000E01156E29ABA00A1D20BC07503E90AFE9C
:100040009A4E00A1D28946B23DC1FF7403E9FAFD80
:10005000C746B60100E917FEFF36BE052BC050B8F3
:1000600089111E509A0C0036D183C408EB22FF364A
:10007000C0052BC050B89611EBE8FF36BC052BC06D
:1000800050B8A811EBDC0BC074CE4874E14874EA98
:10009000837EB60074668B46FC8B56FE4040525001
:1000A000B9C611518D4EE8518BF08BFA9A52060861
:1000B000D783C4088D46E8509A300A08D783C40213
:1000C0005756B8CE11508D46E8509A520608D7833D
:1000D000C4088D46E8509A300A08D783C4025756A0
:1000E000B8D611508D46E8509A520608D783C408F6
:1000F0008D46E8509A300A08D783C4022BC05E5F51
:100100008BE55DCB558BECB88C009A1E0008D75759
:1001100056B85F00F76E06030646358B16483589DC
:1001200046F88956FA40405250B8DE11508D46DAF2
:10013000509A520608D783C408FF7608B8E61150D3
:100140008D8676FF509A520608D783C406FF760A3A
:100150008D46FC508D8E76FF519A2C0136D183C48A
:1001600006898674FF3DC1FF7406807EFC4E7508CB
:100170002BC05E5F8BE55DCB2BC050B8D00750B86D
:1001800018121E509A0C0036D183C408898674FF59
:100190003D1B0075DBC45EF826C7475D00008D4639
:1001A000DA509A300A08D783C4028B46F88B56FA85
:1001B00040405250B94C12518D4EDA518BF08BFAAF
:1001C0009A520608D783C4088D46DA509A300A0836
:1001D000D783C4025756B85412508D46DA509A52FB
:1001E0000608D783C4088D46DA509A300A08D783A8
:1001F000C402FF36C0052BC050B85C121E509A0CCA
:100200000036D183C408B801005E5F8BE55DCB90FA
:10021000558BECB8BA0B9A1E0008D75756A1E63496
:100220008986ACF4B93900F7E9030652358B1654C8
:10023000358946D48956D6A14E35894696A1782D62
:100240008946982BC089469489469A89469C894656
:100250009EC746A0FFFFC646A200B92A008D7EA316
:100260001607F3AAC78650F40100C78652F40C00A3
:100270002BC089864CF489864EF4898654F489868D
:1002800056F4898658F489865AF489865CF48D463A
:100290009489865EF48C9660F48D86C4F4898662B7
:1002A000F48C9664F42BC0B946008DBE66F4F3AAB4
:1002B000C786B4F46A128C9EB6F4C786B8F46F127F
:1002C0008C9EBAF4C786BCF474128C9EBEF4C786AA
:1002D000C0F47A128C9EC2F4B8BC0A502BC0508D68
:1002E0008EC4F4519AE20908D783C406B00150B90C
:1002F000010051BA8112522BD252528D9EC4F45336
:100300009A780D1BCF83C40CB00150B8010050FF88
:10031000367E042BC951FF3630328D96A9F5529A9C
:10032000780D1BCF83C40C2AC0502BC951BA96122A
:100330005251518D968EF6529A780D1BCF83C40C74
:100340002AC0502BC951BAA4125251BA0300528D7F
:100350009E73F7539A780D1BCF83C40C2AC0502B81
:10036000C951BAAC125251BA0400528D9E58F8537A
:100370009A780D1BCF83C40C2AC0502BC951BAB533
:10038000125251BA0500528D9E3DF9539A780D1BB9
:10039000CF83C40CB8A20450B9FEFF51BA09005271
:1003A0002ADB532BF656BF2800572BC050B8060047
:1003B000508D46D85056B80100508D8622FA509A7A
:1003C000BA0C1BCF83C418B8A20450B9FEFF51BAAF
:1003D000FFFF522ADB5356B80200502BC050B80220
:1003E00000508D4ECE51B90A0051B90300518D8E87
:1003F00007FB519ABA0C1BCF83C418B8A20450B99A
:02000002C540F7
:100000000A0051BAFEFF52BAFFFF522ADB53B8046E
:1000100000508D46805051B80400508D8EECFB513D
:100020009ADA0D1BCF83C414B8A20450B90B005147
:10003000BA060052BBFFFF532ADB53528D5E8A5330
:1000400051B80500508D86D1FC509ADA0D1BCF8334
:10005000C414B8A20450B9080051B9020051BAE65C
:100060000552BA04005251B90A0051528D4E8051C6
:100070008D8EB6FD519A4C0E1BCF83C414B8A204CA
:1000800050B8090050B80400508D8EB4F451B90630
:10009000005150B90B0051508D468A508D869BFE01
:1000A000509A4C0E1BCF83C4148B86CBFD898601DE
:1000B000FC8B86B0FE8986E6FCC786A0FA0000B8F5
:1000C000280050B82000508D46D8509AE20908D731
:1000D00083C40656B8C012508D46CE509A520608B8
:1000E000D783C406837E06007C75B8E500F76E06EC
:1000F0008BD8031E4A358E064C35899EAEF48C860D
:10010000B0F426FF7711B8C412508D46CE509A52E3
:100110000608D783C406C49EAEF426FF77118D4728
:100120004606508D46D816509A060C08D783C40A46
:10013000C49EAEF426837F7A007410B02050578D91
:1001400046D8509ABC06A1D283C406C49EAEF426FB
:100150008B477C898632FE268B477A898617FF2B50
:10016000C0508D864CF4509A060042CC83C404895A
:1001700086B2F43DC1FF753E0EE856524875E083E5
:10018000BEB2F4C17503E96D01837E06007C03E90C
:10019000D800B8FFFF50FFB6ACF49A860090D48325
:1001A000C4048946060BC07C03E98C00B8FFFF5EDF
:1001B0005F8BE55DCB90B82800508D4ED816519AD4
:1001C000D201A1D283C406898648F4898646F48D7B
:1001D00046CE509AC00508D783C40289864AF43DAA
:1001E00028007E06C7864AF428008B864AF43986A2
:1001F00046F47D04898646F483BE46F4017D0DFFF6
:1002000036BC052BC050B8C812EB1F9083BE48F413
:10021000017C03E969FF83BE32FE007403E95FFFDE
:10022000FF36BC052BC050B8D8121E509A0C0036B1
:10023000D183C408E928FF90B8E500F76E068BD893
:10024000031E4A358E064C35899EAEF48C86B0F47A
:1002500026C7470B0000FF36BE052BC050B8E91279
:100260001E509A0C0036D183C4088B8646F4C49E77
:10027000AEF4268947118B8632FE2689477C8B8611
:1002800017FF2689477AEB3AB02050FFB646F48D27
:1002900046D8509ABC06A1D283C406EB2E90B0205B
:1002A00050FFB646F48D46D8509A3007A1D2EBE8FD
:1002B000FFB646F48D46D8509A8407A1D283C40471
:1002C000EB094874C34874D64874E5FFB646F48D0C
:1002D00046D816508B86AEF48B96B0F40546005285
:1002E000509A060C08D783C40AC49EAEF48BB64657
:1002F000F426C64046008B46065E5F8BE55DCB90DC
:10030000558BECB8FC009A1E0008D75756A1E6346E
:10031000898606FF2BC9898E04FF898E10FF394E0E
:10032000067C03E9A900C78604FF0100FF76085098
:100330009A860090D483C4048946060BC07D09B810
:10034000FFFF5E5F8BE55DCBB8E500F76E068BD8EF
:10035000031E4A358E064C35899E08FF8C860AFF9F
:1003600026C7470B0100B8080050B8200050FFB660
:100370000AFFFFB608FF9A7C0C08D783C408C49E06
:1003800008FF26C68787000126C68782000026C789
:10039000879700020026C7477EFFFFB8240050B8A9
:1003A000C6041E508D87990006509A060C08D78304
:1003B000C40AC49E08FF26C7879B00FFFFB8FEFF44
:1003C000268987A100268987B300268987BF00B8C0
:1003D000E500F76E068BC803064A358B164C35517F
:1003E0001E8DBE12FF8BF016078EDAB97200F3A5D0
:1003F000A41F59B8080050030E4A35A14C3550517E
:02000002C580B7
:100000008D46F816509A060C08D783C40AFFB6101E
:10001000FFFF76068D8612FF500EE8AB0083C40604
:1000200089860CFF0BC0741A3DC1FF757983BE042D
:10003000FF01754AFF76069AE00490D483C402EB70
:100040005E90B8E500F76E068BF0C41E4A35268B2D
:10005000401189860EFF8B8623FF26894011FF768B
:10006000069A0C11A4C183C4028B860EFFC41E4ADB
:100070003526894011C78610FF0100EB9090B80823
:1000800000508D46F81650B8E500F76E0603064A94
:10009000358B164C3552509A060C08D783C40AC7C4
:1000A0004606FFFFEB18B8E500F76E068BD8C4369E
:1000B0004A358D388DB612FFB97200F3A5A48B4670
:1000C000065E5F8BE55DCB90558BECB8F2439A1ED4
:1000D0000008D75756A1E6348986DEBFB93900F744
:1000E000E9030652358B1654358946BE8956C0A1A0
:1000F0004E358986BEFDA1782D8986C0FD2BC0892D
:100100008686C0898670BF8986BCFD8986C2FD89C6
:1001100086C4FD8986C6FDB8FFFF89863ABF8986F9
:10012000CAFC8986C8FDC686CAFD002BC0B92A0054
:100130008DBECBFD1607F3AAC78676BF0100C78622
:1001400078BF43002BC0898672BF898674BF8986B9
:100150007ABF89867CBF89867EBF898680BF898673
:1001600082BF8D86BCFD898684BF8C9686BF8D86B6
:10017000D0C0898688BF8C968ABF2BC0B946008DB7
:10018000BE8CBFF3AAC786D2BF08138C9ED4BFC74C
:1001900086D6BF11138C9ED8BFC786DABF17138CC3
:1001A0009EDCBFC746981F138C5E9AC7469C2A13D5
:1001B0008C5E9EC746A036138C5EA2C746A443132E
:1001C0008C5EA6C78648BF4F138C9E4ABFC7864C1D
:1001D000BF54138C9E4EBFC78650BF59138C9E527E
:1001E000BFC786F6FD5F138C9EF8FDC786FAFD66D5
:1001F000138C9EFCFDC78642C06C138C9E44C0C706
:100200008646C071138C9E48C0C7864AC078138C3E
:100210009E4CC0C7864EC07F138C9E50C0C786526E
:10022000C086138C9E54C0C78656C08D138C9E58B2
:10023000C0C786CEFC0000C786D0FCC4FFC786D2EC
:10024000FCC2FFC786D4FCC0FFC786D6FCBFFFC771
:1002500086D8FCBEFFC746B694138C5EB8C746BAB4
:100260009F138C5EBCC78640BFAA138C9E42BFC73B
:100270008644BFAD138C9E46BFC746ECB1138C5E5F
:10028000EEC746F0BE138C5EF2C746F4C7138C5E11
:10029000F6C746F8D1138C5EFAC746FCD6138C5EBF
:1002A000FEC746A8DB13837E0A007E06C786C6FD0E
:1002B0003300A1F005898612BC8C9E14BCA1F20506
:1002C000898616BC8C9E18BCB80200508D8E12BC5C
:1002D000519A6400E5D383C4048986CCC0C45EBE51
:1002E000268B470C8986ECBFC7866CBF0100C7868A
:1002F00000FEE3138C9E02FE0BC07C22C78604FE28
:10030000E8138C9E06FEB90200518D8E00FE5150FE
:100310009AB602E5D383C40689866CBFEB098B5E6F
:1003200006C787BF00FFFFB8290050B84B00508DAB
:100330008688C0509AE20908D783C406C686B0C032
:1003400000B8EF3B502BC0508D8ED0C0519AE209BF
:1003500008D783C406B00150B9010051BAF2135254
:100360002BD252528D9ED0C0539A780D1BCF83C48E
:100370000CB00150B8010050FF367E042BC951FF6C
:100380003630328D96B5C1529A780D1BCF83C40C8E
:100390002AC0502BC951BA07145251518D969AC296
:1003A000529A780D1BCF83C40C2AC0502BC951BA66
:1003B0000D145251BA0100528D9E7FC3539A780D8D
:1003C0001BCF83C40C2AC0502BC951BA121452BA85
:1003D000090052BB0100538DB664C4569A780D1BB8
:1003E000CF83C40C2AC0502BC951BA1B145251BA26
:1003F0000200528D9E49C5539A780D1BCF83C40CC1
:02000002C5C077
:100000002AC0502BC951BA26145251BA0300528D3E
:100010009E2EC6539A780D1BCF83C40C2AC0502B3A
:10002000C951BA32145251BA0600528D9E13C753A9
:100030009A780D1BCF83C40C2AC0502BC951BA3DEE
:10004000145251BA0700528D9EF8C7539A780D1B6F
:10005000CF83C40C2AC0502BC951BA48145251BA8C
:100060000800528D9EDDC8539A780D1BCF83C40CB7
:100070002AC0502BC951BA52145251BA0900528D9C
:100080009EC2C9539A780D1BCF83C40C2AC0502B33
:10009000C951BA5E145251BA0A00528D9EA7CA5372
:1000A0009A780D1BCF83C40C2AC0502BC951BA6655
:1000B000145251BA0B00528D9E8CCB539A780D1B63
:1000C000CF83C40C2AC0502BC951BA72145251BAF2
:1000D0000C00528D9E71CC539A780D1BCF83C40CAB
:1000E0002AC0502BC951BA7F145251BA0D00528DFB
:1000F0009E56CD539A780D1BCF83C40C2AC0502B2B
:10010000C951BA88145251BA0E00528D9E3BCE533B
:100110009A780D1BCF83C40C2AC0502BC951BA8FBB
:10012000145251BA0F00528D9620CF529A780D1B5F
:10013000CF83C40C2AC0502BC951BA9E145251BA55
:100140001200528D9E05D0539A780D1BCF83C40C9C
:100150002AC0502BC951BAA7145251BA1300528D5C
:100160009EEAD0539A780D1BCF83C40C2AC0502B23
:10017000C951BAB0145251BA1400528D9ECFD15306
:100180009A780D1BCF83C40C2AC0502BC951BABD1D
:10019000145251BA1500528D9EB4D2539A780D1B49
:1001A000CF83C40C2AC0502BC951BAC9145251BABA
:1001B0001600528D9E99D3539A780D1BCF83C40C91
:1001C0002AC0502BC951BADA145251BA1700528DB5
:1001D0009E7ED4539A780D1BCF83C40C2AC0502B1B
:1001E000C951BAE3145251BA1800528D9E63D553C7
:1001F0009A780D1BCF83C40C2AC0502BC951BAEF7B
:10020000145251BA1900528D9E48D6539A780D1B3C
:10021000CF83C40C2AC0502BC951BAF5145251BA1D
:100220001A00528D9E2DD7539A780D1BCF83C40C84
:100230002AC0502BC951BAFE145251BA1C00528D1B
:100240009E12D8539A780D1BCF83C40CB8A20450C9
:10025000B9FEFF51BA3300522AD252BB010053BE3D
:100260000800562BFF572BC0508D8654BF50B80640
:1002700000502BC0508D8EF7D8519ABA0C1BCF83EB
:10028000C418B8A20450B9FEFF51BAFFFF522ADBCE
:10029000532BC050B803005057B80200508D46AAE7
:1002A00050B8050050B80100508D86DCD9509ABA7C
:1002B0000C1BCF83C418B8A20450B9FEFF51BAFF7B
:1002C000FF522ADB532BC050B803005057B802002E
:1002D000508D86C0FC50B8110050B80100508D867A
:1002E000C1DA509ABA0C1BCF83C418B8A20450B913
:1002F000340051B9FEFF51BAFFFF522ADB53568D2D
:1003000086DAFC50B80B0050B80200508D86A6DB90
:10031000509ADA0D1BCF83C414B8A20450B9FEFF63
:1003200051BAFFFF522ADB532BC050B82800508D22
:100330008688C050B80300508D46C2502BC050B9BB
:100340000400518D8E8BDC519ABA0C1BCF83C418DC
:10035000B8A20450B9350051B9FEFF51BAFFFF529F
:100360002ADB53B80A00508D86E9FC50B80A0050C9
:10037000B90600518D8E70DD519ADA0D1BCF83C402
:1003800014B8A20450B9360051B9FEFF51BAFFFFAC
:10039000522ADB53B80500508D86F8FC50B80B008C
:1003A00050B80700508D8655DE509ADA0D1BCF836A
:1003B000C414B8A20450B9370051B9FEFF51BAFFB6
:1003C000FF522ADB53B80600508D8607FD50B80A4D
:1003D0000050568D863ADF509ADA0D1BCF83C41435
:1003E000B8A20450B9380051B9FEFF51BAFFFF520C
:1003F0002ADB53B80300508D8616FD50B80C005010
:02000002C60036
:10000000B80900508D861FE0509ADA0D1BCF83C4CB
:1000100014B8A20450B9390051B9FEFF51BAFFFF1C
:10002000522ADB53B80C00508D8625FD5056B80A75
:1000300000508D8604E1509ADA0D1BCF83C414B8AA
:10004000A20450B93A0051B9FEFF51BAFFFF522A3B
:10005000DB53B80300508D8634FD50B80C0050B807
:100060000B00508D86E9E1509ADA0D1BCF83C41442
:10007000B8A20450B9FDFF51BAFEFF52BBFFFF53B7
:100080002AC050B8070050FF76A8B80D0050B80C31
:1000900000508D86CEE2509ADA0D1BCF83C414B87F
:1000A000A20450B9FEFF51BAFFFF522ADB532BC006
:1000B00050B80A005057B80500508D86BCC050B8E3
:1000C000090050B80D00508D86B3E3509ABA0C1B4E
:1000D000CF83C418B8A20450B93B0051B9FEFF51F8
:1000E000BAFFFF522ADB53B80C00508D8643FD50F7
:1000F000B8070050B80E00508D8698E4509ADA0D7B
:100100001BCF83C414B8A20450B9FEFF51BAFFFF3D
:10011000522ADB532BC050B8280050572BC0508DAB
:100120008E5AC05150B91000518D8E7DE5519ABA4A
:100130000C1BCF83C418B8A20450B93C0051B9FEBF
:10014000FF51BAFFFF522ADB53568D8652FD50B83D
:10015000090050B81200508D8662E6509ADA0D1BE5
:10016000CF83C414B8A20450B93D0051B9FEFF5169
:10017000BAFFFF522ADB53568D8661FD50B8090045
:1001800050B81300508D8647E7509ADA0D1BCF8385
:10019000C414B8A20450B93E0051B9FEFF51BAFFD1
:1001A000FF522ADB53B80700508D8670FD50B80D02
:1001B0000050B81400508D862CE8509ADA0D1BCFF1
:1001C00083C414B8A20450B93F0051B9FEFF51BA1C
:1001D000FFFF522ADB53568D867FFD50B80C00502E
:1001E000B81500508D8611E9509ADA0D1BCF83C4E3
:1001F00014B8A20450B9FEFF51BAFFFF522ADB53D4
:100200002BC050B803005057B80200508D86E2BF93
:1002100050B8110050B81600508D86F6E9509ABAC1
:100220000C1BCF83C418B8A20450B9400051B9FECA
:10023000FF51BAFFFF522ADB53B80900508D868E5A
:10024000FD50B8090050B91700518D8EDBEA519A64
:10025000DA0D1BCF83C414B8A20450B9410051B9C0
:10026000FEFF51BAFFFF522ADB53B80300508D86C0
:100270009DFD50B80C0050B81800508D86C0EB5052
:100280009ADA0D1BCF83C414B8A20450B9420051AE
:10029000B9FEFF51BAFFFF522ADB53568D86ACFDE3
:1002A00050B8060050B81900508D86A5EC509ADA67
:1002B0000D1BCF83C414B8A20450B9FEFF51B9FF7F
:1002C000FF512AD2522BDB53BB1F005357BB0500F3
:1002D000538DBEEEBF57BF090057B81A00508D8628
:1002E0008AED509ABA0C1BCF83C418B8A20450B937
:1002F000FDFF51B91B0051B9FFFF512AC951B91473
:100300000051FF76A8B90D0051B91C00518D8E6FB8
:10031000EE519ADA0D1BCF83C414B8A20450B91E53
:100320000051B90300518D96D2BF52565156BA02B0
:1003300000528D9EDAFC538D9E54EF539A4C0E1B47
:10034000CF83C414B8A20450B9200051B90200519F
:100350008D56B652BA0A00525157BB0300538D86D0
:10036000E9FC508D8639F0509A4C0E1BCF83C41493
:10037000B8A20450B9210051B90300518D9648BF6D
:1003800052BA05005251BB0B0053BB0200538D867D
:10039000F8FC508D861EF1509A4C0E1BCF83C4146E
:1003A000B8A20450B9220051B90200518D96F6FD51
:1003B00052BA06005251BB0A0053B80300508D8652
:1003C00007FD508D8603F2509A4C0E1BCF83C41448
:1003D000B8A20450B9230051B90200518D9640BF14
:1003E00052BA04005251BB0A0053BB0300538D861E
:1003F00016FD508D86E8F2509A4C0E1BCF83C41424
:02000002C640F6
:10000000B8A20450B9240051B90500518D4EEC51ED
:10001000B90C0051BA040052BB070053B80200509B
:100020008D8625FD508D86CDF3509A4C0E1BCF83C7
:10003000C414B8A20450B9250051B9020051BAE65F
:100040000552BA04005251BB0C0053B80300508D46
:100050008634FD508D86B2F4509A4C0E1BCF83C46B
:1000600014B8A20450B9280051B90400518D569813
:1000700052BA0C005251BA070052BB0200538D868F
:1000800043FD508D8697F5509A4C0E1BCF83C414B8
:10009000B8A20450B92A0051FFB6CCC08D8E12BC54
:1000A0005156BA04005256BB0200538D8652FD5081
:1000B0008D867CF6509A4C0E1BCF83C414B8A204D4
:1000C00050B92B0051FFB6CCC08D8E12BC5156BA20
:1000D00004005256BB0200538D8661FD508D86612F
:1000E000F7509A4C0E1BCF83C414B8A20450B92CFD
:1000F0000051B90600518D8E42C051B9070051BA66
:1001000004005256BB0200538D8670FD508D86460A
:10011000F8509A4C0E1BCF83C414B8A20450B92DCA
:100120000051FFB6CCC08D8E12BC5156B90400519F
:1001300056BA0200528D9E7FFD538D9E2BF9539A25
:100140004C0E1BCF83C414B8A20450B82F0050FF2C
:10015000B66CBF8D8600FE5057B8040050B807003B
:1001600050B80200508D868EFD508D8610FA509A40
:100170004C0E1BCF83C414B8A20450B9300051B93F
:100180000200518D9640BF52BA04005251BB0C0080
:1001900053BB0300538D9E9DFD538D9EF5FA539ADC
:1001A0004C0E1BCF83C414B8A20450B8310050B811
:1001B000080050B9F4055150B8040050B80600507A
:1001C000B80200508D8EACFD518D8EDAFB519A4CE9
:1001D0000E1BCF83C4148B5E068B477A8986D0EFC3
:1001E0008A8781002AE48986B5F08A878200898619
:1001F00049F48B87830089862EF583BFA100007D9B
:10020000078B87A100EB0D90FFB7A1009AB208E51C
:10021000D383C40240408986F8F68B5E0683BF9B79
:1002200000007D068B879B00EB0CFFB79B009AB20A
:1002300008E5D383C40240408986DDF78B5E0683E0
:10024000BFB300007D068B87B300EB0CFFB7B30094
:100250009AB208E5D383C40240408986A7F98B5E31
:10026000068B879700898613F6B8080050538D8651
:1002700054BF509AB60908D783C406B81000508BF3
:100280004606058700508D865CBF509AB60908D790
:1002900083C406B80A00508B4E0683C16F1E5150AE
:1002A0008D86BCC016509A5006A1D283C40CC78656
:1002B000AED9C3FFC786B0D9FDFFC786B2D901004A
:1002C0008B5E0683BFBF00007D0AB8FFFF2B87BF90
:1002D00000EB1390FFB7BF00FFB6ECBF9A9407E5A1
:1002E000D383C404404089868CFA8B5E068B4742D8
:1002F00089869AF18B474489867FF28B87C1008972
:100300008671FB8B878500898664F38B87C30089A0
:100310008656FCB80800508D8654BF509A0C02A136
:10032000D283C404B80A00508D86BCC0509A0C0217
:10033000A1D283C4048B5E06FF7711B80C15508DD3
:1003400046AA509A520608D783C4068B5E06FF77EA
:1003500013B81115508D86C0FC509A520608D783E9
:10036000C4068B5E068B477E4050B81615508D86AE
:10037000E2BF509A520608D783C406B8290050B984
:100380002000518D965AC0529AE20908D783C406BC
:100390008B46060546001E508BF09A640C08D783E6
:1003A000C404501E56B82800508D8E5AC016519A5B
:1003B0005006A1D283C40CB8290050B92000518D39
:1003C00056C2529AE20908D783C4068B460605191D
:1003D000001E508BF09A640C08D783C404501E563C
:1003E000B82800508D46C216509A5006A1D283C438
:1003F0000CC646EA00B8290050B82000508D86EEA1
:02000002C680B6
:10000000BF509AE20908D783C4068B460605C5008F
:100010001E508BF09A640C08D783C40450568D860A
:10002000EEBF509AB60908D783C406C78684C000BD
:1000300000EB0590FF8684C083BE84C00C7D1B8BC3
:100040005E068B87B1008BB684C0D1E63982CEFCC8
:1000500075E28B8684C08986C2F8B81400C45EBE7F
:1000600026F76F048986CCFC8B8649F48986CEC03E
:100070008B86D0EF8946B4898605DD8986F7E5B899
:100080002800501EFFB6A0DC508D8E96E516519AC2
:100090005006A1D283C40CB82800508D8E96E51668
:1000A000511EFFB692E59A160937D083C40AB828C4
:1000B00000508D46C216509AD201A1D283C4060BBD
:1000C000C07E06C7869AF1000083BE49F403740718
:1000D00083BE49F404750E8B8649F4898605DDC715
:1000E00086D0EF0000B80800508D8E54BF51FF76C7
:1000F000069AB60908D783C406B80800508D8E54F6
:10010000BF1651B8E500F76E088BD803064A358B49
:10011000164C3552508BF39A060C08D783C40AB894
:100120000100508D8672BF509A060042CC83C404F1
:100130008986E0BFB80800508D8E54BF51FF760607
:100140009AB60908D783C406B80800508D8654BFF4
:10015000165003364A358B0E4C3551569A060C080C
:10016000D783C40A8D46AA509AC00508D783C40213
:10017000898610BC8D86C0FC509AC00508D783C400
:10018000028986FEFD83BEE0BF0D7403E94B018B3F
:1001900086BCFD3D42007503E9F30077273C3474CB
:1001A000317E03E91E012C2674062C0D7410EB140D
:1001B0008D865CBF509A66033DD2E9000190C786E8
:1001C000E0BF000083BEE0BF007403E90C01E984D6
:1001D0000290FFB671FB8D46C250FFB649F4FFB6E0
:1001E000D0EF0EE8163C83C4080BC07403E978FE18
:1001F0008B46B48986D0EFE96EFEB82800508D4654
:10020000C216509AD201A1D283C4060BC07503E96D
:1002100056FE83BE9AF1007503E94CFEFF36BC051D
:100220002BC050B91B151E519A0C0036D183C4083F
:10023000C7869AF10000E92FFE908D46C250FFB6A6
:1002400049F40EE88C3C83C4040BC07403E918FE27
:100250008B86CEC0898649F4E90DFE9083BE71FB82
:10026000017403E902FE83BED0EF027503E9F8FDD5
:10027000FF36BC052BC050B93F151E519A0C0036F5
:10028000D183C408C78671FB0000E9DBFD90C786F7
:10029000BCFD31002BC0502BC951B9FFFF5150514B
:1002A000518D8672BF509A0800B6D183C40E8B9EC2
:1002B00056FCD1E3FFB7BA059AA405A1D283C402C4
:1002C000E9A5FD902C367503E92FFF2C037503E992
:1002D00068FF2C087486E9EBFE9083BEE0BFC37410
:1002E00003E9400183BEBCFD1B7403E93601C786E8
:1002F000C6FD1B0083BE6CBF037D17FF36BC052BFC
:10030000C050B86A151E509A0C0036D183C408E953
:1003100056FD1EFF7606FFB6ECBF9A2A07E5D3838B
:10032000C406898686C00BC07D08C78686C00000CB
:10033000EB1150FFB6ECBF9A9407E5D383C4048950
:100340008686C0B80100502BC0502BC9515051B8FF
:10035000080050B9040051BA060052BB020053FF16
:1003600076C0FF76BE9AB005B6D183C416B8A20493
:100370001E508D8670BF508D8686C0508B866CBF98
:10038000484850B8080050B8040050B8060050B8AB
:100390000200508D8608FE509A080018CC83C414C1
:1003A0008986E0BF3DC1FF7503E9BCFC8B8686C032
:1003B000404089868CFA8BB686C0D1E6D1E6FFB282
:1003C0000AFEFFB208FEFFB6ECBF9A2A07E5D38308
:1003D000C406898686C0B8080050B85300F7AE86B8
:1003E000C003067A2D8B167C2D40405250B8080071
:1003F000508D8654BF16509A5006A1D283C40CB8B3
:02000002C6C076
:100000005300F7AE86C08BF0C41E7A2D26FF700D0C
:10001000B89115508D46AA509A520608D783C40647
:10002000E945FC9083BEC6FDFD7403E93AFCB8E5E2
:1000300000F7AEBCFD8BF083BADBC0047503E92783
:10004000FC83BEE0BFC17403E91F010EE8833B4897
:100050007403E913FC8D86E2BF509AC00508D7836C
:10006000C402488B5E0689477EB80800501E539A2A
:10007000D201A1D283C4068BD88B7606C600008B32
:100080008610BC8944118B86FEFD894413B8280074
:10009000508D4EC216519AD201A1D283C4068986D0
:1000A00010BCB8280050B82000508D4419508BF86F
:1000B0009AE20908D783C406B82800508D46C216B4
:1000C00050FFB610BC1E579A5006A1D283C40C8BA9
:1000D0009E10BCC64019008B86D0EF89447AB80ABE
:1000E00000508D86BCC016509AD201A1D283C4069E
:1000F00089866EBF508D8EBCC0518D4C6F519AB6A3
:100100000908D783C4068B9E6EBFC6406F00B81027
:1001100000508D865CBF508D848700509AB60908C8
:10012000D783C4068B862EF5898483008B869AF14B
:100130008944428B867FF28944448A86B5F088845C
:1001400081008A8649F4888482008B8664F38984DE
:10015000850083BEDDF7027C03E9A8018B86DDF70D
:10016000484889849B00E9BE0190B8080050B8E572
:1001700000F76E088BC803064A358B164C35525073
:100180008D86B2C016508BF19A060C08D783C40A2C
:10019000B8080050B92000518BCE03364A358B1673
:1001A0004C3552568BF19A7C0C08D783C4088D8647
:1001B000B2C01650FFB6DEBF9A1209E5D383C4065B
:1001C00089863CBFB80800508D86B2C016500336F1
:1001D0004A358B0E4C3551569A060C08D783C40A03
:1001E00083BE3CBF007C178B86CAFC39863CBF743B
:1001F0000DFF36BC052BC050B89615E9F30083BE41
:1002000010BC017C0A8B8610BC3986CCFC7D33FF88
:10021000B6CCFCB8BE15508D8618C0509A52060850
:10022000D783C406FF36BC052BC0508D8618C01678
:10023000509A0C0036D183C408C786C6FD1C00E95D
:1002400026FA3986FEFD7E1EFF36BC052BC050B84F
:10025000DB151E509A0C0036D183C408C786C6FD34
:100260001D00E903FA90FFB649F4B82800508D4606
:10027000C216508D8618C016509AA60C37D083C46B
:100280000C0BC0751BFF36BC0550B811161E509ADA
:100290000C0036D183C408C786C6FD1F00E9C8F923
:1002A00083BE8CFA017403E9ABFD833EF234647CB7
:1002B0001DFF36BC052BC0501EFF366C069A0C0085
:1002C00036D183C408C786C6FD2F00E99AF98D860A
:1002D00054BF1650FFB6ECBF9A2A07E5D383C40675
:1002E0000BC07D03E96EFDFF36BC052BC050B82561
:1002F000161E509A0C0036D183C408C786C6FD1B53
:1003000000E964F98BB6DDF7D1E6D1E6FFB214BCA3
:10031000FFB212BCFFB6DEBF9A1209E5D383C40652
:100320008B5E0689879B0083BEF8F6027D168B865E
:10033000F8F648488B5E068987A1008B86F8F64858
:1003400048EB43908BB6F8F6D1E6D1E6FFB214BC89
:10035000FFB212BCFFB6DEBF9A1209E5D383C40612
:100360008B5E068987A1008BB6F8F6D1E6D1E6FF51
:10037000B214BCFFB212BCFFB6DEBF9A1209E5D3BD
:1003800083C4068B5E068987A7008B8613F68B5E77
:100390000689879700B82800508D8E5AC016519A4A
:1003A000D201A1D283C406898610BCB8280050B8F7
:1003B0002000508B4606054600508BF09AE2090853
:1003C000D783C406B82800508D865AC01650FFB691
:1003D00010BC1E569A5006A1D283C40C8B5E068BAD
:1003E000B610BCC64046008B8671FB8987C1008B66
:1003F000B6C2F8D1E68B82CEFC8987B10083BEA756
:02000002C70035
:10000000F9027D088B86A7F94848EB1F8BB6A7F944
:10001000D1E6D1E6FFB214BCFFB212BCFFB6DEBF20
:100020009A1209E5D383C4068B5E068987B3008BD9
:100030008656FC8B5E068987C300B82900508D86E2
:10004000EEBF16509AD201A1D283C406898610BC95
:10005000508D8EEEBF518B4E0681C1C500519AB6B0
:100060000908D783C4068B5E068BB610BCC680C554
:1000700000008B868CFA89863EBF0BC0750AC78745
:10008000BF00FFFFE9B8009083BE3EBF017403E9E3
:10009000820083BEE0BF00740783BEE0BFC1750C61
:1000A000C7863EBFFEFFE98B00909090FFB6ECBF85
:1000B0009A4A0190D483C40289863EBFB808005092
:1000C0001EFF7606B85300F7AE3EBF8BC803067A14
:1000D0002D8B167C2D404052508BF19A060C08D780
:1000E00083C40A8B5E068B4711C41E7A2D26894075
:1000F0000DFFB6ECBF9A420BA1D283C402FF36BEFD
:10010000052BC050B84C161E509A0C0036D183C433
:1001100008EB21908BB63EBFD1E6D1E6FFB202FEDE
:10012000FFB200FEFFB6ECBF9A2A07E5D383C406F0
:1001300089863EBF8B863EBF8B5E068987BF008B5C
:1001400086E0BF5E5F8BE55DCB90558BECB8C20F50
:100150009A1E0008D75756A1E634898626F1B93988
:1001600000F7E9030652358B1654358946F889564F
:10017000FA8DBEBEFDBE6A168CD08EC0B90C00F3DF
:10018000A5A42BC0B905008DBED7FDF3AAA14E359D
:100190008986F4FDA1782D8986F6FD2BC089862EEF
:1001A000F18986F2FD8986F8FD8986FAFD8986FC4B
:1001B000FDB8FFFF8986C0F08986FEFDC68600FE79
:1001C000002BC0B92A008DBE01FEF3AAC786CAF073
:1001D0000100C786CCF00E002BC08986C6F0898648
:1001E000C8F08986CEF08986D0F08986D2F08986DB
:1001F000D4F08986D6F08D86F2FD8986D8F08C966B
:10020000DAF08D8636F18986DCF08C96DEF02BC034
:10021000B946008DBEE0F0F3AA2BC0508D8E40F0A1
:10022000519A6002E5D383C404898634F1B8860C00
:10023000502BC0508D8E36F1519AE20908D783C4F5
:1002400006B00150B9010051BA8316522BD2525256
:100250008D9E36F1539A780D1BCF83C40CB001509C
:10026000B8010050FF367E042BC951FF3630328D65
:10027000961BF2529A780D1BCF83C40C2AC0502BC8
:10028000C951BA98165251518D9600F3529A780D71
:100290001BCF83C40C2AC0502BC951BA9E16525191
:1002A000BA0100528D9EE5F3539A780D1BCF83C49B
:1002B0000C2AC0502BC9512BD252BB070053BB0193
:1002C00000538D9ECAF4539A780D1BCF83C40C2A19
:1002D000C0502BC951BAA5165251BA0200528D9E78
:1002E000AFF5539A780D1BCF83C40C2AC0502BC98D
:1002F00051BAAD165251BA0300528D9E94F6539ADC
:10030000780D1BCF83C40C2AC0502BC951BABD161F
:100310005251BA0600528D9E79F7539A780D1BCF31
:1003200083C40CB8A20450B90C0051B9FEFF51BAF5
:100330000B00522ADB53BE0800568DBEDCFD57B8B9
:100340000600502BC0508D865EF8509ADA0D1BCFF8
:1003500083C414B8A20450B9FEFF51BAFFFF522A59
:10036000DB532BC050B80300502BC050B8020050D4
:100370008D46C45056B80200508D8E43F9519ABA3A
:100380000C1BCF83C418B8A20450B9FEFF51B9FFAB
:10039000FF512AD2522BDB53B82800502BC050B843
:1003A0000500508D46CE5053B80400508D8628FA73
:1003B000509ABA0C1BCF83C418B8A20450B90D00D0
:1003C0005156B9FFFF512AC951B90400518D96E722
:1003D000FD52BB090053BE0600568DB60DFB569A62
:1003E000DA0D1BCF83C414B8A20450B9FDFF51FF2E
:1003F000B634F18D8E40F051B9090051BA04005263
:02000002C740F5
:10000000BB02005353578DB6F2FB569A4C0E1BCFD2
:1000100083C414B8A20450B80B0050B8020050B901
:10002000E60551B904005150B8090050B80300501A
:100030008D86E7FD508D86D7FC509A4C0E1BCF83E2
:10004000C414B80A0050B82000508D4EC4519AE232
:100050000908D783C406B8290050B82000508D463F
:10006000CE509AE20908D783C406C646F600837EBE
:1000700006007D1A2BC0898630F18986C2F0A14620
:10008000358B1648358946FC8956FEE99A00B8E555
:1000900000F76E068BD8031E4A358E064C35899EB6
:1000A00028F18C862AF1268B87BF008986C2F0B89A
:1000B0005300F7AEC2F08BD8C4367A2D268B008958
:1000C0008630F1B95F008BD8F7E9030646358B1609
:1000D00048358946FC8956FEFFB6C2F0539A94070C
:1000E000E5D383C4048986C2F0C49E28F1268B47D9
:1000F0007C898653FD26FF7711B8C616508D46C4FD
:10010000509A520608D783C406B82800508B8E2810
:10011000F18B962AF183C1465251508D46CE16502E
:100120009A5006A1D283C40CC786DBF408008B86E4
:1001300030F189866EFC8986BCFD8B86C2F089868B
:1001400032F12BC0508D8E2CFE518B966EFC899611
:1001500030F1529AB602E5D383C4068986C4F00B07
:10016000C07E17B80900508BB6C2F0D1E6D1E6FFC9
:10017000B22EFEFFB22CFEEB0A90B8070050B8CBAF
:10018000161E508D8610F516509A060C08D783C49B
:100190000A2BC0508D86C6F0509A060042CC83C40C
:1001A0000489862CF18B866EFC898630F1B95F005C
:1001B000F7E9030646358B1648358946FC8956FE15
:1001C00083BEF2FD0C7403E9E20083BE2CF1C1751D
:1001D000198B86BCFD89866EFC8B8632F18986C2BE
:1001E000F0C786FCFD0800E958FF8B8630F13986A0
:1001F000BCFD7406C786C2F0000083BEC4F0017D5A
:1002000003E9FD00B80100502BC0502BC9515051DB
:10021000B8080050B904005150BA0200522BDB5309
:10022000539AB005B6D183C416B8A2041E508D8669
:100230002EF1508D86C2F050FFB6C4F0B8080050C1
:10024000B904005150B80200508D862CFE509A0817
:100250000018CC83C41489862CF13DC1FF7503E9D5
:10026000E0FE8B86C2F0898632F18BF0D1E6D1E6D2
:10027000FFB22EFEFFB22CFE8B8630F18986BCFDCC
:10028000509A2A07E5D383C406B95300F7E98BF0E7
:10029000C41E7A2D26FF700DB8D216508D46C4505C
:1002A0009A520608D783C406E936FF9083BE2CF124
:1002B000C175470EE81B31487403E985FE83BE2CE7
:1002C000F1C17503E9350183BEC4F0007F03E92B5A
:1002D00001837E06007C03E9AA00B8FFFF50FFB649
:1002E00026F19A860090D483C4048946060BC07D0B
:1002F00061B8FFFF5E5F8BE55DCB83BEC4F0017D1F
:1003000019FF36BC052BC0508D86BEFD16509A0CC9
:100310000036D183C408E929FE908D46C4509AC0A6
:100320000508D783C40289863EF03D01007C053D67
:100330008C007E89FF36BC052BC050B8D6161E50E7
:100340009A0C0036D183C408C786FCFD0900E9F188
:10035000FD90B8E500F76E068BD8031E4A358E0671
:100360004C35899E28F18C862AF126C7470B02005E
:10037000FF36BE052BC050B8F4161E509A0C00363E
:10038000D183C4088B863EF0C49E28F1268947118C
:10039000268947134050B82000508D474606508BA1
:1003A000F08CC79A7C0C08D783C408B82800508DFD
:1003B00046CE1650FFB63EF057569A5006A1D2834D
:1003C000C40CC49E28F18BB63EF026C64046008B76
:1003D0008653FD2689477C8BB6C2F0D1E6D1E6FF75
:1003E000B22EFEFFB22CFEFFB630F19A2A07E5D3FB
:1003F00083C406C49E28F1268987BF008B46065E0B
:02000002C780B5
:100000005F8BE55DCB90558BECB8380D9A1E0008E0
:10001000D75756A1E63489862CF3B93900F7E9039E
:100020000652358B1654358946FC8956FEA14E354D
:100030008946BEA1782D8946C02BC0898634F389B4
:1000400046BC8946C28946C48946C6B8FFFF898630
:10005000CAF28946C8C646CA002BC0B92A008D7E9E
:10006000CB1607F3AAC786D0F20100C786D2F20EDC
:10007000002BC08986CCF28986CEF28986D4F2899B
:1000800086D6F28986D8F28986DAF28986DCF28D04
:1000900046BC8986DEF28C96E0F28D8636F3898640
:1000A000E2F28C96E4F22BC0B946008DBEE6F2F384
:1000B000AAB8860C502BC0508D8E36F3519AE209A7
:1000C00008D783C406C49E2EF326FF7711B81317F2
:1000D000508D46F6509A520608D783C406B8FFFFE3
:1000E00050FFB62CF39A860090D483C40489460648
:1000F0000BC07D0AB8FFFF5E5F8BE55DCB90B8E576
:1001000000F76E068BD8031E4A358E064C35899E45
:100110002EF38C8630F326C7470B0600C706E03463
:10012000FFFFB80600C49E2EF32689471126894793
:10013000138B86C8F24050B82000508D47460650B9
:100140009A7C0C08D783C408C49E2EF38BB6C8F2E1
:1001500026C640460026C7477C0000FF36BE052B5A
:10016000C050B818171E509A0C0036D183C4088BA3
:1001700046065E5F8BE55DCB558BECB870199A1E19
:100180000008D75756A1E63489868EE7B93900F7BB
:10019000E9030652358B1654358946E68956E8C779
:1001A000862CFC0000C78616E7C1FFC7861CE70D3A
:1001B00000C78622E7C5FFA14E35894696A1782D56
:1001C0008946982BC0898618E789861AE789861E92
:1001D000E7898620E7898624E7898626E7898628B5
:1001E000E789862AE789862CE789469489469A8991
:1001F000469C89469EC746A0FFFFC646A200B92A74
:10020000008D7EA31607F3AAC78632E70100C786D2
:1002100034E713002BC089862EE7898630E789866C
:1002200036E7898638E789863AE789863CE7898612
:100230003EE78D4694898640E78C9642E78D862876
:10024000EB898644E78C9646E72BC0B946008DBE05
:1002500048E7F3AAFF36BC052BC050B837171E502D
:100260009A0C0036D183C408B8FFFF5E5F8BE55D52
:10027000CB9083BE90E70D7403E9D601837E941082
:100280007403E9C3008B46FE3986F4F974553D02C8
:10029000007C50FFB68EE79A2A015DD383C4020B1F
:1002A000C07440B85F00F76EFE030646358B1648F3
:1002B000352DBC005250B8E017508D8692E7509A09
:1002C000520608D783C408FF36BC052BC0508D8664
:1002D00092E716509A0C0036D183C4088B46FE89EB
:1002E00086F4F98B86F4F98946FEB80100508D8EAC
:1002F0002EE7519A060042CC83C404898690E73DDC
:10030000C1FF7403E96BFFB8E500F76E948BF083CF
:10031000BA33EB047503E959FF0EE8B52C4875C3F1
:1003200083BE90E7C17503E9EE0383BE8EE7007CD0
:1003300003E90B039A080090D489868EE70BC07CF2
:1003400003E9E002E921FF90837E940E7406837E28
:10035000940F758FB8E500F76E948BF083BAA4EB19
:10036000007403E97DFF83BE8EE7007D03E973FF20
:10037000837E940E7558C7862AFC0000EB04FF8626
:100380002AFCA1EA3439862AFC7C03E99200B8E50C
:1003900000F7AE2AFC8BF0C41E4A358B868EE7260A
:1003A00039400975D9B8E500F7AE2AFC8BD8031E91
:1003B0004A352680BF80000175C48CC0C476E6260D
:1003C0008B4C028EC026394F0D7DB3EB5390C78600
:1003D0002AFC0000EB04FF862AFCA1EA3439862AB5
:1003E000FC7D3DB8E500F7AE2AFC8BF0C41E4A3513
:1003F0008B868EE72639400975DCB8E500F7AE2A12
:02000002C7C075
:10000000FC8BD8031E4A352680BF80000175C78C43
:10001000C0C476E6268B4C028EC026394F0D7CB6C6
:10002000A1EA3439862AFC7C03E9B7FEFF36BC0519
:100030002BC050B812181E509A0C0036D183C40839
:10004000B8E500F76E948BF0C782A4EB0100E9924B
:10005000FE9083BE90E7C57403E987FE8B860FF997
:10006000898628FC8B8E2AF8894ECE2B0EE234F737
:10007000D92BC8898E20EB8D46D2509A6A06E5D3DB
:1000800083C402898614E70BC07C233B868EE77409
:100090001DFF36BC052BC050B834181E509A0C00FA
:1000A00036D183C408C7469E0800E936FE9083BE59
:1000B000F4F9017403E968FE833EF0341E7C1DFFF1
:1000C00036BC052BC0501EFF366A069A0C0036D18E
:1000D00083C408C7469E0B00E908FE90B80800508C
:1000E000B82000508D46EA509AE20908D783C4062A
:1000F000C646F200B8640050B86118508D8692E789
:10010000509AB60908D783C4068D8626EB508D8E8B
:1001100022EB512BD2528D9E92E716539A9A0236B9
:10012000D183C40AB80100508D8E16E716512BC931
:100130005150512BC050505050B8040050B80800D6
:10014000508D4EEA16512B8626EBF7D850FFB6227B
:10015000EB2BC050509A080037D083C42489869076
:10016000E79A6E0536D183BE90E7C1750B83BE90CA
:10017000E7C1755AE96CFD90B8010050B80800500D
:100180008D46EA16509AC21A42CC83C4080BC07539
:1001900003E975FF8D46EA16509AC206E5D383C47B
:1001A000040BC07CC8FF36BC052BC050B874181EA9
:1001B000509A0C0036D183C408B8080050B820000B
:1001C000508D46EA509AE20908D7E939FF909AF033
:1001D0000090D489861EEB0BC07D03E942FDB80870
:1001E00000508D46EA16509AD201A1D283C406501F
:1001F0008D46EA1650B85F00F7AE1EEB0306463593
:100200008B164835404052509A060C08D783C40AD2
:10021000C7862CFC99188B861EEB40408986F4F922
:10022000E9FDFC90B83900F7AE8EE7030652358B36
:100230001654358946E68956E8C7862CFCB618B8A8
:100240001200508D46D216508B46E68B56E8050EAE
:100250000052508BF08BFA9A060C08D783C40AB868
:1002600012005057569AD201A1D283C4068BF0C413
:100270005EE626C6400E008B46CE268947028B8658
:1002800020EB268947048B86F4F989861EEB3D0214
:10029000007D0926C7470CFFFFEB0E908B861EEBF7
:1002A0004848C45EE62689470C83BED9FA007E1A08
:1002B0001EFFB672FAFFB68EE79A1209E5D383C421
:1002C00006C45EE62689472DEB09C45EE626C747CD
:1002D0002DFFFF83BEBEFB007E1A1EFFB657FBFF3D
:1002E000B68EE79A1209E5D383C406C45EE6268972
:1002F000472FEB09C45EE626C7472FFFFF83BE2CBE
:10030000FC007414FF36BE052BC0501EFFB62CFC3B
:100310009A0C0036D183C4088B868EE75E5F8BE52E
:100320005DCB558BECB8DC119A1E0008D75756B838
:100330003900F72EE634030652358B1654358946BC
:10034000FC8956FEA14E35894692A1782D894694A6
:100350002BC089469089469689469889469AC74611
:100360009CFFFFC6469E00B92A008D7E9F1607F3AC
:10037000AAC78628EE0100C7862AEE13002BC08983
:100380008624EE898626EE89862CEE89862EEE89D5
:100390008630EE898632EE898634EE8D46908986E7
:1003A00036EE8C9638EE8D8690EE89863AEE8C96F7
:1003B0003CEE2BC0B946008DBE3EEEF3AAB8FF104E
:1003C000502BC0508D8E90EE519AE20908D783C40D
:1003D00006B00150B9010051BADA18522BD252526C
:1003E0008D9E90EE539A780D1BCF83C40CB00150B4
:1003F000B8010050FF367E042BC951FF3630328DD4
:02000002C80034
:100000009675EF529A780D1BCF83C40C2AC0502BE3
:10001000C951BAEF185251518D965AF0529A780D33
:100020001BCF83C40C2AC0502BC951BAF9185251A6
:10003000BA0100528D9E3FF1539A780D1BCF83C4B5
:100040000C2AC0502BC951BA04195251BA0200529D
:100050008D9E24F2539A780D1BCF83C40C2AC05076
:100060002BC951BA0C195251BA0300528D9E09F393
:10007000539A780D1BCF83C40C2AC0502BC951BA98
:1000800017195251BA0400528D9EEEF3539A780D0F
:100090001BCF83C40C2AC0502BC951BA221952510C
:1000A000BA0500528D9ED3F4539A780D1BCF83C4AA
:1000B0000CB8A20450B90E0051B9FEFF51BA0D00A0
:1000C000522AD252BB0800538D76CA56BF0C005735
:1000D0002BC0508D86B8F5509ADA0D1BCF83C4140F
:1000E000B8A20450B90F0051B9FEFF51BAFFFF5238
:1000F0002ADB53B80500508D46D45057B801005044
:100100008D869DF6509ADA0D1BCF83C414B8A204D5
:1001100050B9100051B9FEFF51BAFFFF522ADB530C
:10012000B80500508D46DE5057B80200508D8682CB
:10013000F7509ADA0D1BCF83C414B8A20450B9113A
:100140000051B9FEFF51BAFFFF522ADB53B801003C
:10015000508D46E85057B80300508D8667F8509A86
:10016000DA0D1BCF83C414B8A20450B9120051B9E0
:10017000FEFF51B9FFFF512AD252BB0100538D46F9
:10018000F25057B80400508D864CF9509ADA0D1B86
:10019000CF83C414B8A20450B9080051BAFFFF526B
:1001A0002AD252BA010052BA0300522BD252BA02DA
:1001B00000528D9E86EE5357B80500508D8631FA59
:1001C000509ABA0C1BCF83C418B8A20450B90800C7
:1001D00051BA050052BA14065251B9040051BA0B73
:1001E0000052BB020053568DB616FB569A4C0E1B9E
:1001F000CF83C414B8A20450B9090051B906005104
:10020000B9280651B9070051BA040052BB0B00537C
:10021000BE0200568D46D4508D86FBFB509A4C0E84
:100220001BCF83C414B8A20450B90A0051B904000A
:1002300051BA400652BA07005251BA0B0052568DBD
:100240005EDE538D9EE0FC539A4C0E1BCF83C4148C
:10025000B8A20450B90B005156BA500652BA040065
:10026000525651528D5EE8538D9EC5FD539A4C0EE9
:100270001BCF83C414B8A204505756B8580650B8C0
:1002800004005056B90B0051508D46F2508D86AA8D
:10029000FE509A4C0E1BCF83C414C45EFC268B47C1
:1002A00021898692FB268B4723898677FC268B47FC
:1002B0002589865CFD268B4727898641FE268B474C
:1002C00029898626FF26FF772BB83719508D868619
:1002D000EE509A520608D783C4062BC0508D862450
:1002E000EE509A060042CC83C404898684EE3DC158
:1002F000FF743F8B8692FBC45EFC268947218B8668
:1003000077FC268947238B865CFD268947258B86CB
:1003100041FE268947278B8626FF268947298D8619
:1003200086EE509AC00508D783C402C45EFC2689B5
:10033000472B5E5F8BE55DCB558BECB8F80F9A1EB3
:100340000008D75756A1E634898672F0B93900F70C
:10035000E9030652358B1654358946FC8956FEA1B1
:100360004E358946C4A1782D8946C62BC08946C220
:100370008946C88946CA8946CCC746CEFFFFC646CD
:10038000D000B92A008D7ED11607F3AAC78614F0D3
:100390000100C78616F011002BC0898610F08986EF
:1003A00012F0898618F089861AF089861CF08986F1
:1003B0001EF0898620F08D46C2898622F08C962414
:1003C000F08D8674F0898626F08C9628F02BC0B9C3
:1003D00046008DBE2AF0F3AAC78608F03D198C9E10
:1003E0000AF0C7860CF040198C9E0EF0B8350F50FD
:1003F0002BC0508D8E74F0519AE20908D783C40641
:02000002C840F4
:10000000B00150B9010051BA4419522BD252528D4D
:100010009E74F0539A780D1BCF83C40CB00150B876
:10002000010050FF367E042BC951FF3630328D96C9
:1000300059F1529A780D1BCF83C40C2AC0502BC99A
:1000400051BA59195251518D963EF2529A780D1B60
:10005000CF83C40C2AC0502BC951BA68195251BA67
:100060000100528D9E23F3539A780D1BCF83C40C4D
:100070002AC0502BC951BA74195251BA0200528D7C
:100080009E08F4539A780D1BCF83C40C2AC0502BC2
:10009000C951BA84195251BA0300528D9EEDF453DE
:1000A0009A780D1BCF83C40CB8A20450B90B005131
:1000B000B9FEFF51BA0A00522ADB53BE0300568D27
:1000C0007EAA57B80F00502BC0508D86B7F6509AB5
:1000D000DA0D1BCF83C414B8A20450B90C0051BA76
:1000E000FEFF52BBFFFF532AC050568D46B0505101
:1000F000B80100508D869CF7509ADA0D1BCF83C44F
:1001000014B8A20450B90D0051B9FEFF51B9FFFF58
:10011000512AD252568D5EB653B8100050B8020024
:10012000508D8681F8509ADA0D1BCF83C414B8A283
:100130000450B90E0051BA070052BBFFFF532ADB2F
:1001400053568D5EBC5351568DB666F9569ADA0DEC
:100150001BCF83C414B8A20450B9070051B90200E0
:1001600051BAE60552BB04005351BE0F0056515719
:100170008DBE4BFA579A4C0E1BCF83C414B8A20401
:1001800050B9080051B9020051BAE60552BB04004B
:100190005351BF0C0057518D7EB0578DBE30FB5769
:1001A0009A4C0E1BCF83C414B8A20450B909005155
:1001B000B90200518D9608F052BA040052515651BE
:1001C0008D5EB6538D9E15FC539A4C0E1BCF83C487
:1001D00014B8A20450B80A0050B8020050B9E6059D
:1001E00051B904005150B90E0051508D46BC508D8C
:1001F00086FAFC509A4C0E1BCF83C414C45EFC26B6
:100200008B47318986C7FA268B47338986ACFB2614
:100210008B4735898691FC268B4737898676FD2B5F
:10022000C0508D8610F0509A060042CC83C40489D9
:100230008670F03DC1FF75080EE8962148EB0990E5
:100240003DC5FF74053DC1FF75D583BE70F0C17417
:10025000238B86C7FAC45EFC268947318B86ACFBAC
:10026000268947338B8691FC268947358B8676FD18
:10027000268947375E5F8BE55DCB558BECB8641103
:100280009A1E0008D75756A14E358946A6A1782D4B
:100290008946A82BC08946A48946AA8946AC8946C6
:1002A000AEC746B0FFFFC646B200B92A008D7EB386
:1002B0001607F3AAC786EEEE0100C786F0EE12001D
:1002C0002BC08986EAEE8986ECEE8986F2EE898675
:1002D000F4EE8986F6EE8986F8EE8986FAEE8D468A
:1002E000A48986FCEE8C96FEEE8D865CEF898600F6
:1002F000EF8C9602EF2BC0B946008DBE04EFF3AA37
:10030000C746DE92198C5EE0C746E297198C5EE420
:10031000C746E69D198C5EE8C746EAAA198C5EECD2
:10032000C746EEAE198C5EF0C7864CEFB3198C9EB3
:100330004EEFC78650EFB8198C9E52EFC78654EF28
:10034000BB198C9E56EFC78658EFBE198C9E5AEF8C
:10035000C786C2EEC3198C9EC4EEC786C6EEC61908
:100360008C9EC8EEB81A10502BC0508D8E5CEF5189
:100370009AE20908D783C406B00150B9010051BA06
:10038000CA19522BD252528D9E5CEF539A780D1B94
:10039000CF83C40CB00150B8010050FF367E042B4F
:1003A000C951FF3630328D9641F0529A780D1BCFED
:1003B00083C40C2AC0502BC951BADF195251518D38
:1003C0009626F1529A780D1BCF83C40C2AC0502B6D
:1003D000C951BAE5195251BA0100528D9E0BF25320
:1003E0009A780D1BCF83C40C2AC0502BC951BAF088
:1003F000195251BA0200528D9EF0F2539A780D1B99
:02000002C880B4
:10000000CF83C40C2AC0502BC951BAF7195251BA28
:100010000300528D9ED5F3539A780D1BCF83C40CE9
:100020002AC0502BC951BAFF195251BA0400528D3F
:100030009EBAF4539A780D1BCF83C40C2AC0502B60
:10004000C951BA0C1A5251BA0500528D9E9FF553F0
:100050009A780D1BCF83C40C2AC0502BC951BA14F7
:100060001A5251BA0700528D9E84F6539A780D1B8E
:10007000CF83C40CB8A20450B9FEFF51BA0E00528F
:100080002AD252BB010053BB0800532BF656BF04C3
:1000900000578D46F250B80700502BC0508D86692E
:1000A000F7509ABA0C1BCF83C418B8A20450B90FEA
:1000B0000051B9FEFF51BAFFFF522ADB53B80C00C2
:1000C000508D8676FF50B8080050B80200508D86DB
:1000D0004EF8509ADA0D1BCF83C414B8A20450B95D
:1000E000100051B9FEFF51BAFFFF522ADB53B80688
:1000F00000508D468550B8080050B80300508D86DA
:1001000033F9509ADA0D1BCF83C414B8A20450B946
:10011000110051B9FEFF51BAFFFF522ADB53B80359
:1001200000508D469450B80D0050578D8618FA50E7
:100130009ADA0D1BCF83C414B8A20450B9FEFF5144
:10014000B9FFFF512AD2522BDB53B81F005056B8CB
:100150000600508D86A2EE50B8090050B805005038
:100160008D86FDFA509ABA0C1BCF83C418B8A2042E
:1001700050B9090051BAFFFF522ADB532BDB53B8A9
:100180001F005056B80600508DB6CAEE5651B9073A
:1001900000518D8EE2FB519ABA0C1BCF83C418B864
:1001A000A20450B90A0051B90500518D56DE52BA69
:1001B0000C00525751B90200518D9E76FF538D9E0F
:1001C000C7FC539A4C0E1BCF83C414B8A20450B979
:1001D0000B0051578D8E4CEF51B906005157B9089D
:1001E0000051B90200518D5685528D96ACFD529A40
:1001F0004C0E1BCF83C414B8A20450B80C0050B8E6
:100200000200508D8EC2EE515750B80D0050B80309
:1002100000508D4694508D8691FE509A4C0E1BCF07
:1002200083C414B82000508BC8518D96A2EE529A08
:10023000E20908D783C406B820005050569AE20954
:1002400008D783C4062AC08886C1EE8886E9EE8373
:100250007E06007D49833EF0341E7C1EFF36BC05C1
:100260002BC0501EFF366A069A0C0036D183C40894
:10027000B8FFFF5E5F8BE55DCB90C78643FD020054
:10028000C78628FE0300B8090050B82000508D46EC
:10029000F2509AE20908D783C406E9A50090B85F36
:1002A00000F76E068BD8031E46358E064835895EEC
:1002B000FC8C46FE268B4715898643FD268B471707
:1002C000898628FE268B475989860DFFB80800507D
:1002D0008D470206508D46F216509A060C08D783B9
:1002E000C40AB80800508D46F2509A0C02A1D2837D
:1002F000C4048B46FC8B56FE05190052508BF08BC4
:10030000FA9A640C08D783C4045057568D86A2EE1F
:1003100016509A060C08D783C40A8B46FC8B56FEEF
:1003200005390052508BF08BFA9A640C08D783C4BD
:10033000045057568D86CAEE16509A060C08D7837D
:10034000C40A2BC0508D86EAEE509A060042CC8338
:10035000C40489864AEF3DC1FF75270EE8731C4827
:1003600075E083BE4AEFC17503E96B01837E060029
:100370007D729AF00090D48946060BC07D3EE9EF6D
:10038000FE903DC5FF75BB8D46F216509AC206E53C
:10039000D383C40489869EEE0BC07CC63B4606749C
:1003A000C1FF36BC052BC050B81D1A1E509A0C0058
:1003B00036D183C408C746AE0900EB86B85F00F7A4
:1003C0006E06030646358B1648358946FC8956FE6F
:1003D000FF36BE052BC050B8421A1E509A0C00368C
:1003E000D183C408B80800508D46F216508B46FCE5
:1003F0008B56FE404052508BF08BFA9A060C08D771
:02000002C8C074
:1000000083C40AB808005057569AD201A1D283C4BB
:10001000068BF0C45EFC26C64002008B8643FD269C
:100020008947158B8628FE268947178B860DFF2664
:100030008947598D86A2EE509AA40508D783C40239
:100040008986A0EE3D1F007C16B81F00508D86A249
:10005000EE16509AD201A1D283C4068986A0EE5032
:100060008D86A2EE16508B46FC8B56FE051900526B
:10007000509A060C08D783C40AC45EFC8BB6A0EE67
:1000800026C64019008D86CAEE509AA40508D7836B
:10009000C4028986A0EE3D1F007C16B81F00508D5B
:1000A00086CAEE16509AD201A1D283C4068986A0D0
:1000B000EE508D86CAEE16508B46FC8B56FE0539E7
:1000C0000052509A060C08D783C40AC45EFC8BB653
:1000D000A0EE26C64039008B46065E5F8BE55DCB01
:1000E000558BECB8AC0C9A1E0008D75756A14E356C
:1000F0008946BEA1782D8946C02BC08946BC894659
:10010000C28946C48946C6C746C8FFFFC646CA005C
:10011000B92A008D7ECB1607F3AAC7869EF301008D
:10012000C786A0F30D002BC089869AF389869CF3BD
:100130008986A2F38986A4F38986A6F38986A8F323
:100140008986AAF38D46BC8986ACF38C96AEF38D76
:100150008604F48986B0F38C96B2F32BC0B94600BE
:100160008DBEB4F3F3AAC786FCF35F1A8C9EFEF330
:10017000C78600F4651A8C9E02F4837E08007D24F5
:10018000833EF234647C1DFF36BC052BC0501EFF3D
:10019000366C069A0C0036D183C408B8FFFF5E5F48
:1001A0008BE55DCBB8A10B502BC0508D8E04F45164
:1001B0009AE20908D783C406B00150B9010051BAC8
:1001C0006A1A522BD252528D9E04F4539A780D1B08
:1001D000CF83C40CB00150B8010050FF367E042B11
:1001E000C951FF3630328D96E9F4529A780D1BCF03
:1001F00083C40C2AC0502BC951BA7F1A5251518D59
:1002000096CEF5529A780D1BCF83C40C2AC0502B82
:10021000C951BA851A5251BA0100528D9EB3F65394
:100220009A780D1BCF83C40C2AC0502BC951BA8DAC
:100230001A5251BA0200528D9E98F7539A780D1BAC
:10024000CF83C40C2AC0502BC951BA9D1A5251BA3F
:100250000300528D9E7DF8539A780D1BCF83C40CFA
:100260002AC0502BC951BAA51A5251BA0500528D55
:100270009E62F9539A780D1BCF83C40CB8A2045028
:10028000B9FEFF51BA0B00522AD252BB010053BE35
:100290000800562BFF572BC0508D46A650B80700BC
:1002A000502BC0508D8E47FA519ABA0C1BCF83C485
:1002B00018B8A20450B9FEFF51BAFFFF522ADB530F
:1002C0002BC050B803005057B80200508D46F6506E
:1002D00056B80100508D862CFB509ABA0C1BCF8368
:1002E000C418B8A20450B90C0051BAFEFF52BBFFAB
:1002F000FF532AC050B80500508D46B450B80F00C7
:1003000050B80200508D8611FC509ADA0D1BCF8335
:10031000C414B8A20450B9FEFF51B9FFFF512AD24C
:10032000522BDB53B81F005057B80600508D865A29
:10033000F350B8090050B80300508D86F6FC509A6F
:10034000BA0C1BCF83C418B8A20450B9070051B926
:10035000FFFF512AC9512BC951BA1F005257BA0683
:1003600000528D967AF352BB090053BF0500578D9A
:1003700086DBFD509ABA0C1BCF83C418B8A2045078
:10038000B8090050B80200508D8EFCF3515750B997
:100390000C0051B90300518D4EB4518D8EC0FE51E9
:1003A0009A4C0E1BCF83C414B8090050B8200050DB
:1003B0008D4EA6519AE20908D783C406B8050050AD
:1003C000B8AE1A508D46F6509AB60908D783C406BF
:1003D000B82000508BC8518D965AF3529AE2090802
:1003E000D783C406B8200050508D867AF3509AE225
:1003F0000908D783C4062AC0888679F3888699F3CA
:02000002C90033
:10000000837E08007D03E9A200B8080050B85300C1
:10001000F76E0803067A2D8B167C2D8946B089561B
:10002000B2404052508D46A616509A060C08D7830F
:10003000C40A568D46A6509A0C02A1D283C404C4A9
:100040005EB026FF770DB8B31A508D46F6509A521F
:100050000608D783C406C45EB0268B470F89863C4A
:10006000FF8D471306508BF08CC79A640C08D7831A
:10007000C4045057568D865AF316509A060C08D76A
:1000800083C40A8B46B08B56B205330052508BF0B6
:100090008BFA9A640C08D783C4045057568D867A1D
:1000A000F316509A060C08D783C40A2BC0508D86CD
:1000B0009AF3509A060042CC83C4048986FAF33D31
:1000C000C1FF75300EE80A174875E083BEFAF3C128
:1000D0007503E9AD01837E08007C03E9AE00FF767D
:1000E000069A4A0190D483C4028946080BC07D74E5
:1000F000E9A8FC908D46A61650FF76069A2A07E5D9
:10010000D383C406898658F30BC07C223B4608740F
:100110001DFF36BC052BC050B8B91A1E509A0C00F2
:1001200036D183C408C746C60700E97EFF908D46D6
:10013000F6509AC00508D783C402898656F33D015C
:10014000007C053D8C007E83FF36BC052BC050B87B
:10015000E01A1E509A0C0036D183C408C746C60860
:1001600000E947FFB85300F76E0803067A2D8B1697
:100170007C2D8946B08956B2FF36BE052BC050B8DB
:10018000FE1A1E509A0C0036D183C408B8080050DD
:100190008D46A616508B46B08B56B2404052508BBF
:1001A000F08BFA9A060C08D783C40AB80800505797
:1001B000569AD201A1D283C4068BF0C45EB026C683
:1001C0004002008D46F6509AC00508D783C402C489
:1001D0005EB02689470D8B863CFF2689470F8D86AA
:1001E0005AF3509AA40508D783C402898656F33D72
:1001F0001F007C16B81F00508D865AF316509AD2F5
:1002000001A1D283C406898656F3508D865AF3160F
:10021000508B46B08B56B205130052509A060C080C
:10022000D783C40AC45EB08BB656F326C64013000B
:100230008D867AF3509AA40508D783C4028986561E
:10024000F33D1F007C16B81F00508D867AF31650C0
:100250009AD201A1D283C406898656F3508D867A3C
:10026000F316508B46B08B56B205330052509A06A7
:100270000C08D783C40AC45EB08BB656F326C640BA
:1002800033008B46085E5F8BE55DCB90558BECB8F9
:1002900098139A1E0008D75756B82A00F76E06031F
:1002A000067E2D8B16802D8986D0EC8996D2ECA106
:1002B000E6348986CCECA14E358946B0A1782D89EB
:1002C00046B22BC08946AE8946B48946B68946B83F
:1002D000C746BAFFFFC646BC00B92A008D7EBD16D0
:1002E00007F3AAC78670EC0100C78672EC11002BD9
:1002F000C089866CEC89866EEC898674EC8986767A
:10030000EC898678EC89867AEC89867CEC8D46AE21
:1003100089867EEC8C9680EC8D8604F0898682EC52
:100320008C9684EC2BC0B946008DBE86ECF3AAC730
:10033000863AFF1C1B8C9E3CFFC7863EFF221B8C0F
:100340009E40FFC78642FF2C1B8C9E44FFC78646FB
:10035000FF321B8C9E48FFB8150050B82000508D0E
:1003600046EA509AE20908D783C406C646FE00A1B1
:10037000F0058986D6EC8C9ED8ECA1F2058986DA48
:10038000EC8C9EDCECB80200508D8ED6EC519A6459
:1003900000E5D383C4048946E8B8350F502BC0501C
:1003A0008D8E04F0519AE20908D783C406B001503B
:1003B000B90100518D56EA522BD252528D9E04F053
:1003C000539A780D1BCF83C40CB00150B901005172
:1003D000FF367E042BD252FF3630328D9EE9F05329
:1003E0009A780D1BCF83C40CB00150B80100502B7C
:1003F000C9512BD252528D9ECEF1539A780D1BCFFC
:02000002C940F3
:1000000083C40C2AC0502BC951BA3C1B5251518D8C
:1000100096B3F2529A780D1BCF83C40C2AC0502B92
:10002000C951BA471B5251BA0100528D9E98F353E1
:100030009A780D1BCF83C40C2AC0502BC951BA52D9
:100040001B5251BA0200528D9E7DF4539A780D1BBB
:10005000CF83C40C2AC0502BC951BA581B5251BA75
:100060000300528D9E62F5539A780D1BCF83C40C0A
:100070002AC0502BC951BA611B5251BA0500528D8A
:100080009E47F6539A780D1BCF83C40CB8A2045038
:10009000B90D0051BAFEFF52BB0C00532ADB53BE10
:1000A0000900568DBE7EFF57B80B00502BC0508DF7
:1000B000862CF7509ADA0D1BCF83C414B8A20450D3
:1000C000B90E0051B9FEFF51BAFFFF522ADB53B8F7
:1000D0000800508D468A50B80B0050B80100508D72
:1000E0008611F8509ADA0D1BCF83C414B8A20450BD
:1000F000B90F0051B9FEFF51BAFFFF522ADB53B8C6
:100100000800508D469650B8060050B80200508D39
:1001100086F6F8509ADA0D1BCF83C414B8A20450A7
:10012000B9FEFF51B9FFFF512AD2522BDB53B81E43
:1001300000502BC050B80500508D864CFF50B80AB7
:100140000050B80300508D86DBF9509ABA0C1BCFD3
:1001500083C418B8A20450B9FDFF51BA080052BBBD
:10016000FFFF532ADB53BB070053BB6F1B53BB0D71
:100170000053BB0500538D9EC0FA539ADA0D1BCF76
:1001800083C414B8A20450B9080051BA0400528DB7
:100190009E3AFF53565256BB010053578D9EA5FB06
:1001A000539A4C0E1BCF83C414B8A2045056FF764A
:1001B000E88D8ED6EC51B9080051BA040052BB0B41
:1001C0000053BB0200538D768A568DB68AFC569A30
:1001D0004C0E1BCF83C414B8A20450B8FDFF50B816
:1001E000080050B9F4055150B8040050B906005148
:1001F000BA0200528D5E96538D9E6FFD539A4C0E3F
:100200001BCF83C414C49ED0EC268B47048986215F
:10021000FC26837F06007D06268B4706EB0C26FF17
:1002200077069AB208E5D383C4024040898606FD6A
:10023000C49ED0EC268B47288986EBFDB83200504F
:10024000B82000508D864CFF509AE20908D783C42D
:10025000068B86D0EC8B96D2EC05080052508BF0C2
:100260008BFA9A640C08D783C4045057568D864C79
:10027000FF16509A060C08D783C40AB8080050B875
:100280005F00C49ED0EC26F76F02030646358B163E
:100290004835404052509AD201A1D283C406898683
:1002A00068EC50B85F00C49ED0EC26F76F020306DE
:1002B00046358B164835404052508D8614F2165004
:1002C0009A060C08D783C40AB8080050B8771B50A8
:1002D0008BB668EC8D8214F2509AB60908D783C4A5
:1002E000068D8614F2509AA40508D783C402D1E87B
:1002F0002D0A00F7D88986DDF18D8614F2509AA474
:100300000508D783C4028986DFF1EB3A3D0D0075FD
:100310004F2BC0502BC951B9FFFF515051518D8601
:100320006CEC509A0800B6D183C40E8B9EEBFDD1C5
:10033000E3FFB7BA059AA405A1D283C402B80A00A4
:100340008946AE8946B82BC0508D8E6CEC519A060A
:100350000042CC83C4048986CEEC837EAE0F74AC9D
:10036000837EAE0C75183D0D007513C746B80C00A2
:10037000FF76069A7E13A4C183C402EBC990B832FB
:1003800000508D864CFF16509AD201A1D283C4062C
:10039000898668EC508D8E4CFF16518B8ED0EC8B7D
:1003A00096D2EC83C10852519A060C08D783C40A2E
:1003B000C49ED0EC8BB668EC26C64008008B862124
:1003C000FC268947048B86EBFD2689472883BE06D9
:1003D000FD027D088B8606FD4848EB208BB606FDA6
:1003E000D1E6D1E6FFB2D8ECFFB2D6ECFFB6CCEC4A
:1003F0009A1209E5D383C406C49ED0EC2689470629
:02000002C980B3
:100000002BC0898600F089864AFFEB398B46068B28
:100010009E4AFFD1E3D1E3C436742D263900752101
:10002000B8E5008BB64AFFD1E6D1E68B1E742D26CB
:10003000F768028BF0C41E4A35268B4011018600FA
:10004000F0FF864AFFA1EE3439864AFF7CBEB82A0B
:1000500000F76E068BF0C41E7E2D268B400289862B
:10006000D4EC2BC0898602F08986FEEFEB428BD858
:10007000D1E3C436822D268B0089866AEC0BC07CC6
:100080002BB85300F7AE6AEC8BD8C4367A2D8B862A
:10009000D4EC2639007515B85300F7AE6AEC8BF036
:1000A0008B1E7A2D268B400D018602F0FF86FEEF17
:1000B0008B86FEEF3906F4347FB48B8600F03986E8
:1000C00002F07414FF36BC052BC050B87F1B1E50C5
:1000D0009A0C0036D183C4082BC05E5F8BE55DCBE4
:1000E000558BECB836039A1E0008D7562BC089866C
:1000F00062FE89865EFE508D86CAFC50FF76069AA7
:100100008005E5D383C406898664FE508D86CAFCCB
:10011000502BC0508D8E68FE51FF76069A1404E570
:10012000D383C40A89865AFE3D01007D1DFF36BC7B
:10013000052BC050B8B61B1E509A0C0036D183C494
:1001400008B8FFFF5E8BE55DCB90833EF434647CA2
:100150000FFF36BC052BC0501EFF366E06EBDA9043
:10016000B8010050B8700050B8D11B502BC050508F
:10017000B8080050B9040051BA060052BB0200533F
:100180002BF656569AB005B6D183C416B8A2041EF3
:10019000508D865EFE508D8662FE50FFB65AFEB8C8
:1001A000080050B8040050B8060050B80200508D46
:1001B0008668FE509A080018CC83C41489865CFEB9
:1001C0003DC1FF7503E979FF8BB662FED1E6D1E64A
:1001D000FFB26AFEFFB268FEFF76069A2A07E5D3F1
:1001E00083C406898666FE0BC07D03E953FF509ADF
:1001F0009E0190D483C402898660FE0BC07D03E912
:100200003FFF5E8BE55DCB90558BECB85E019A1E8F
:100210000008D7562BC08946F8898624FF833EEC18
:1002200034327C1AFF36BC05501EFF3672069A0C1B
:100230000036D183C408B8FFFF5E8BE55DCB508DDF
:100240008E28FF51FF76069A1003E5D383C40689F2
:1002500046FE508D8628FF502BC0508D8EA2FE5139
:100260009A7A03E5D383C4088946FA3D01007D22CA
:10027000FF36BC052BC050B8D71B1E50EBB0FF3665
:10028000BC052BC050B8F61B1E509A0C0036D1830B
:10029000C408B8010050B8700050B8F11B502BC012
:1002A0005050B8080050B9040051BA060052BB02C1
:1002B00000532BF656569AB005B6D183C416B8A291
:1002C000041E508D8624FF508D46F850FF76FAB8F4
:1002D000080050B8040050B8060050B80200508D15
:1002E00086A2FE509A080018CC83C414898622FF87
:1002F0003DC1FF7503E93EFF8B76F8D1E6D1E6FFFD
:10030000B2A4FEFFB2A2FE9AC206E5D383C404895A
:100310008626FF509A640AE5D383C4020BC07F038C
:10032000E95BFFFF76069AF20190D483C402894606
:10033000FC0BC07D03E9FEFEB82A00F76EFC8BF0D3
:10034000C41E7E2D8B8626FF268940028B46FC5ECE
:100350008BE55DCB558BECB856069A1E0008D75737
:1003600056A1E6348986AEF9C786AAF9FFFF2BC0ED
:100370008986DCFC8986B2F9813EEE34C8007C1C9B
:10038000FF36BC05501EFF3674069A0C0036D1832A
:10039000C408B8FFFF5E5F8BE55DCB90508D8EDEAD
:1003A000FC51FF76069AFA05E5D383C4068986AC2C
:1003B000F9508D86DEFC502BC0508D8EB4F951FF64
:1003C000B6AEF99AC404E5D383C40A8946FE3D015A
:1003D000007D0FFF36BC052BC050B8151C1E50EB1E
:1003E000A990B8010050B8700050B8311C502BC013
:1003F000502BC951B9080051BA040052BB06005332
:02000002C9C073
:10000000BE0200562BFF57579AB005B6D183C416CF
:10001000B8A2041E508D86B2F9508D86DCFC50FFCC
:1000200076FEB9080051B9040051B9060051568D49
:100030008EB4F9519A080018CC83C4148986B0F99B
:100040003D0D00753FFF76069A4C0290D483C402A2
:100050008986AAF90BC07C2C8BBEDCFCD1E7D1E7EA
:10006000FFB3B6F9FFB3B4F9FFB6AEF99A1209E5DA
:10007000D383C4068BBEAAF9D1E7D1E7C41E742D81
:10008000268941028B86AAF95E5F8BE55DCB558B95
:10009000ECB8A2169A1E0008D757568DBEF2E9BEDC
:1000A000381C8CD08EC0B90500F3A5A48DBEDCE948
:1000B000BE431CA5A5A5A5A4A14E358946B6A17829
:1000C0002D8946B82BC08946B48946BA8946BC8971
:1000D00046BEC746C0FFFFC646C200B92A008D7E95
:1000E000C3F3AAC7867EE90100C78680E918002B02
:1000F000C089867AE989867CE9898682E98986844D
:10010000E9898686E9898688E989868AE98D46B4FF
:1001100089868CE98C968EE98D861CEA898690E921
:100120008C9692E92BC0B946008DBE94E9F3AAC71C
:1001300046F84C1C8C5EFAC746FC551C8C5EFEB81B
:100140007815502BC0508D8E1CEA519AE20908D7C1
:1001500083C406B00150B9010051BA5B1C522BD2C6
:1001600052528D9E1CEA539A780D1BCF83C40CB05B
:100170000150B8010050FF367E042BC951FF3630C4
:10018000328D9601EB529A780D1BCF83C40C2AC096
:10019000502BC951BA701C5251518D96E6EB529AB0
:1001A000780D1BCF83C40C2AC0502BC951BA7E1CBA
:1001B0005251BA0200528D9ECBEC539A780D1BCF50
:1001C00083C40C2AC0502BC951BA881C5251BA039F
:1001D00000528D9EB0ED539A780D1BCF83C40C2A2C
:1001E000C0502BC951BA991C5251BA0400528D9E6D
:1001F00095EE539A780D1BCF83C40C2AC0502BC99F
:1002000051BAA31C5251BA0500528D9E7AEF539AEF
:10021000780D1BCF83C40C2AC0502BC951BAB21C15
:100220005251BA0600528D9E5FF0539A780D1BCF43
:1002300083C40C2AC0502BC951BABC1C5251BA07F6
:1002400000528D9E44F1539A780D1BCF83C40C2A23
:10025000C0502BC951BACA1C5251BA0800528D9EC7
:1002600029F2539A780D1BCF83C40C2AC0502BC996
:1002700051BAD51C5251BA0900528D9E0EF3539AB1
:10028000780D1BCF83C40C2AC0502BC951BAE21C75
:100290005251BA0A00528D9EF3F3539A780D1BCF38
:1002A00083C40C2AC0502BC951BAEF1C5251BA0B4F
:1002B00000528D9ED8F4539A780D1BCF83C40CB88E
:1002C000A20450B9FEFF51BA1500522AD252BB0106
:1002D0000053BE1200562BFF57B80500508D86FE06
:1002E000E9502BC050538D86BDF5509ABA0C1BCFE8
:1002F00083C418B8A20450B9FEFF51BAFFFF522AB6
:10030000DB532BC050B808005057B80100508D4641
:10031000EE50B80A0050B80200508D86A2F6509AEE
:10032000BA0C1BCF83C418B8A20450B9FEFF51BA4F
:10033000FFFF522ADB532BC050B80A00508D86F2C3
:10034000E950B80200508D866AE950B80A0050B9E9
:100350000400518D8E87F7519ABA0C1BCF83C418B5
:10036000B8A20450B9FEFF51BAFFFF522ADB532B4B
:10037000C050B80800508D86DCE950B80200508D9E
:100380008660E950B80A0050B80600508D866CF8B7
:10039000509ABA0C1BCF83C418B8A20450B9FEFF00
:1003A00051BAFFFF522ADB532BC050B803005057FD
:1003B000B80200508D8610EA50B80E0050B8070001
:1003C000508D8651F9509ABA0C1BCF83C418B8A22D
:1003D0000450B9160051B9FEFF51BAFFFF522ADB93
:1003E00053B80300508D46A050B80B0050B8080019
:1003F000508D8636FA509ADA0D1BCF83C414B8A2FA
:02000002CA0032
:100000000450B9170051B9FEFF51BAFFFF522ADB65
:1000100053B80800508D46AA50B80C0050B80900DB
:10002000508D861BFB509ADA0D1BCF83C414B8A2E7
:100030000450B9FEFF51B9FFFF512AD2522BDB53B6
:10004000B804005057B80200508D86E6E950B80D4C
:100050000050B80A00508D8600FC509ABA0C1BCF95
:1000600083C418B8A20450B90D0051B9FFFF512A3A
:10007000C9512BC951BA03005257BB0200538D7EA0
:100080009657B8110050B80B00508D86E5FC509A79
:10009000BA0C1BCF83C418B8A2045056B902005141
:1000A000BAE60552BA04005251BB0B0053518D46BB
:1000B000A0508D86CAFD509A4C0E1BCF83C414B835
:1000C000A20450B8130050B80200508D4EF851B938
:1000D00008005150B80B0050B80300508D56AA527A
:1000E0008D96AFFE529A4C0E1BCF83C414C7863B2D
:1000F000F60000B8120050B82000508D8EFEE95175
:100100009AE20908D783C406B8090050B820005005
:100110008D4EEE519AE20908D783C406B80F0050FD
:10012000B82000508D8E6AE9519AE20908D783C43D
:1001300006B80A0050B92000518D9660E9529AE243
:100140000908D783C406B80800508D8EF2E916510D
:100150008D8E6AE916519A160937D083C40AB808F9
:1001600000508D8EDCE916518D8E60E916519A167D
:100170000937D083C40AB8030050B80A0050B80049
:100180001D1E508D86FCED16509AA60C37D083C4E8
:100190000CB8040050B8080050B90B1D1E518D8ECC
:1001A000C6EF16519AA60C37D083C40CB80C005079
:1001B000B92000518D9610EA529AE20908D783C4FB
:1001C00006B80C0050B82000508D8EE6E9519AE236
:1001D0000908D783C406B80A0050B8200050579ABF
:1001E000E20908D783C40656B812351E50568D86CC
:1001F000FEE916509A5006A1D283C40CB8080050EC
:10020000B925351E51508D46EE16509A5006A1D292
:1002100083C40CFF363A35B8141D508D8610EA5051
:100220009A520608D783C406FF364035B8191D50C8
:100230008D86E6E9509A520608D783C406FF3642F7
:1002400035B81F1D50579A520608D783C406A13CE3
:1002500035898646FEA13E3589862BFF2BC0508D01
:10026000867AE9509A060042CC83C4048986DAE98A
:100270003DC1FF750B0EE859054875E0E987009010
:100280008D866AE9509AAE0009D083C4020BC0750E
:1002900019FF36BC0550B8241D1E509A0C0036D1EB
:1002A00083C408C746BE0F00EBB28D8660E9509A42
:1002B000060209D083C4020BC07519FF36BC055075
:1002C000B8321D1E509A0C0036D183C408C746BEF2
:1002D0001000EB888D8610EA509AC00508D783C4B9
:1002E000028946943D01007D1DFF36BC052BC050A0
:1002F000B8401D1E509A0C0036D183C408C746BEB4
:100300001100E957FF9083BEDAE9C17503E9BB002C
:10031000B81200508D8EFEE9165150B912351E519B
:100320009A5006A1D283C40CB8120050B812351EE0
:10033000509AD201A1D283C4068BD8899E5EE9C6A9
:1003400087123500B80800508D4EEE165150B92571
:10035000351E519A5006A1D283C40CB8080050B87B
:1003600025351E509AD201A1D283C4068BD8899E0E
:100370005EE9C6872535008D8610EA509AC00508CB
:10038000D783C402A33A358D86E6E9509AC00508A2
:10039000D783C402A340358D4696509AC00508D72E
:1003A00083C402A342358B8646FEA33C358B862B45
:1003B000FFA33E358D8660E9508D866AE9509A022A
:1003C0000009D083C4049AFC0AA1D22BC05E5F8BC3
:1003D000E55DCB90558BECB8E4079A1E0008D75723
:1003E00056A14E358946C0A1782D8946C22BC089B9
:1003F00046BE8946C48946C68946C8C746CAFFFF65
:02000002CA40F2
:10000000C646CC00B92A008D7ECD1607F3AAC78656
:1000100020F80100C78622F808002BC089861CF84A
:1000200089861EF8898624F8898626F8898628F824
:1000300089862AF889862CF88D46BE89862EF88C0A
:100040009630F88D867EF8898632F88C9634F82BB7
:10005000C0B946008DBE36F8F3AAC746F86D1D8CB0
:100060005EFAC746FC741D8C5EFEB82807502BC094
:10007000508D8E7EF8519AE20908D783C406B001EC
:1000800050B9010051BA7B1D522BD252528D9E7E27
:10009000F8539A780D1BCF83C40CB00150B80100FF
:1000A00050FF367E042BC951FF3630328D9663F9EE
:1000B000529A780D1BCF83C40C2AC0502BC951BA59
:1000C000901D5251518D9648FA529A780D1BCF834C
:1000D000C40C2AC0502BC951BA9A1D5251BA010002
:1000E000528D9E2DFB539A780D1BCF83C40CB8A262
:1000F0000450B9060051BAFEFF52BA0500522ADB7D
:1001000053BE0800568D7EA657B80B00502BC0502A
:100110008D8612FC509ADA0D1BCF83C414B8A2044A
:1001200050B9070051BA040052BBFFFF532ADB53FA
:10013000BB0500538D46B250B80B0050B8010050BB
:100140008D86F7FC509ADA0D1BCF83C414B8A20435
:1001500050B9040051BA0200528D5EF8535652BB9A
:100160000A005352578DB6DCFD569A4C0E1BCF83B6
:10017000C414B8A20450B8050050B8060050B828FE
:100180000650B8070050B8040050B80A0050B80232
:1001900000508D46B2508D86C1FE509A4C0E1BCF3A
:1001A00083C414A12E352D0300898658FEA1303555
:1001B00089863DFF2BC0508D861CF8509A06004260
:1001C000CC83C40489867CF83DC1FF75070EE80125
:1001D0000248EB083DC5FF74053DC1FF75D683BEDF
:1001E0007CF8C174118B8658FE050300A32E358B55
:1001F000863DFFA330355E5F8BE55DCB558BECB85C
:1002000006009A1E0008D756C746FA0100837E0CE6
:1002100001750AC746FCA51DC746FA0000837E0685
:10022000007410837E0803750AC746FCD01DC746BC
:10023000FA0000837E06007410837E0804750AC7E6
:1002400046FC001EC746FA0000C746FE0000EB331E
:10025000837E060175148B5EFE803841740CC746A0
:10026000FC301EC746FA0000EB46837E060275107E
:100270008B5EFE8038397408C746FC561EEBE4904E
:10028000FF46FE837EFE287D27837EFA0175218B43
:100290005EFE8B760A8A008BC8988BD8F687DD289D
:1002A0001075DD80F92074D880F94275A3EBD190E8
:1002B000837EFA007513FF36BC052BC0501EFF76F7
:1002C000FC9A0C0036D183C4088B46FA5E8BE55D40
:1002D000CB90558BECB86A009A1E0008D756C746DB
:1002E000960100C746FE0000EB1F8B5EFE8038596A
:1002F000741480384D740F803844740AC7469600D1
:1003000000C746FC7F1EFF46FE837EFE287C03E975
:100310008A00837E96017403E981008B5EFE8B76F2
:10032000088A008BC8988BD8F687DD281075D7808F
:10033000F92074D280F94274CD8B46062D030074E7
:10034000A94874208B5EFE803859740A80384D7439
:1003500005803844752CC746960000C746FC9D1E94
:10036000EBA490908B5EFE803848749A80384D7470
:10037000958038537490C746960000C746FC8E1E81
:10038000EB8480384874088038537403E977FFC7DA
:1003900046960000C746FCA41EE96AFF837E9600CD
:1003A0007527FF76FCB8AB1E508D4698509A5206C2
:1003B00008D783C406FF36BC052BC0508D4698165F
:1003C000509A0C0036D183C4088B46965E8BE55D4F
:1003D000CB90558BECB804009A1E0008D7FF36BCB2
:1003E000058D46FE50B9CE1E519A2C0136D183C4DC
:1003F000068946FC3DC1FF7406807EFE4E7507C728
:02000002CA80B2
:1000000046FC0000EB17FF36C005B8010050B9ED03
:100010001E1E519A0C0036D1C746FC01008B46FCCF
:100020008BE55DCB558BECB814029A1E0008D757B0
:1000300056FF3662069A300A08D783C402B86000B9
:1000400050B8E43450B8800050B8018150FF366297
:10005000069A340108D783C4068986F0FD509AC0F9
:100060000308D783C406C786F6FD0000EB3AB9390A
:1000700000F7E9030652358B165435511E8DBE52DA
:10008000FE8BF016078EDAB91C00F3A5A41F59B831
:100090003900508D8652FE50FFB6F0FD9AC003081D
:1000A000D783C406FF86F6FD8B86F6FD3906E83455
:1000B0007FBCC786ECFE0000EB3AB9E500F7E90328
:1000C000064A358B164C35511E8DBEF0FE8BF01650
:1000D000078EDAB97200F3A5A41F59B8E500508D58
:1000E00086F0FE50FFB6F0FD9AC00308D783C40621
:1000F000FF86ECFE8B86ECFE3906EA347FBCC786B1
:100100004CFE0000EB3AB95F00F7E9030646358B79
:10011000164835511E8DBE8CFE8BF016078EDAB94F
:100120002F00F3A5A41F59B85F00508D868CFE5098
:10013000FFB6F0FD9AC00308D783C406FF864CFEC5
:100140008B864CFE3906F0347FBCC786EEFD00007E
:10015000EB3AB95300F7E903067A2D8B167C2D5143
:100160001E8DBEF8FD8BF016078EDAB92900F3A5B7
:10017000A41F59B85300508D86F8FD50FFB6F0FD0E
:100180009AC00308D783C406FF86EEFD8B86EEFD7A
:100190003906F2347FBCC78650FE0000EB288BD8AE
:1001A000D1E3C436822D268B0089864EFEB802002C
:1001B000508D864EFE50FFB6F0FD9AC00308D783DF
:1001C000C406FF8650FE8B8650FE3906F4347FCE7F
:1001D000C786EEFE0000EB37B82A00F7AEEEFE034E
:1001E000067E2D8B16802D1E8D7ED68BF016078EEB
:1001F000DAB91500F3A51FB82A00508D46D650FF76
:10020000B6F0FD9AC00308D783C406FF86EEFEA1B0
:10021000EC343986EEFE7CC0C786ECFD0000EB3482
:100220008B9EECFDD1E3D1E3C436742D268B0026E2
:100230008B50028986F2FD8996F4FDB80400508D3A
:1002400086F2FD50FFB6F0FD9AC00308D783C406BE
:10025000FF86ECFDA1EE343986ECFD7CC3FFB6F0E1
:10026000FD9A800008D783C4022BC05E5F8BE55DDA
:10027000CB90558BECB814029A1E0008D757562B1A
:10028000C050FF3662069A100A08D783C4040BC018
:10029000740AB8FFFF5E5F8BE55DCB90B8008050BD
:1002A000FF3662069A340108D783C4048986F0FDBC
:1002B0000BC07CDEB8600050B8E43450FFB6F0FDEF
:1002C0009AD60208D783C406A152358B165435A39B
:1002D000F6348916F834A14A358B164C35A3FA3416
:1002E0008916FC34A146358B164835A30635891688
:1002F0000835A17A2D8B167C2DA30A3589160C356D
:10030000A1822D8B16842DA30E3589161035A17E62
:100310002D8B16802DA3FE3489160035A1742D8BEC
:1003200016762DA3023589160435C786F6FD000022
:10033000EB32B93900518D8E52FE51FFB6F0FD9A65
:10034000D60208D783C406B83900F7AEF6FD8BD8BD
:10035000C43652358D388DB652FEB91C00F3A5A4B3
:10036000FF86F6FD8B86F6FD3906E8347FC4C78626
:10037000ECFE0000EB32B9E500518D8EF0FE51FF2E
:10038000B6F0FD9AD60208D783C406B8E500F7AEEA
:10039000ECFE8BD8C4364A358D388DB6F0FEB97276
:1003A00000F3A5A4FF86ECFE8B86ECFE3906EA344A
:1003B0007FC4C7864CFE0000EB32B85F00508D86CC
:1003C0008CFE50FFB6F0FD9AD60208D783C406B85B
:1003D0005F00F7AE4CFE8BD8C43646358D388DB6EF
:1003E0008CFEB92F00F3A5A4FF864CFEA1F0343992
:1003F000864CFE7CC5C786EEFD0000EB3390B853FB
:02000002CAC072
:1000000000508D86F8FD50FFB6F0FD9AD60208D755
:1000100083C406B85300F7AEEEFD8BD8C4367A2DF4
:100020008D388DB6F8FDB92900F3A5A4FF86EEFD45
:10003000A1F2343986EEFD7CC5C78650FE0000EB88
:100040002B90B80200508D864EFE50FFB6F0FD9A00
:10005000D60208D783C4068B864EFE8B9E50FED1F7
:10006000E3C436822D268900FF8650FEA1F4343980
:100070008650FE7CCDC786EEFE0000EB3090B82A9D
:1000800000508D46D650FFB6F0FD9AD60208D783B1
:10009000C406B82A00F7AEEEFE8BD8C4367E2D8D8E
:1000A000388D76D6B91500F3A5FF86EEFEA1EC34A7
:1000B0003986EEFE7CC8C786ECFD0000EB34B80440
:1000C00000508D86F2FD50FFB6F0FD9AD60208D79B
:1000D00083C4068B86F2FD8B96F4FD8B9EECFDD1DE
:1000E000E3D1E3C436742D26890026895002FF86A9
:1000F000ECFDA1EE343986ECFD7CC3FFB6F0FD9A31
:10010000800008D783C4022BC05E5F8BE55DCB9077
:10011000558BECB81A009A1E0008D75756B839000C
:10012000F76E06030652358B1654358946E8895614
:10013000EA9A5C08A1D20BC074082BC05E5F8BE505
:100140005DCB9A5E03B6D1B8010050B9700051BAC8
:10015000100052BBFF1E53BB1400532BF656562BF8
:10016000FF57579A3205B6D183C412B8010050B96F
:10017000070051BA100052BA101F52BA140052565A
:10018000FF362E302BDB53539A3205B6D183C4127F
:10019000B8010050B9070051BA090052BA211F52E4
:1001A000BA1400525603062E30502BC050509A32CB
:1001B00005B6D183C412B8010050B8700050FF36A4
:1001C00080049AA40508D783C40250FF368004B87F
:1001D00014005056B80700502BC050509A3205B644
:1001E000D183C412B8862D1E50A0E234FEC850B090
:1001F00013502AC050509AA001A1D983C40CC45EE8
:10020000E82639770C7D17B80C0050B82B1F508D9D
:1002100046EC509AB60908D783C406EB2490B85F21
:100220000026F76F0C030646358B164835404052C2
:1002300050B8371F508D46EC509A520608D783C4E9
:10024000088D46EC50FF76060EE8E40083C404B83F
:100250003F1F50B82E351E50B8FFFF508D46EC5052
:100260009A0A011EC383C40A8946E60BC07512FFB1
:1002700036BE0550B84A1F1E509A0C0036D183C4B2
:10028000088D46EC509A300A08D783C402E9AAFECA
:10029000558BECB802009A1E0008D79A5C08A1D2D0
:1002A0000BC074062BC08BE55DCB9A5E03B6D1B84C
:1002B000010050B9700051B9130051B9551F51B91F
:1002C0001400512BC951512BD252529A3205B6D13A
:1002D00083C412A1E834403D0F007E1CFF36BC05EC
:1002E0002BC0501EFF3668069A0C0036D183C40816
:1002F000B8FFFF8BE55DCB90B8691F50B82E351E57
:1003000050B8FFFF50FF3660069AC40C1EC383C46A
:100310000A0BC075DBFF3660060EE8FF0483C402DB
:10032000FF3660069A300A08D783C402E975FF9049
:10033000558BECB898029A1E0008D757562BC089E7
:1003400086ECFE89864AFE898670FD8986EEFD89E7
:1003500086EEFE89866CFDFF76089A300A08D78300
:10036000C402B8800050B8018150FF76089A340169
:1003700008D783C40689866EFD0BC07D09B8FFFFD0
:100380005E5F8BE55DCBB80A0050FF366406FFB6B2
:100390006EFD9AC00308D783C406B80C00502BC06A
:1003A00050FFB66EFD9AC00308D783C406B8390063
:1003B000F76E06030652358B1654351E8DBE4CFE65
:1003C0008BF016078EDAB91C00F3A5A41FB839000C
:1003D000508D864CFE50FFB66EFD9AC00308D78341
:1003E000C406C786E8FE0000EB67B9E500F7E98BB5
:1003F000F0C41E4A358B460626394009754FB802AF
:02000002CB0031
:1000000000508D86E8FE50FFB66EFD9AC00308D7FB
:1000100083C406B8E500F7AEE8FE03064A358B1642
:100020004C351E8DBEF0FE8BF016078EDAB97200CD
:10003000F3A5A41FB8E500508D86F0FE50FFB66E04
:10004000FD9AC00308D783C406FF86ECFEFF86E84E
:10005000FE8B86E8FE3906EA347F8FC786EAFE000B
:1000600000EB7990B92A00F7E98BD8C4367E2D26AB
:100070008B008986E8FEB8E500F7AEE8FE8BF0C499
:100080001E4A358B460626394009754CB802005089
:100090008D86EAFE50FFB66EFD9AC00308D783C472
:1000A00006B82A00F7AEEAFE03067E2D8B16802DD9
:1000B0001E8D7ED68BF016078EDAB91500F3A51FBC
:1000C000B82A00508D46D650FFB66EFD9AC0030880
:1000D000D783C406FF86EEFEFF86EAFE8B86EAFE25
:1000E0003906EC347E03E97BFFC78668FD0000E932
:1000F00088008BD8D1E3D1E3C436742D268B0089D8
:1001000086EAFEB82A00F7AEEAFE8BD8C4367E2D0A
:10011000268B008986E8FEB8E500F7AEE8FE8BF096
:10012000C41E4A358B4606263940097549B8020077
:10013000508D8668FD50FFB66EFD9AC00308D783C8
:10014000C4068B9E68FDD1E3D1E3C436742D268BA3
:1001500000268B50028986EAFD8996ECFDB80400E2
:10016000508D86EAFD50FFB66EFD9AC00308D78316
:10017000C406FF866CFDFF8668FD8B8668FD390628
:10018000EE347E03E96BFF8D8672FD50FF76069A92
:10019000D600E5D383C40489864AFEC78644FE00A0
:1001A00000EB6A908BF0D1E6D1E6FFB274FDFFB2AE
:1001B00072FD9AC206E5D383C4048986E6FEB802BE
:1001C00000508D86E6FE50FFB66EFD9AC00308D73C
:1001D00083C406B85F00F7AEE6FE030646358B160D
:1001E00048351E8DBE86FE8BF016078EDAB92F00BD
:1001F000F3A5A41FB85F00508D8686FE50FFB66E33
:10020000FD9AC00308D783C406FF8644FE8B86444C
:10021000FE39864AFE7F8DC78644FE0000EB79904A
:10022000FF866AFD8B866AFD3906F2347E66B95315
:1002300000F7E98BD8C4367A2D8B86E6FE26390086
:1002400075DEB80200508D866AFD50FFB66EFD9ACD
:10025000C00308D783C406B85300F7AE6AFD03068F
:100260007A2D8B167C2D1E8DBEF0FD8BF016078E21
:10027000DAB92900F3A5A41FB85300508D86F0FD0C
:1002800050FFB66EFD9AC00308D783C406FF867080
:10029000FDEB8D90FF8644FE8B8644FE39864AFE38
:1002A0007E248BF0D1E6D1E6FFB274FDFFB272FD81
:1002B0009AC206E5D383C4048986E6FEC7866AFD32
:1002C0000000E95FFF90C78644FE0000EB78FF86E0
:1002D00048FE8B8648FE3906F4347E668BD8D1E31F
:1002E000C436822D268B0089866AFDB85300F7AE8E
:1002F0006AFD8BD8C4367A2D8B86E6FE26390075CA
:10030000CDB80200508D8E48FE51FFB66EFD9AC0EA
:100310000308D783C4068B9E48FED1E3C436822DE2
:10032000268B00898646FEB80200508D8646FE5018
:10033000FFB66EFD9AC00308D783C406FF86EEFDA4
:10034000EB8CFF8644FE8B8644FE39864AFE7E2473
:100350008BF0D1E6D1E6FFB274FDFFB272FD9AC216
:1003600006E5D383C4048986E6FEC78648FE0000FE
:10037000E95FFF902BC050B90A002BD25251FFB653
:100380006EFD9AA00008D783C408B80200508D8E75
:10039000ECFE51FFB66EFD9AC00308D783C406B8C1
:1003A0000200508D8EEEFE51FFB66EFD9AC003081E
:1003B000D783C406B80200508D8E6CFD51FFB66E17
:1003C000FD9AC00308D783C406B80200508D8E4A38
:1003D000FE51FFB66EFD9AC00308D783C406B8026B
:1003E00000508D8E70FD51FFB66EFD9AC00308D788
:1003F00083C406B80200508D86EEFD50FFB66EFD38
:02000002CB40F1
:100000009AC00308D783C406FFB66EFD9A80000825
:10001000D783C4022BC05E5F8BE55DCB558BECB8FC
:100020001A089A1E0008D757562BC08986F6FC89F5
:1000300086D6FB8986DEF98986AEFA898688FE89AE
:10004000864AF88986D0FB50FF76069A100A08D7B0
:1000500083C4040BC07409B8FFFF5E5F8BE55DCB02
:10006000B8008050FF76069A340108D783C404890B
:1000700086DCF90BC07CE0B80A00508D86B0FC50DD
:10008000FFB6DCF99AD60208D783C406C686BAFC46
:10009000008D86B0FC500EE8200A83C4028986F4E5
:1000A000FC3DCD007D22FFB6DCF99A800008D783A5
:1000B000C402FF36BC052BC050B8741F1E509A0CEA
:1000C0000036D183C408EB8FB80200508D8EF6FC49
:1000D00051FFB6DCF99AD60208D783C406B80200ED
:1000E000508D8E88FE51FFB6DCF99AD60208D78370
:1000F000C406B80200508D8E4AF851FFB6DCF99A5A
:10010000D60208D783C406B80200508D8ED6FB51A4
:10011000FFB6DCF99AD60208D783C406B8020050AD
:100120008D8EDEF951FFB6DCF99AD60208D783C46A
:1001300006B80200508D86AEFA50FFB6DCF99AD6AA
:100140000208D783C4068B86F6FC0306EA343DC852
:10015000007F3DA1EC34038688FE3D32007F31A153
:10016000EE3403864AF83DC8007F258B86D6FB0314
:1001700006F0343D1E007F18A1F2340386DEF93DFF
:1001800064007F0CA1F4340386AEFA3D64007E2443
:10019000FF36BC052BC050B88D1F1E509A0C003680
:1001A000D183C408FFB6DCF99A800008D783C40263
:1001B000E9A4FE908DBEE8F7BEE4348CD08EC0B9C1
:1001C0003000F3A5B83900508D8614FC50FFB6DC22
:1001D000F99AD60208D783C406C786ACFA0000EBAA
:1001E0000590FF86ACFA8B86ACFA3906E8347E6857
:1001F000B9120051BB3900F7EB030652358B165488
:1002000035050E005250518D8622FC16509AFA0583
:10021000A1D283C40C0BC075C98D8622FC50B8B026
:100220001F508D86BEFC509A520608D783C406FF25
:1002300036BC052BC0508D8EBEFC16519A0C003674
:10024000D183C408FFB6DCF99A800008D783C402C2
:100250002BC05E5F8BE55DCBA1E8348986ACFAB933
:100260003900F7E98BD8C4365235518D388DB61424
:10027000FCB91C00F3A5A459FF06E834C786BCFCF2
:100280000000EB60B80200508D86AEFC50FFB6DC7B
:10029000F99AD60208D783C406A1EA348BB6AEFC1D
:1002A000D1E68982F8FCB8E500508D86EEFE50FF5D
:1002B000B6DCF99AD60208D783C4068B86ACFA89D5
:1002C00086F7FEB8E500F72EEA348BD8C4364A35F7
:1002D0008D388DB6EEFEB97200F3A5A4FF06EA34A0
:1002E000FF86BCFC8B86BCFC3986F6FC7F96C786F5
:1002F000F0FC0000EB55B80200508D86AEFC50FFBC
:10030000B6DCF99AD60208D783C406A1EC348BB6C2
:10031000AEFCD1E689828AFEB82A00508D46D650BE
:10032000FFB6DCF99AD60208D783C406B82A00F7CC
:100330002EEC348BD8C4367E2D8D388D76D6B915FB
:1003400000F3A5FF06EC34FF86F0FC8B8688FE39AF
:1003500086F0FC7CA1C786E6F70000EB5B90B80254
:1003600000508D86AEFC50FFB6DCF99AD60208D755
:1003700083C406A1EE348BB6AEFCD1E689824CF87C
:10038000B80400508D86A8FA50FFB6DCF99AD60260
:1003900008D783C4068B86A8FA8B96AAFA8B1EEE22
:1003A00034D1E3D1E3C436742D2689002689500266
:1003B000FF06EE34FF86E6F78B864AF83986E6F7C5
:1003C0007C9CC786CCFB0000EB3CB85D00508D8662
:1003D0004EFC50FFB6DCF99AD60208D783C406C794
:1003E00086ABFC0000B85F00F72EF0348BD8C43623
:1003F00046358D388DB64EFCB92F00F3A5A4FF0607
:02000002CB80B1
:10000000F034FF86CCFB8B86CCFB3986D6FB7E4258
:10001000B80200508D86AEFC50FFB6DCF99AD602CD
:1000200008D783C406A1F0348BB6AEFCD1E6898232
:10003000D8FB81BEF4FCCD007E90B85F00508D8669
:100040004EFC50FFB6DCF99AD60208D783C406EB03
:100050009490C78648F80000EB58B80200508D868F
:10006000AEFC50FFB6DCF99AD60208D783C406A1CD
:10007000F2348BB6AEFCD1E68982E0F9B853005079
:100080008D8678FB50FFB6DCF99AD60208D783C478
:1000900006B85300F72EF2348BD8C4367A2D8D383B
:1000A0008DB678FBB92900F3A5A4FF06F234FF86CC
:1000B00048F88B86DEF9398648F87C9EC786D4FBE3
:1000C0000000EB50B80200508D8EAEFC51FFB6DC44
:1000D000F99AD60208D783C406A1F4348BB6AEFCD5
:1000E000D1E68982B0FAB80200508D86D2FB50FF6B
:1000F000B6DCF99AD60208D783C4068B86D2FB8B6E
:100100001EF434D1E3C436822D268900FF06F43470
:10011000FF86D4FB8B86AEFA3986D4FB7CA6FFB66D
:10012000DCF99A800008D783C4028D8622FC50B87F
:10013000D11F508D86BEFC509A520608D783C40644
:10014000FF36BE052BC0508D8EBEFC16519A0C009A
:1001500036D183C408B83900F7AEACFA8BF0C41EB0
:100160005235268B400C8986CCFB0BC07C0C8BF85F
:10017000D1E78B83D8FB2689400CB83900F7AEACA9
:10018000FA8BF0C41E5235268B402D8986BCFC0BA1
:10019000C07C0C8BF8D1E78B83F8FC2689402DB806
:1001A0003900F7AEACFA8BF0C41E5235268B402FC7
:1001B0008986BCFC0BC07C0C8BF8D1E78B83F8FCE8
:1001C0002689402F8B86EEF78986BCFCEB46FF869E
:1001D000F2FC83BEF2FC057D37B8E500F7AEBCFC4F
:1001E0008BF08B86F2FC8BC8D1E003C1D1E003F029
:1001F000C41E4A35268B809B008986AEFC0BC07CD2
:10020000CD8BF8D1E78B83F8FC2689809B00EBBE71
:10021000FF86BCFC8B86BCFC3906EA347E2EB9E531
:1002200000F7E98BF0C41E4A35268B80BF00898613
:1002300048F80BC07C0D8BF8D1E78B83E0F9268959
:1002400080BF00C786F2FC0000EB87908B86F0F73A
:100250008986F0FCEB71B82A00F7AEF0FC8BD8C4AD
:10026000367E2D268B008986BCFC0BC07C0B8BF860
:10027000D1E78B83F8FC268900B82A00F7AEF0FCA2
:100280008BF0C41E7E2D268B40068986BCFC0BC0DD
:100290007C0C8BF8D1E78B83F8FC26894006B82AC2
:1002A00000F7AEF0FC8BF0C41E7E2D268B40028939
:1002B00086CCFB0BC07C0C8BF8D1E78B83D8FB265C
:1002C000894002FF86F0FCA1EC343986F0FC7C8684
:1002D0008B86F2F78986E6F7EB4A8B9EE6F7D1E349
:1002E000D1E3C436742D268B008986F0FC0BC07CCC
:1002F0000B8BF8D1E78B838AFE2689008BB6E6F755
:10030000D1E6D1E6C41E742D268B40028986BCFC42
:100310000BC07C0C8BF8D1E78B83F8FC268940025C
:10032000FF86E6F7A1EE343986E6F77CAD8B86F6DC
:10033000F7898648F8EB2690B95300F7E98BD8C4C3
:10034000367A2D268B008986CCFB0BC07C0B8BF874
:10035000D1E78B83D8FB268900FF8648F88B864837
:10036000F83906F2347FD18B86F8F78986D4FBEB17
:1003700025908B9ED4FBD1E3C436822D268B008939
:100380008648F80BC07C0B8BF8D1E78B83E0F9260D
:100390008900FF86D4FBA1F4343986D4FB7CD38357
:1003A0003EE23404755CB83900F7AEACFA8BF0C4A9
:1003B0001E523526837804047E0526836804048B48
:1003C00086EEF78986BCFCEB0590FF86BCFC8B862D
:1003D000BCFC3906EA347F03E9E500B9E500F7E93A
:1003E0008BD8031E4A358E064C3526837F0D077544
:1003F000D92680BF80000175D126C7470D0300EBC9
:02000002CBC071
:10000000C990833EE23408755BB83900F7AEACFAAC
:100010008BF0C41E523526837804057D0526834067
:1000200004048B86EEF78986BCFCEB04FF86BCFCDF
:100030008B86BCFC3906EA347F03E98300B9E5000E
:10004000F7E98BD8031E4A358E064C3526837F0D83
:100050000375D92680BF80000175D126C7470D07DB
:1000600000EBC990833EE234107555B83900F7AE05
:10007000ACFA8BF0C41E523526837804097D052620
:10008000834004088B86EEF78986BCFCEB28B9E533
:1000900000F7E98BD8031E4A358E064C3526837F40
:1000A0000D07750E2680BF800001750626C7470D17
:1000B0000F00FF86BCFC8B86BCFC3906EA347FCE81
:1000C0008B86F4F78986CCFBE9C70190FF86AEFCEE
:1000D0008B86F4F73986AEFC7C03E9B101B80800E1
:1000E00050B85F00F7AEAEFC030646358B164835B8
:1000F00040405250B8080050B85F00F7AECCFB0348
:100100000646358B164835404052509AFA05A1D222
:1001100083C40C0BC075B5FFB6AEFCFFB6CCFB0EAE
:10012000E8E90183C4040BC0746EB85F00F7AEAE9B
:10013000FC030646358B16483540405250B8EC1F3C
:10014000508D86BEFC509A520608D783C408FF36ED
:10015000C0052BC0508D8EBEFC16519A0C0036D1B6
:1001600083C408FFB6ACFA9AA20290D483C402C733
:1001700086AEFC0000EB0590FF86AEFC8B86AEFCE5
:100180003986D6FB7F03E9C7F8FFB6F4F79AA206D3
:1001900090D483C402EBE190B83900F7AEACFA8B8F
:1001A000F0C41E52358B86CCFB2639400C75088B6B
:1001B00086AEFC2689400C8B86F0F78986F0FCEB36
:1001C0002490B82A00F7AEF0FC8BF0C41E7E2D8B75
:1001D00086CCFB2639400275088B86AEFC2689400A
:1001E00002FF86F0FCA1EC343986F0FC7CD48B86CF
:1001F000EEF78946D4EB7790B8E500F76ED48BF034
:10020000C41E4A352683780B01740E2683780B02B0
:1002100074072683780B067552B8E500F76ED48B09
:10022000F0268B80BF008986CEFBB95300F7E98B9F
:10023000D8C4367A2D8B86CCFB263900752D8BC120
:10024000F7AECEFB03C68CC240405250FFB6AEFCA8
:100250009A2A07E5D383C4068BC8B8E500F76ED4A5
:100260008BF0C41E4A35268988BF00FF46D4A1EA18
:10027000343946D47C82FFB6CCFB9AA20690D48354
:10028000C4028986D0FB0BC07504FF8ECCFBFF86B1
:10029000CCFB8B86CCFB3906F0347F03E9B1F7B990
:1002A0005F00F7E98BF0C41E463526C7405D0000AD
:1002B000C786AEFC0000E917FE90558BECB8040031
:1002C0009A1E0008D7C746FCFFFFB82E0050FF76E5
:1002D000069A980808D783C4048946FE0BC0742583
:1002E0008BD8C60700FF76069AC00508D783C402DC
:1002F000B96400F7E98946FC8B46FE40509AC00578
:1003000008D70146FC8B46FC8BE55DCB558BECB8E2
:1003100022009A1E0008D75756B85F00F76E0603F2
:100320000646358B1648358946FC8956FE8BC8B87B
:100330005F008BDAF76E08030646358BD38946F8E3
:100340008956FABEFFFF8976F68976F08EC38BF068
:10035000268B7C138BF18946E68956E8894EE28923
:100360005EE4263B7C137406B80100EB03902BC0BF
:10037000C45EE2268B4F17C476E68946E026394CE8
:10038000177405B80100EB022BC08E46E4268B4F94
:10039000158CC28E46E88946DE26394C157405B8A0
:1003A0000100EB022BC00346DE0346E08946EAB8B3
:1003B0001F00508BC68CC20519005250B81F005048
:1003C0008BC38B56E405190052509AFA05A1D283CB
:1003D000C40C3D01001BC0400146EAB81F00508B11
:1003E00046F88B56FA0539005250B81F00508B461C
:1003F000FC8B56FE05390052509AFA05A1D283C4EF
:02000002CC0030
:100000000C3D01001BC0400146EAC45EFC268B4744
:1000100059C45EF8263947597406B80100EB0390BD
:100020002BC00146EAFF46F68B46F6B95300F7E9C6
:1000300003067A2D8B167C2D8946F28956F48EC2E2
:100040008BD88B46062639077408A1F2343946F658
:100050007CD3FF46F08B46F0F7E903067A2D8B162A
:100060007C2D8946EC8956EE8EC28BD88B460826AD
:1000700039077408A1F2343946F07CD6A1F234393C
:1000800046F67C2A3946F07C25FF76069A640AE516
:10009000D383C402FF76088BF09A640AE5D383C445
:1000A000023BC67503E9D200B80100E9CE0039462B
:1000B000F67D053946F07C08C746EA0100EBCA9098
:1000C000B80800508BC38CC240405250B808005052
:1000D0008B46F28B56F4404052509AFA05A1D283D7
:1000E000C40C3D01001BC0400146EAC45EF2268BF1
:1000F000470DC476EC2639440D7405B80100EB02B7
:100100002BC00146EA8E46F4268B470F8E46EE261C
:1001100039440F7405B80100EB022BC00146EAB860
:100120001F00508BC68CC20513005250B81F0050E0
:100130008BC38B56F405130052509AFA05A1D28353
:10014000C40C3D01001BC0400146EAB81F00508BA3
:1001500046EC8B56EE0533005250B81F00508B46CC
:10016000F28B56F405330052509AFA05A1D283C49B
:100170000C3D01001BC040E9A8FE2BC00146EA8BE4
:1001800046EA5E5F8BE55DCB558BECB822009A1E8C
:100190000008D7568B5E128B078946F88B5E148B4E
:1001A000078946F49A2000A1D9837E0E147D3483FA
:1001B0003E702D04750B837E0C027E05C7460C0233
:1001C000008B460C034608403B06E2347C0AA1E261
:1001D000342B460C48894608837E08007D05C746B7
:1001E000080000833E702D04751C837E0E14751666
:1001F0008B460A8946E28B4E0849894EE0894EEAD1
:1002000003460E48EB1A8B4608488946E08B460E9B
:1002100003460A488946E28B4E0C034E08894EEA93
:100220008946ECC646E418C646EE19C746FC0000EF
:100230008B76FC8BC6D1E6D1E603F0D1E6C742E56A
:1002400007008D42E8508D42E750FF72E2FF72E0F6
:100250008BF09A2808B6D183C408803CCD7403C6BD
:100260000420FF46FC837EFC027CC5837E10017C5B
:1002700003E91E01B8C1FF5E8BE55DCB8B5E1239D1
:1002800007750FB9010051B9700051FF760E8BD878
:10029000EB0EB8010050B8070050FF760E8B5EF6EB
:1002A000D1E3D1E38B7606FF7002FF30FF760A8B35
:1002B00046080346FE502BC050509AE403B6D18343
:1002C000C412FF46FE8B46FE39460C7E1F8B5E1421
:1002D00003078946F63B46107CA2B8010050B807D8
:1002E0000050FF760E1EFF367C04EBC08B5E14833D
:1002F0003F007E0EB8010050FF76E5508D46E4EBDE
:100300000C90B8010050FF76E8508D46E71650FF7C
:1003100076E2FF76E02BC050509AE403B6D183C456
:10032000128B46102B460C8B5E143B077E0EB801D9
:100330000050FF76EF508D46EEEB0C90B801005068
:10034000FF76F2508D46F11650FF76ECFF76EA2BE1
:10035000C050509AE403B6D183C412B8862D1E5003
:10036000A0E234FEC850B013502AC050509AA001E9
:10037000A1D983C40C8B46180B46167503E982007D
:100380009A4E00A1D28946DE3DB8FF75518B5E12B0
:10039000FF0F2AC0509A2003A1D983C4028B5E129A
:1003A000833F007D04C70700008B46108B5E123927
:1003B000077C034889078B5E128B072B460C408B0A
:1003C0005E143B077E0289078B5E128B078B5E14DF
:1003D00039077E028907C746FE0000E9E7FE3DB007
:1003E000FF75078B5E12FF07EBA88D46FA50FF766C
:1003F00018FF7616FF76DE9AD81142CC83C40840E7
:02000002CC40F0
:100000007490837EDEC17516837E0E1474108B4649
:10001000F88B5E1289078B46F48B5E1489078B463A
:10002000DE5E8BE55DCB558BECB8C4009A1E0008F4
:10003000D757568B5E068B47028946C0B93900F701
:10004000E90347128B57148946E28956E4C746C62E
:10005000C1FFC746D2FFFF2BC08946CA8946C8C424
:1000600076E2268B442D898640FF268B442F8946D5
:10007000DE2BC08946D0898644FF8946D4898642D2
:10008000FF8946BE539AC409E5D383C4023D0100EB
:100090007D1EFF36BC052BC050B81E201E509A0C8A
:1000A0000036D183C408B8FFFF5E5F8BE55DCB905F
:1000B000C746CC0000EB2890B95F00F7E98BD88BDE
:1000C0007606C47C2226C7410BFEFFC45C228BF05F
:1000D00026C7400DFFFF26C7400FFFFFFF46CC8B12
:1000E00046CC8B5E0639470C7FCE833F007503E913
:1000F000F6008D8646FF50FF76C09AD600E5D38382
:10010000C4048946D0C746CC0000EB7B8BF0D1E617
:10011000D1E6FFB248FFFFB246FF9AC206E5D3839D
:10012000C4048946D6509A420BA1D283C402B85F58
:1001300000F76ED68BD88B7606035C228E4424267D
:10014000FF77138BF8899E3CFF8C863EFF9A180838
:1001500008D783C402C49E3CFF26894711B81C00FF
:10016000509A180808D783C402C45C222689415BD0
:10017000C45C22268B595BC707FFFFC45C2226C7DD
:10018000410BFFFFFF46CC8B46CC3946D07E03E9BE
:100190007AFFC746DC0000EB27908BC1F76EDC8B43
:1001A0005E06C45F1603D826FF77118BF38CC79ABF
:1001B000180808D783C4028EC726894415FF46DC79
:1001C0008B46DC8B5E063947067E1DB9E500F7E9F4
:1001D000C45F1603D88B46C02639470975DF2683CE
:1001E0007F0B0174B5EBD6909A2000A1D98B46E223
:1001F0008B56E405310052509A8C053DD283C404DD
:10020000FF76060EE8030483C402C746CC0000EB69
:100210003F908BF0D1E6D1E6FFB248FFFFB246FF38
:100220009AC206E5D383C4048946D6B85F00F76E48
:10023000D68BD88B7606C47422268B405B8946E029
:100240008BD8833F007C068B47040146BEFF46CC1B
:100250008B46CC3946D07FBA837EBE00750EC7066A
:100260008A280800C746CC0000EB4890B8F05599A2
:10027000F77EBEA38A283D08007FE30BC075E5FF2B
:1002800036BC0550B84A20E912FEFF46D88B46D846
:1002900039068A287E1A8BF0D1E68B5EE08B5F16DA
:1002A000C700FFFF8B5EE08B5F18C7000000EBDA32
:1002B000FF46CC8B46CC3946D07F03E9A6008BF0B5
:1002C000D1E6D1E6FFB248FFFFB246FF9AC206E58B
:1002D000D383C4048946D6B85F00F76ED68BD88B1B
:1002E0007606C47422268B405B8946E08BD8833F18
:1002F000007CBDB86400509A180808D783C4028BEC
:100300005EE0894710B86400509A180808D783C483
:10031000028B5EE0894712A18A28D1E0509A180822
:1003200008D783C4028B5EE0894716A18A28D1E0F2
:10033000509A180808D783C4028B5EE08947188B4F
:100340004704F72E8A28509A180808D783C4028BCE
:100350005EE089471A8B47040146BEC746D80000B5
:10036000E92AFF90C45EE226837F0C007C7BB85FA5
:100370000026F76F0C8B5E060347228B57248946B5
:10038000FA8956FC40405250B88120508D46E650C4
:100390009A520608D783C4082BC0508D4EE6519A56
:1003A000100A08D783C4040BC07D2BB80400508DFD
:1003B00046C850B8800050B80281508D46E6509A29
:1003C000340108D783C4068946D2509AC00308D79F
:1003D00083C406EB1490B80280508D46E6509A34E0
:1003E0000108D783C4048946D2C45EE2268B470A3B
:1003F0008946CEB8010050FF76CEFF76060EE83F64
:02000002CC80B0
:100000000783C406B8E500C45EE226F72F8B7606A8
:100010008B4C168B541803C8894EC28956C48EC2A5
:100020008BD926837F0B047453560EE8D40783C400
:1000300002C45EC226837F7E007C0B268B477EC473
:100040005EE226894708C45EC22680BF8000007534
:100050002B2680BF82000373232683BF8300007595
:100060001B26FF770DFF76E4FF76E20EE8B70983E3
:10007000C406FF76060EE8FB0983C4022BC0502B92
:10008000C951BAFFFF52505252FF76069A0800B685
:10009000D183C40EC45EE226837F0C007C289A566E
:1000A0000089D30BD27F1F7C053D00107318FF36EB
:1000B000BC052BC050B889201E509A0C0036D18345
:1000C000C408E9F300908D46CE508D4EC651FF76A0
:1000D000060EE8430A83C4068946DA837EC6C375E2
:1000E0002D8B5E06833F007425FF76D28D8644FFFC
:1000F000508D46D4509A020010CE83C406898642A1
:10010000FFC45EE2268B078946CEE99C0090837E81
:10011000C6C17406837EC6C575388B5E06833F00F4
:1001200074302BC0508D46FE50B9BD20519A2C0121
:1001300036D183C4068946C63DC1FF74C4807EFEA5
:100140004E74BEFF36C0059AA405A1D283C402EB4B
:1001500067903D010074528D46CE50FF76060EE842
:10016000FA0C83C4048946DA48743EC45EC226830E
:100170007F0B01751C268BB7C300D1E6FFB4BA050F
:100180002BC0508D87C50006509A0C0036D183C411
:1001900008FF76D2FF76060EE80D0F83C404894669
:1001A000D80BC07504898642FF837ECEFD74098317
:1001B0007E08017403E93BFEFFB642FFFF76060EA0
:1001C000E8570483C404837ED2007C0BFF76D29A66
:1001D000800008D783C4028B46CEC45EE2268947DE
:1001E0000A8B8640FF2689472D8B46DE2689472FBE
:1001F0002AC0509A8003A1D983C4029A2000A1D9B1
:100200008B46C65E5F8BE55DCB90558BECB83A00B4
:100210009A1E0008D757568B5E068B47028946CA3E
:10022000B93900F7E90347128B57148946F8895604
:10023000FA833F0074040EE82003C746D00000E9AB
:10024000FA00B80280508D46DA509A340108D783FC
:10025000C404C45EFC2689470BC45EFC26C7470D58
:10026000FFFF26C7470FFFFF26FF7713B820005078
:1002700026FF77119AE20908D783C406C45EFC26DC
:100280008B47118946D6C746C80000EB3890B95352
:1002900000F7E98BF0C45F268B46D0263900752223
:1002A0008BC1F76EC88BD88B7606C47C268B46D65E
:1002B000268941118BC3C45C268BF0268B400D012F
:1002C00046D6FF46C88B46C88B5E0639470E7FBEB2
:1002D000C45EFC268B5F5BC707FFFF2BC08946D43B
:1002E0008946D2EB43908BF0D1E6C45F2A268B007F
:1002F0008946C80BC07C2EB85300F76EC88BF08BB4
:100300005E06C45F268B46D02639007518B85300A8
:10031000F76EC88BD88B7606C47426268B400D8961
:1003200046C60146D4FF46D28B46D28B5E0639477D
:10033000107FB3837ED400756DFF46D08B46D08B83
:100340005E0639470C7F03E9BA00B95F00F7E9C4DC
:100350005F2203D8895EFC8C46FE26837F0BFF7CE0
:10036000D88BC38CC240405250B8DC20508D46DA46
:10037000509A520608D783C4082BC0508D4EDA51CC
:100380009A100A08D783C4040BC07C03E9B3FEB8F3
:10039000800050B80281508D46DA509A340108D757
:1003A00083C406E9ACFE8B46FC8B56FE404052509F
:1003B000B8E420508D46DA509A520608D783C40814
:1003C0002BC0508D4EDA519A100A08D783C4040B03
:1003D000C07D1A8B46D405040050FF76D4B81000B7
:1003E000508D46DA509A0000CAD583C408C45EFC1A
:1003F00026FF775B8D46DA509A7800CAD583C4040D
:02000002CCC070
:10000000E936FF90C746D80000EB7690B80A00505A
:1000100026FF7715C45EFC268B475D9952509AC81F
:100020000508D783C408C45ECC268B4711268947B0
:1000300013C45ECC26837F0B027543268B87BF00DB
:100040008946C8B95300F7E98BF08B7E06C45D265C
:10005000268B4011C45ECC268947158BC1F76EC82C
:10006000C45D268BF0268B400DC45ECC26894713D9
:10007000263947117D08268B471126894713FF46ED
:10008000D88B46D88B5E063947067F03E9C100B995
:10009000E500F7E9C45F1603D8895ECC8C46CE8BA9
:1000A00046CA2639470975D6268B47118946C62682
:1000B000837F0B04752350268B7717268B5F7CD1AB
:1000C000E3D1E3FF7002FF30508B5ECC1E26FF773A
:1000D000159A5006A1D283C40C8B5E06833F007430
:1000E0009DC45ECC26837F0B0175458D4746065027
:1000F0008BF08CC79A640C08D783C404505756FF02
:1001000076C6C45ECC1E26FF77159A5006A1D28310
:10011000C40CFF76C68B46CC8B56CE0519005250C8
:10012000C45ECC1E26FF77159A160937D083C40A01
:10013000C45ECC26837F0B067403E9F4FE833EE0A5
:1001400034FF7403E9C5FE26C74715EC20E9D6FE47
:10015000B801005E5F8BE55DCB90558BECB8080075
:100160009A1E0008D7A1E6348946F8B93900F7E9A4
:10017000030652358B1654358946FC8956FE8EC2CD
:100180008BD826837F2D007D3CC746FA0000EB0309
:10019000FF46FA8B46FA3906EA347E29B9E500F7BC
:1001A000E98BD8031E4A358E064C358B46F8263926
:1001B000470975DC26837F0B0175D58B46FAC45E33
:1001C000FC2689472DC45EFC268B472D2689470ACD
:1001D00026837F2F007D3CC746FA0000EB2CB9E553
:1001E00000F7E98BD8031E4A358E064C358B46F84E
:1001F00026394709751126837F0B01750A8B46FA4C
:10020000C45EFC2689472FFF46FA8B46FA3906EA78
:10021000347FCB2BC08BE55DCB90558BECB82A009F
:100220009A1E0008D75756B839008B5E06F76F0242
:100230000347128B57148946F68956F8C746D600ED
:1002400000E9E500B95F00F7E9C45F2203D8895EE1
:10025000FC8C46FE26837F0B007D03E9C800C74661
:10026000FA000026FF770B9A020708D783C4020B17
:10027000D27F0C7C053D01007305C746FA01008B57
:1002800046D6C45EF62639470C750B837E0800748B
:1002900005C746FA0100C45EFC26FF770B9A800072
:1002A00008D783C402C45EFC268B5F5B833F007C5F
:1002B00009539AD600CAD583C402837EFA017566B3
:1002C0008B46FC8B56FE40405250B9F320518D4E68
:1002D000D8518BF08BFA9A520608D783C4088D4602
:1002E000D8509A300A08D783C4025756B8FB20501A
:1002F0008D46D8509A520608D783C4088D46D850E8
:100300009A300A08D783C4025756B80321508D4645
:10031000D8509A520608D783C4088D46D8509A30D0
:100320000A08D783C402FF46D68B46D68B5E0639B1
:10033000470C7E03E90DFFB801005E5F8BE55DCBE6
:10034000558BECB80C009A1E0008D7568B5E068BB6
:1003500047028946F4B93900F7E90347128B57146D
:100360008946FA8956FCC746FE0000837E08FF7561
:1003700007C746FEFFFFEB1D837E08FE7508C746D4
:10038000FE0100EB1090837E08007C098B4608C4B8
:100390005EFA2689078B46FEC45EFA260107268B85
:1003A000078B76063944067F0D837E0A0175C226C7
:1003B000C707FFFFEBC8C45EFA26833F007CBF83FC
:1003C0007EFE007505C746FE0100B8E50026F72F42
:1003D0008BDE0347168B57188EC28BD88B46F426BC
:1003E00039470975B026837F0B0074A926837F0BDC
:1003F0000274A226837F0B06749B2BC05E8BE55D87
:02000002CD002F
:10000000CB90558BECB80E009A1E0008D7568B5E2D
:10001000068B4702B93900F7E90347128B57148959
:1000200046FC8956FE8B47068946FAC746F800000B
:10003000EB43B9E500F7E98B5E06C45F1603D88988
:100040005EF426837F0B04752926FF7711268B77B4
:1000500017268B5F7CD1E3D1E3FF7002FF308B5E0C
:10006000F426FF77111E26FF77159A5006A1D2833A
:10007000C40CFF46F88B46F83946FA7FB5C45EFCDF
:10008000268B078946F8B9E500F7E98B5E068B4FAA
:10009000168B571803C8894EF48EC28BD926837FDE
:1000A0000B0174082BC05E8BE55DCB90268B879788
:1000B00000EB2590FF76F8FF76F8FF76060EE8292C
:1000C0000083C406EB1B8B46FA4850EBEA908B4644
:1000D000FA48502BC050EBE24874D94874E8487491
:1000E000EDB801005E8BE55DCB90558BECB812004E
:1000F0009A1E0008D757568B5E068B47028946F03A
:10010000B93900F7E98B57148B46088946F8E9DEC0
:100110000090B92A00F7E98BF0C45F1A8B46F826E5
:10012000390075488BC1F76EFA8BD88B7606C47C84
:100130001A268B41028946F6B95F00F7E98BF8C4AD
:100140005C2226C7410DFFFF26C7410FFFFF8BC171
:10015000F76EF6C45C2203D826FF7713B820005050
:1001600026FF77119AE20908D783C406FF46FA8B67
:1001700046FA8B5E063947087F98C45EF226837F75
:100180000B017568268B47118946EE508D4F460648
:1001900051501E26FF77158BF18CC79A5006A1D2BD
:1001A00083C40CFF76EE8B46F28B56F40519005291
:1001B00050C45EF21E26FF77159A160937D083C405
:1001C0000AFF76EE57569AD201A1D283C4060BC01D
:1001D0007E1AC45EF226FF774226FF7744FF76EE52
:1001E00026FF77159A0E08A1D283C408FF46F88B24
:1001F000460A3946F87F25B8E500F76EF88B5E06AB
:10020000C45F1603D8895EF28C46F48B46F026391B
:10021000470975D8C746FA0000E953FFB801005EE8
:100220005F8BE55DCB90558BEC33C09A1E0008D7F1
:100230008B460AC45E06263947087E04268947088D
:10024000C45E06268B47048BC826034708483B46F6
:100250000A7D0A2B4E0AF7D94126894F08C45E064B
:1002600026837F08007D0626C7470800002BC08B29
:10027000E55DCB90558BECB80E009A1E0008D75662
:10028000B839008B5E06F76F020347128B5714894B
:1002900046FC8956FE8EC28BF0B8E50026F72C038B
:1002A00047168B57188946F68956F88EC28BD82682
:1002B000837F0B0174082BC05E8BE55DCB9026809D
:1002C000BF80000075F0268B470F2603471148B901
:1002D000140099F7F98E46FE262B44088E46F82620
:1002E00003470D8946F2C45EFC263B47047CC726C3
:1002F0008B4708262B47040346F240C476F6263B7C
:10030000440D7E04268B440D8E46FE26894708B890
:1003100001005E8BE55DCB90558BECB832009A1EE8
:100320000008D75756B839008B5E06F76F020347AF
:10033000128B57148946FA8956FC8EC28BF0268B95
:10034000048946EEB9E500F7E90347168B5718898B
:1003500046D88956DAC746E600008EC28BF0268B57
:100360004C0B894EF6268B4C0D894EF8268B4C0F84
:10037000894EFE268B4C15894EF0268B4C7A894E81
:10038000D28BC88BFA0519008946D48956D68BD6EC
:100390008CC383C16F894EE8897EEA268B4411891C
:1003A00046CE268A8481002AE48946D0268A848221
:1003B000008946F2268B8485008946E081C2990037
:1003C0008956E2895EE4FF76060EE8F30783C402ED
:1003D0008B46F648741C48487503E91F01487503AD
:1003E000E94301FF760AFF76E4FF76E2B80D00E903
:1003F0002301C45ED82683BF8300017511837EF27A
:02000002CD40EF
:1000000003740B837EF2047405C746F205008BC3AC
:100010008CC20587005250FF3650359A34023DD2CB
:1000200083C406C45ED8268A8780002AE450FF76FF
:10003000E4FF76E2FF76E0FF76F2FF76D0FF76EA25
:10004000FF76E8FF76D6FF76D4FF76D2FF76CE1E17
:10005000FF76F0FF76FEFF76F8FF76FCFF76FA9AE1
:10006000080037D083C4248946DC2AC050FF3650AC
:10007000359AFE023DD283C404FF760AFF76E4FF80
:1000800076E2FF76DC0EE86F0183C4088946EC4017
:100090007514837EDCC57406837EDCC37508C74691
:1000A000EC0100E92E01837EEC017503E92501C412
:1000B0005ED826FF7713FF76CE1EFF76F00EE8217E
:1000C0000A83C4080BC07518C746EC0100C746DC9C
:1000D0000D00C45EFA268B078B5E0A8907E9F400DF
:1000E000C45ED826FF774226FF7744FF76CEFF76A0
:1000F000F09A0E08A1D283C408E9D8002AC0509A09
:100100002003A1D983C402FF760AFF76E4FF76E2DA
:100110009A4E00A1D28946DC500EE8DB0083C40869
:100120008946ECE9AE00C45ED8268B477C8946F44C
:10013000268B477E8946DEB80100502BC0502BC964
:10014000515051FF76CE26FF7713FF76FEFF76F8EB
:1001500050509AB005B6D183C416FF76E4FF76E21C
:100160008D46DE508D4EF451C45ED826FFB7970001
:10017000FF76CE26FF7713FF76FEFF76F826FF7711
:10018000179A080018CC83C4148946DC8B46F4C443
:100190005ED82689477C8B46DE2689477EFF76CE51
:1001A000268B7717268B5F7CD1E3D1E3FF7002FFAC
:1001B00030FF76CEC45ED81E26FF77159A5006A172
:1001C000D283C40CFF760AFF76E4FF76E2FF76DC8A
:1001D000E946FF90837EECFF7503E9F3FD8B46DC77
:1001E0008B5E088907C45ED826C787BD0001008BD7
:1001F00046EC5E5F8BE55DCB558BECB804009A1E38
:100200000008D756C746FEFFFF8B460A0B46087507
:1002100009B801005E8BE55DCB90C746FC0000EBA2
:100220001E908B4606263900751203DE268B470288
:100230008B760C8904268B47048946FEFF46FC8B8F
:100240005EFC8BC3D1E303D8D1E3C47608268338A0
:100250000075CF8B46FE5E8BE55DCB90558BECB881
:1002600028009A1E0008D756A1E634B93900F7E9EC
:100270008B5E068B4F128B571403C8894EF8895634
:10028000FAB8E5008EC28BF126F72C8B57182BC0DD
:100290008946F28946DC8946F08946D88946F4EBDE
:1002A0005B90B92A00F7E98B4F1A8B571C03C8895A
:1002B0004EE68956E8C45EF8268B078EC28BD92697
:1002C00039077535268B47028946EA0BC07C2AB868
:1002D0005F00F76EEA8BD88B7606C47422268B40BB
:1002E0005B8946F68BD8833F007C0E8B46D8394716
:1002F000087E068B47088946D8FF46F48B46F48B68
:100300005E063947087F9BFF76D89A180808D7837E
:10031000C4028946ECFF76D89A180808D783C4022D
:100320008946E4C746F40000E9A80090C45EFC26B4
:10033000C7470DFEFF26C7470FFFFFC45EE6268BAB
:1003400047040BC0741748740948744848744BEB51
:100350000C90837EDC007505C746F00100837EF0BB
:1003600001756DC45EE6268B7728D1E6FFB4BA0529
:100370002BC0508D470806509A0C0036D183C40814
:10038000C45EE6268B47068B5E088907C746F201E6
:1003900000E90C01837EDC01EBBC837EDC0175BDD2
:1003A000C746EE0000EB0490FF46EE8B46EE8B5EF8
:1003B000F63947067E0F8BD88B76EC80382074E8B0
:1003C00080380074E38B5EF63947067E90EB8990A7
:1003D000FF46F48B46F48B5E063947087F03E9BF7E
:1003E00000B92A00F7E98B4F1A8B571C03C8894EB6
:1003F000E68956E8C45EF8268B078EC28BD926396B
:02000002CD80AF
:100000000775CD268B47028946EA0BC07CC2B85FD4
:1000100000F76EEA8B5E06C45F2203D8895EFC8C13
:1000200046FE268B475B8946F68BD8833F007CA033
:10003000FF76ECFF76F40EE8040783C4048B5EF6CB
:10004000894706FF76E4FF76EC539AB60FCAD5834C
:10005000C4068946DC487403E9D1FE8B76D88B5EF2
:10006000E48B40FC8B50FEC45EFC2689470D26893C
:10007000570F2BC0505226FF770D26FF770B9AA003
:100080000008D783C408C45EFC26FF771326FF77D9
:100090001126FF770B9AD60208D783C406E99BFE88
:1000A0008B46F25E8BE55DCB558BECB81C009A1E3F
:1000B0000008D7568B5E068B47028946E4B93900A3
:1000C000F7E90347128B57148946F88956FA8EC20E
:1000D0008BD8268B0F894EEEC746EC000026394F91
:1000E0002F7409B8FFFF5E8BE55DCB90268B470C24
:1000F0008946E80BC07CEC2BC0505050FF76089A24
:10010000A00008D783C408B80400508D46F050FF03
:1001100076089AD60208D783C4063D040074082BDB
:10012000C08946F28946F0B85F00F76EE88BD803C5
:100130001E46358E064835895EFC8C46FE26837F3A
:100140000F007C03E92B01B80200502BC050502651
:10015000FF770B9AA00008D783C408C45EFC26FF73
:10016000770B9AEA0608D783C4028946F48956F6C3
:10017000FF76E40EE8BF0283C402C45EFC268B77E0
:100180005B833C007D03E92401FF74089A1808088A
:10019000D783C4028946EA50FF76E80EE8930683C7
:1001A000C404B80400508D4EF4518B56EAC45EFC72
:1001B000268B775B035406529AB60908D783C40688
:1001C000FF76EAC45EFC26FF775B9A3C10CAD583B3
:1001D000C4040BC07403E9D100C746E601008D4694
:1001E000E650FF76EAC45EFC26FF775B9ABC10CA35
:1001F000D583C406B80400508B46EAC45EFC268B47
:10020000775B034406508D46F4509AB60908D783AD
:10021000C4062BC050FF76F6FF76F4C45EFC26FFC2
:10022000770B9AA00008D783C408C45EFC26FF772A
:100230001326FF771126FF770B9AD60208D783C4BF
:10024000062BC050FF76F6FF76F4C45EFC26FF77DF
:100250000B9AA00008D783C408FF76E80EE8E400F4
:1002600083C4028946ECFF76E40EE8C90183C40228
:10027000EB3F8E46FE268B470D268B570F8946F4A3
:100280008956F62BC05026FF770F26FF770D26FFE5
:10029000770B9AA00008D783C408FF76E80EE8A37E
:1002A0000083C4028946ECE9C6FEC45EFC26FF4713
:1002B0005D8B46EC992946F01956F2FF76E80EE878
:1002C000820083C402990146F01156F2C45EFC26F6
:1002D000FF771326FF771126FF770B9AC00308D705
:1002E00083C4062BC0505050FF76089AA00008D750
:1002F00083C408B80400508D46F050FF76089AC0B9
:100300000308D783C406C45EFC26837F0DFF751ED9
:1003100026837F0FFF751726FF7713B8200050261E
:10032000FF77119AE20908D783C406EB0F908B463A
:10033000F48B56F62689470D2689570F2BC05E8B06
:10034000E55DCB90558BECB80C009A1E0008D7B831
:100350005F00F76E068B1648352BC08946F6894636
:10036000F4EB0E908E46FA268B470D0146F6FF46BB
:10037000F48B46F43906F2347E34B95300F7E98B36
:10038000D8031E7A2D8E067C2D8C46FA8B460626C7
:10039000390775DA26837F0F0075C926FF770D1E92
:1003A00026FF77119AD201A1D283C406EBBDFF7656
:1003B000060EE857010146F68B46F68BE55DCB90BD
:1003C000558BECB80E009A1E0008D756B839008B32
:1003D0005E06F76F020347128B57148EC28BF0260E
:1003E0008B048B4F02894EFE8946F6EB0E908E46AB
:1003F000F426C787BD000000FF46F68B46F6390697
:02000002CDC06F
:10000000EA347E2CB9E500F7E98BD8031E4A358E19
:10001000064C358C46F48B46FE2639470975D926A1
:10002000837F0B0175D22683BFBF00007DC0EBC864
:100030005E8BE55DCB90558BECB80A009A1E0008EC
:10004000D756C746FA0000EB7F90B853008E46F8AB
:1000500026F7AFBF0003067A2D8B167C2D8946FC50
:100060008956FE2683BFC10001753D8EC28BD826FE
:10007000FF770DC476F626FF74158EC226FF771122
:100080000EE88C0183C406C45EF626FF774226FF85
:100090007744C45EFC26FF770D26FF77119A0E0881
:1000A000A1D283C408EB1E9026FF77111E26FF778E
:1000B00015C45EFC26FF770D1E26FF77119A5006A9
:1000C000A1D283C40CFF46FAA1EA343946FA7D3442
:1000D000B8E500F76EFA8BD8031E4A358E064C350C
:1000E000895EF68C46F88B46062639470975D62672
:1000F000837F0B0175CF2683BFBF00007C03E949D6
:10010000FFEBC2902BC05E8BE55DCB90558BECB8BE
:1001100012009A1E0008D756B85F00F76E06030655
:1001200046358B1648358946FC8956FEFF76069A79
:10013000240AE5D383C4028946F2C45EFC268B7789
:1001400015D1E6FFB482069AA40508D783C40289B4
:1001500046F6C45EFC268B7715D1E6FFB48C069A72
:10016000A40508D783C4028946F4C45EFC268B77B5
:1001700015D1E6FFB482069AA40508D783C4028984
:1001800046F8C45EFC268B5F17D1E3FFB796069A4C
:10019000A40508D783C4028BC88B46F248F76EF4D7
:1001A00003C8034EF8034EF6894EEEC746F0000032
:1001B000EB4DB85300F76EF08BD8C4367A2D8B46D2
:1001C000062639007536B85300F76EF08BC803C6A3
:1001D0008CC205130052508BF19A640C08D783C46B
:1001E000040146EE03367A2D8B0E7C2D83C63351E7
:1001F000569A640C08D783C4040146EEFF46F0A16A
:10020000F2343946F07CAB8B46EE5E8BE55DCB90ED
:10021000558BECB838009A1E0008D7568B760AC664
:1002200042D20056FF76068D46D2509AB60908D7BC
:1002300083C4068D46D2509AC40508D783C4028968
:1002400046CE8956D056FF76088D46D2509AB609CA
:1002500008D783C4068D46D2509AC40508D783C4F4
:10026000028946CA8956CC0346CE1356D08946FA2F
:100270008956FC0BD27D082BC08946FC8946FAB80A
:100280000A00508D46D250FF76FCFF76FA9AC805D8
:1002900008D783C4088D46D2509AA40508D783C4D2
:1002A000028946FE3B460A7E07C746C80000EB2986
:1002B000C746C80100FF760AB8200050FF76069AAC
:1002C000E20908D783C406FF76FE8D46D250FF763A
:1002D000069AB60908D783C4068B46C85E8BE55DCF
:1002E000CB90558BECB822009A1E0008D7FF760AF7
:1002F000FF7608FF76069AD201A1D283C4063B4658
:100300000C7D2FFF760CB80B21508D46E0509A5291
:100310000608D783C406FF36BC052BC0508D4EE0BF
:1003200016519A0C0036D183C408C746DE0000EB94
:100330000690C746DE01008B46DE8BE55DCB558B14
:10034000ECB810009A1E0008D756B82A00F76E06BF
:100350008BF0C41E7E2D268B4002B95F00F7E903A7
:100360000646358B1648358946FC8956FE8EC28B6B
:10037000D8268B5F5BFF7708B8200050FF76089A7D
:10038000E20908D783C4062BC08946F88946F68956
:1003900046F4E98900908B46068B5EF4D1E3D1E305
:1003A000C436742D26390075728B76F4D1E6D1E609
:1003B0008B1E742D268B40028946FA0BC07C5CB8DC
:1003C000E500F76EFA8BF0C41E4A35268B40118982
:1003D00046F00346F6C45EFC268B5F5B3B47087F16
:1003E00048FF76F0B8E500F76EFA8BF0C41E4A3588
:1003F00026FF70158B46F6034608509AB60908D7B3
:02000002CE002E
:1000000083C4068B46F00146F6C41E4A352683B8E3
:10001000BD000175068B46F68946F8FF46F4A1EE51
:10002000343946F47D03E96DFF8B46F85E8BE55D60
:10003000CB90558BECB80E009A1E0008D756B85FCF
:1000400000F76E068BD8031E46358E064835895E4E
:10005000FC8C46FE268B5F5BFF7708B8200050FFC4
:1000600076089AE20908D783C4062BC08946FA8924
:1000700046F6EB7B90908B5EF6D1E3C436822D265C
:100080008B008946F40BC07C63B85300F76EF48B89
:10009000D8C4367A2D268B003B4606754FB85300E0
:1000A000F76EF48BF08B1E7A2D268B400D8946F26D
:1000B0000346FAC45EFC268B5F5B3B47087F3BFF31
:1000C00076F2B85300F76EF48BF0C41E7A2D1E261C
:1000D000FF7011FF76F28B46FA0346081E509A50C5
:1000E00006A1D283C40C8B46F20146FAFF46F6A164
:1000F000F4343946F67D03E97CFF8B46FA5E8BE5E6
:100100005DCB558BECB830029A1E0008D75756A12C
:10011000E6348986D0FDB93900F7E9030652358BFC
:100120001654358986E6FD8996E8FD8EC28BD82661
:100130008B470C8986D8FDB95F008BD8F7E9030699
:1001400046358B164835898666FE899668FEC786D1
:10015000DEFD1C21C786E0FD00000BDB7C0B8EC2A0
:100160008BD826837F0B007D1DFF36BC052BC0502E
:10017000B83C211E509A0C0036D183C408B8FFFF4A
:100180005E5F8BE55DCB26FF770B9A020708D7836E
:10019000C402C49E66FE8BC8268B47138BDA993B3C
:1001A000D37C157F043BC1760FFF36BC052BC050B6
:1001B0001EFFB6DEFDEBBE90C49EE6FD268B470813
:1001C0008986DAFD268B078986E4FD8B76068B040B
:1001D0002689078B76088B0426894708268B078992
:1001E00086DCFDC786E2FD0000EB35908BC1F7AEE3
:1001F000E2FD8BD8031E4A35268B47158BB6E2FDF0
:10020000D1E689826CFE26FF77118BF38CC79A1892
:100210000808D783C4028EC726894415FF86E2FDED
:100220008B86E2FD3906EA347E22B9E500F7E98BD8
:10023000D8031E4A358E064C358B86D0FD263947AD
:100240000975D926837F0B0174A2EBD0C7866AFE9D
:100250000000EB33B95F00F7E9C41E46358BF0268A
:100260008B400D268B500F8BBE6AFED1E7D1E789FC
:1002700083EAFD8993ECFD26C7400DFFFF26C740AA
:100280000FFFFFFF866AFE8B866AFE3906F0347F19
:10029000C3C49E66FE26FF770B9A020708D783C465
:1002A00002C49E66FE8BC8268B47138BF2992BC81F
:1002B0001BF226894F0D2689770FFFB6D8FD0EE871
:1002C000920683C402C49E66FE268B7711803C0092
:1002D000754BB80400508D44011E508D470D0650DB
:1002E0008BF08CC79A060C08D783C40A8EC7268366
:1002F0007C02007D1DFF36BC052BC0501EFFB6DE04
:10030000FD9A0C0036D183C408C786E0FDFFFFEBE1
:100310000C90FFB6D8FD0EE83A0683C40283BEE017
:10032000FD007514FF36BE052BC050B858211E5075
:100330009A0C0036D183C408FFB6D8FD0EE8B00988
:1003400083C40283BEE0FD00742EC49EE6FD268BAE
:1003500047088B76088904268B078B760689048BE1
:1003600086DAFD268947088B86E4FD268907C7863D
:10037000E2FD0000E9F001902BC050FFB6DCFDB9B2
:10038000E434519A200B42CC83C406C786DCFDFCC2
:10039000FFB8E500C49EE6FD26F72F03064A358B1D
:1003A000164C358986D2FD8996D4FD8EC28BD8260F
:1003B000837F7E007C0C268B477EC49EE6FD2689CB
:1003C0004708C49ED2FD2680BF800000752026FF0E
:1003D000770DFFB6E8FDFFB6E6FD9A060E42CC8328
:1003E000C406B8E434509A540E42CC83C4022BC0E5
:1003F000502BC951B9FBFF5150B8FFFF5050B8E422
:02000002CE40EE
:1000000034509A0800B6D183C40E9A4E00A1D2890A
:1000100086D6FD3DC5FF7503E92FFF3DC1FF750382
:10002000E927FF3DB5FF74053DB3FF75373DB5FFCB
:1000300075042BC0EB03B8010050FFB6D8FD0EE8E5
:100040008E0783C4048986D6FD0BC07C03E9E8FED5
:10005000B8320050B8F401509A6401A1D283C404AC
:10006000E9E0FE903DB0FF7509C786DCFDFEFFE9C3
:10007000D1FE3DB8FF7509C786DCFDFFFFE9C3FE71
:100080003D1B007403E9A5002BC0508D46FE50B9FE
:100090007221519A2C0136D183C4068986D6FD3D42
:1000A000C1FF7503E99CFE807EFE4E7503E993FE59
:1000B0002BC050B8E80350B895211E509A0C00365A
:1000C000D183C4088986D6FD3D1B007403E973FE05
:1000D000FF760AFFB6D8FD0EE82B0A83C404898692
:1000E000D6FDC49E66FE26FF4F5DFF36C0052BC0C1
:1000F00050B9D5211E519A0C0036D183C40883BE55
:10010000D6FDFE751DFF36BE052BC050B8E5211E7D
:10011000509A0C0036D183C408C786E0FDFFFFE982
:1001200028FEFFB6D8FD0EE8C60783C40283BED6FC
:10013000FD0D7403E90CFEFF760AFFB6D8FD0EE84C
:10014000D800E918FF908BB6E2FDD1E68B826CFEF9
:100150008BC8B8E500F7AEE2FD8BF08B1E4A352662
:10016000894815FF86E2FD8B86E2FD3906EA347E7A
:1001700023B9E500F7E98BD8031E4A358E064C35C6
:100180008B86D0FD2639470975D926837F0B0174EC
:10019000B5EBD090C7866AFE0000EB4E8BF0D1E63F
:1001A000D1E6B95F00F7E98BD8031E46358E0648C5
:1001B00035899E66FE8C8668FE8B82EAFD8B92EC0A
:1001C000FD2689470D2689570FC49E66FE26837F2C
:1001D0000F007C1226837F0B007C0BFFB6D8FD0E30
:1001E000E8710383C402FF866AFE8B866AFE3906C5
:1001F000F0347FA883BEE0FD007514FF36C0052BE8
:10020000C050B80A221E509A0C0036D183C4088B05
:1002100086E0FD5E5F8BE55DCB90558BECB82600EC
:100220009A1E0008D756A1E6348946DAB93900F794
:10023000E9030652358B1654358946F28956F48BFC
:10024000C8B85F008BDAF76E06030646358B164892
:10025000358946FC8956FE8EC28BF0268B440D26CE
:100260008B540F8946F68956F88EC38BF1268B0482
:100270008946F0268B44088946E4268B440A894641
:10028000E8268B442D8946FA268B442F8946E0FFC9
:1002900036BE052BC050B923221E519A0C0036D110
:1002A00083C4089A2000A1D9C45EFC26FF77139A64
:1002B000180808D783C4028946EAC45EFC26FF7783
:1002C0001326FF7711509AB60908D783C406C45E77
:1002D000FC268B775B833C007C2CFF74089A180803
:1002E00008D783C4028946EC50FF76069A121C4256
:1002F000CC83C404FF76ECC45EFC26FF775B9A7E59
:1003000010CAD583C404C45EFC26C7470DFFFF2670
:10031000C7470FFFFFC45EF226C7470800009A3A9E
:100320000942CCC45EF2268B470A8946E6B8010032
:1003300050FF76E6B8E434509A200B42CC83C406D2
:10034000B8E500C45EF226F72F03064A358B164C3B
:10035000358946DC8956DE8EC28BD826837F7E00A7
:100360007C0B268B477EC45EF226894708C45EDC80
:100370002680BF800000752E2680BF820003732672
:100380002683BF830000751E26FF770DFF76F4FFDE
:1003900076F29A060E42CC83C406B8E434509A54DE
:1003A0000E42CC83C4022BC0502BC951BAFFFF525E
:1003B000505252B8E434509A0800B6D183C40EC4E7
:1003C0005EF226837F0C007C279A560089D30BD2DD
:1003D0007F1E7C053D00107317FF36BC052BC050F7
:1003E000B83B221E509A0C0036D183C408E9130191
:1003F0008D46E6508D4EE251BAE434529AF80E42E0
:02000002CE80AE
:10000000CC83C4068946EE837EE2C3750DC45EF2DE
:10001000268B078946E6E9E10090837EE2C17406FB
:10002000837EE2C575469AC25521C54875DF8B4669
:10003000F68B56F8C45EFC2689470D2689570F2695
:10004000FF7713FF76EA26FF77119AB60908D78360
:10005000C406FF76060EE8970483C402FF7608FF05
:1000600076060EE8420183C404E997003D0100755D
:1000700003E986008D46E650B8E434509A3C1242BB
:10008000CC83C4048946EE487470C45EDC26837F4A
:100090000B01751C268BB7C300D1E6FFB4BA052B44
:1000A000C0508D87C50006509A0C0036D183C40815
:1000B000C45EF2268B072639472F753E8B46F68B9A
:1000C00056F8C45EFC2689470D2689570F26FF7710
:1000D00013FF76EA26FF77119AB60908D783C4067C
:1000E000FF7608FF76060EE8BE0083C404FF36BE26
:1000F000052BC050B86F22E9E9FE837EE6FD74034C
:10010000E92AFE2AC0509A8003A1D983C4029A200A
:1001100000A1D98B46F0C45EF22689078B46E426FF
:100120008947088B46E82689470A8B46FA2689477D
:100130002D8B46E02689472FFF76060EE8150083B3
:10014000C402FF76060EE8A70383C4022BC05E8BB1
:10015000E55DCB90558BECB804009A1E0008D7B82B
:100160005F00F76E06030646358B1648358946FC58
:100170008956FE2BC9518EC28BD826FF770F26FFDA
:10018000770D26FF770B9AA00008D783C408C45EBA
:10019000FC26FF771326FF771126FF770B9AD602EE
:1001A00008D72BC08BE55DCB558BECB816009A1E9B
:1001B0000008D756A1E6348946EAB85F00F76E0614
:1001C000030646358B1648358946FC8956FE8EC295
:1001D0008BD8268B470D268B570F8946F88956FA00
:1001E0002BC08946F08946F2505050FF76089AA0FD
:1001F0000008D783C408B80400508D46F450FF7639
:10020000089AD60208D783C4063D040074082BC0A0
:100210008946F68946F4FF76069A241742CC83C4B1
:10022000028946F2992946F41956F6C45EFC26FF67
:100230007713B820005026FF77119AE20908D78378
:10024000C406FF76EA9A161842CC83C402C45EFC48
:10025000268B775B833C007D03E9F000FF74089AEE
:10026000180808D783C4028946EE50FF76069A1212
:100270001C42CC83C404B80400508D4EF851C45EB7
:10028000FC268B775B8B54060356EE529AB6090810
:10029000D783C406FF76EEC45EFC26FF775B9A3CEC
:1002A00010CAD583C4040BC07403E99F00C746EC91
:1002B00001008D46EC50FF76EEC45EFC26FF775BB6
:1002C0009ABC10CAD583C406FF76060EE885FE8365
:1002D000C402FF7608FF76060EE82A0483C404B839
:1002E000040050C45EFC268B775B8B44060346EE0D
:1002F000508D46F8509AB60908D783C4062BC050D3
:10030000FF76FAFF76F8C45EFC26FF770B9AA00012
:1003100008D783C408C45EFC26FF771326FF771135
:1003200026FF770B9AD60208D783C406FF76069A73
:10033000241742CC83C4028946F0FF76EA9A161845
:1003400042CC83C402C45EFC26FF4F5D8B46F0990D
:100350002946F41956F6FF76069A241742CC83C430
:1003600002990146F41156F68B46F88B56FAC45E94
:10037000FC2689470D2689570F2BC0505226FF7740
:100380000D26FF770B9AA00008D783C408C45EFC33
:1003900026FF771326FF771126FF770B9AC00308F5
:1003A000D783C4062BC0502BC95151FF76089AA0A1
:1003B0000008D783C408B80400508D46F450FF7677
:1003C000089AC00308D783C4062BC05E8BE55DCBBB
:1003D000558BECB80E009A1E0008D75756C746F446
:1003E0000000837E08011BC024FE408946F6837E00
:1003F00008011BC980E1FC83C105894EF2B85F008A
:02000002CEC06E
:10000000F76E068BD8031E46358E064835895EFC92
:100010008C46FE268B470D268B570F8946F889564E
:10002000FA268B4713F76EF6992601470D261157CE
:100030000FC45EFC26837F0F007C1D26FF770B9A82
:10004000020708D783C402C45EFC2639570F7C2000
:100050007F062639470D72188B46F88B56FA26898B
:10006000470D2689570FB8FFFF5E5F8BE55DCB908C
:10007000FF76060EE8DDFC83C402C45EFC268B77A7
:1000800011803C007561B80400500376F21E568D55
:10009000470D06508BF08CC79A060C08D783C40A0C
:1000A0008EC726837C02007C1EC45EFC26FF770B75
:1000B0009A020708D783C4028EC7263954027C1DD2
:1000C0007F0526390472168B46F88B56FAC45EFCFF
:1000D0002689470D2689570FC746F4FFFFFF76068E
:1000E0000EE870FC83C4028B46F45E5F8BE55DCB4B
:1000F000558BECB81E009A1E0008D756A1E634892D
:1001000046EA2BC08946E28946F6EB31B853008EA9
:1001100046E826F7AFBF00C4367A2D03F026FF74F9
:100120000D1E26FF74118E46E826FF77111E26FF4E
:1001300077159A5006A1D283C40CFF46F68B46F67B
:100140003906EA347E2CB9E500F7E98BD8031E4A5C
:10015000358E064C358C46E88B46EA2639470975BC
:10016000D926837F0B0175D22683BFBF00007D9CFB
:10017000EBC8C746F80000EB1E90B85F00F76EECC6
:100180008BF0C41E4635268B405B8946FA8BD8839C
:100190003F007D56FF46F88B46F83906EC347E5A10
:1001A000B92A00F7E98BD8031E7E2D8E06802D8993
:1001B0005EEE8C46F0268B078946F60BC07CD5B8E0
:1001C000E500F76EF68BF0C41E4A358B46EA2639F9
:1001D000400975C0C45EEE268B47028946EC0BC011
:1001E0007CB23B46067593EBAB908B46E2394708F1
:1001F0007EA28B47088946E2EB9AFF76E29A1808BE
:1002000008D783C4028946F4FF76E29A180808D713
:1002100083C4028946F2C746F80000EB2890B85F15
:1002200000F76EEC8BD8031E46358E064835895E86
:10023000FC8C46FE268B475B8946FA8BD8833F00B1
:100240007D58FF46F88B46F83906EC347F03E9AD5C
:1002500000B92A00F7E98BD8031E7E2D8E06802D6B
:10026000895EEE8C46F0268B078946F60BC07CD261
:10027000B8E500F76EF68BF0C41E4A358B46EA26C9
:1002800039400975BDC45EEE268B47028946EC0BEA
:10029000C07CAF3B46067586EBA8FF76F4FF76F888
:1002A0009A1E1B42CC83C404FF76F2FF76F4FF76DD
:1002B000FA9AB60FCAD583C406487530B804005000
:1002C0008B5EFA8B47060346F21E508B46FC8B561C
:1002D000FE050D0052509A060C08D783C40AFF761B
:1002E000EC0EE86FFA83C402E957FF90C45EFC2667
:1002F000C7470DFEFF26C7470FFFFFE944FF2BC08E
:100300005E8BE55DCB90558BECB824009A1E0008FF
:10031000D756C746DE0000B85F00F76E068BD803DD
:100320001E46358E064835895EEE8C46F0268B5F7C
:1003300011803F007508B8FFFF5E8BE55DCB2BC0D9
:10034000505050FF76089AA00008D783C408B8041C
:1003500000508D46E850FF76089AD60208D783C42D
:10036000063D040074082BC08946EA8946E8FF76FA
:10037000069A241742CC83C402992946E81956EA02
:100380002BC0502BC95151FF76089AA00008D78383
:10039000C408B80400508D46E850FF76089AC003A0
:1003A00008D783C406C45EEE268B775B833C007C53
:1003B0002CFF74089A180808D783C4028946E250B3
:1003C000FF76069A121C42CC83C404FF76E2C45E18
:1003D000EE26FF775B9A7E10CAD583C404C45EEE16
:1003E000268B7711C6040026FF770B9A020708D7E1
:1003F00083C4028946FC8956FEC746E00000EB0331
:02000002CF002D
:10000000FF46E0837EE0027C03E9A400837EE001FA
:100010001BC024FC0505008946DC837EE0011BC073
:1000200024FE408946ECC45EEE26F76F1399260342
:10003000470D2613570F8946E48956E60BD27C0CF0
:100040003B56FE7C257F053B46FC721EB8040050E3
:100050008D46E450C45EEE268B47110346DC509A71
:10006000B60908D783C406EB97902BC05052FF7691
:10007000E426FF770B9AA00008D783C408B80900CC
:10008000508D46F250C45EEE26FF770B9AD60208DA
:10009000D783C406807EF20075B2B80400508B7618
:1000A000DC8D42F250C45EEE2603771156EBB09021
:1000B0002BC050C45EEE26FF770F26FF770D26FF7C
:1000C000770B9AA00008D783C408B8090050C45E13
:1000D000EE26FF771126FF770B9AC00308D783C45B
:1000E00006C45EEE26C7470DFFFF26C7470FFFFF7A
:1000F000C746E00000837EE0011BC024FE40894625
:10010000EC837EE0011BC024FC0505008946DCB9B8
:10011000040051C45EEE26034711508D46E4509A08
:10012000B60908D783C406837EE6007C1D8B46E4AF
:100130008B56E63956FE7C127F053946FC760BC499
:100140005EEE2689470D2689570FC45EEE268B4743
:1001500013F76EEC992946E41956E62BC050FF764A
:10016000E6FF76E426FF770B9AA00008D783C40841
:10017000B8090050C45EEE26FF771126FF770B9A70
:10018000C00308D783C406FF46E0837EE0027D03F8
:10019000E962FFC45EEE26837F0F007D07C746DE5F
:1001A000FEFFEB0AFF76060EE8A9F783C4028B4632
:1001B000DE5E8BE55DCB558BECB850029A1E0008D5
:1001C000D756A1E6348986D0FDB93900F7E9030690
:1001D00052358B1654358986B6FE8996B8FEC78689
:1001E000AEFEFFFF8EC28BD8268B47048986B0FEF9
:1001F0008986DCFD2BC0898614FE8946F88946FA7B
:100200008986B4FE8946FE898612FE898616FEC757
:1002100086BCFE7E22C786BEFE8322C786C0FE88BD
:1002200022C786C2FE8D22C786C4FE9222C786C61A
:10023000FE9722C786C8FE9C22C786CAFEA122FF5F
:10024000B6D0FD9A9A025DD383C4020BC07503E950
:10025000BB072BC0C49EB6FE26894708268907B86F
:10026000170050B82000508D86B6FD509AE209085C
:10027000D783C406C49EB6FE268B470226034704D6
:100280003B06E2347C0C26FF4F04268B470489860C
:10029000B0FEC49EB6FE26837F02007508268B47FB
:1002A00004898612FEB8960050B95F00518D8ECC3D
:1002B000FE519AE20908D783C406B8960050B92EB9
:1002C00000518D8E18FE519AE20908D783C406B8F2
:1002D000960050B82300508D8662FF509AE20908BC
:1002E000D783C4068D8662FF508D8618FE508D869A
:1002F000CCFE500EE8AD0883C4069A2000A1D92A8E
:10030000C0509A2003A1D983C402837EF8007526C9
:10031000FFB6B4FEFFB6B8FEFFB6B6FE9A060E42B2
:10032000CC83C406C49EB6FE268B4702262B470804
:100330000386B4FEEB048B86B4FE8986BAFE83BEC8
:10034000AEFE007D118D86CEFD8986B2FEC786B0D9
:10035000FD0000EB4F90B8E500F7AEAEFE8BD80382
:100360001E4A358E064C35899ED6FD8C86D8FD26D4
:100370008B47118986B0FD26837F0B00751A508D3F
:10038000474606508D86DEFD8986B2FE16509A06D7
:100390000C08D783C40AEB0C8E86D8FD268B471534
:1003A0008986B2FEFF76F8FF76FEFFB6B4FE0EE851
:1003B000600683C406898610FE8B86AEFE8986DAC7
:1003C000FD0BC07D088B8610FE8986DAFD83BEDAC0
:1003D000FD007C15B8E500F7AEDAFD8BF0C41E4ACF
:1003E00035268B400B8986DAFD8BB6DAFDD1E6FF28
:1003F000B2BEFE8B46FE40508B86B4FE4050B8A67F
:02000002CF40ED
:1000000022508D86B6FD509A520608D783C40A8DB9
:1000100086B6FD50FF76F8FFB6B0FDFFB6B2FEFF24
:1000200076FEFFB6BAFEB8E434509A0800B6D18323
:10003000C40E2BC050509A6003A1D983C404C74694
:10004000FA010083BEAEFE007D06C786B0FD01004A
:10005000B832321E509A4003A1D983C4040BD27522
:10006000053D0A007661FF76F8837EFA011BC02504
:10007000690005070050FFB6B0FD1EFFB6B2FEFFD7
:1000800076FEFFB6B4FEFFB6B8FEFFB6B6FE9AE443
:1000900003B6D183C412B8862D1E50A0E234FEC828
:1000A00050B013502AC050509AA001A1D983C40C5B
:1000B000837EFA011BC0F7D88946FA2BC050509AAC
:1000C0006003A1D983C4049A9002A1D90BC0743EE5
:1000D0009A4E00A1D28986D2FDC49EB6FE268B47D9
:1000E00008898614FE83BED2FDC5740783BED2FD87
:1000F000C1753783BEAEFE007C26B8320050B8FA18
:1001000000509A6401A1D283C404E9EDFD90B86463
:10011000009952509A2002A1D983C404E931FF907A
:10012000C706E0340000E9D7049083BED2FDB37562
:1001300017FF46FE837EFE137F03E9BDFDC746FE23
:100140000000C786D2FDB0FF83BED2FDB57525FF86
:100150004EFE7920C746FE1300837EF800750F839C
:10016000BEB4FE007508C746FE0000E98CFDC786D8
:10017000D2FDB8FF83BED2FDB87573FF8EB4FE8387
:100180007EF801755583BEB4FE007D22A1E234489D
:100190008986B4FE268B4F028BD1038EDCFD3BC8D3
:1001A0007F03E955FD4A8996B4FEE94DFD90268B03
:1001B00047028BC82B86B4FE0386DCFD487403E936
:1001C00038FD49898EB4FE0BC97C03E92CFDA1E200
:1001D00034488986B4FEE921FD9083BEB4FE007CDC
:1001E00003E916FDC786B4FE0000E90DFD9083BE4D
:1001F000D2FDB07567FF86B4FE837EF80175498B2A
:1002000086B4FE263947027517A1E234488B8EDC8E
:10021000FD018EB4FE3986B4FE7F03E9DCFCEBC43D
:10022000A1E234483B86B4FE7C03E9CDFCC786B42A
:10023000FE000026837F02007E03E9BDFC268B477B
:10024000020386DCFDEB8B9081BEB4FEE6037F03E8
:10025000E9A7FCC786B4FEE603E99EFC83BED2FD97
:10026000C2756F8B86DCFD3906E2347503E98AFEC0
:100270008B86B4FE8986B2FD8B46FE8986B4FD8BE3
:100280008612FE8986B4FE8B8616FE8946FE8B8614
:10029000B2FD898612FE8B86B4FD898616FEB8648F
:1002A0000050B8DC05509A6401A1D283C404837E57
:1002B000F8011BC0F7D88946F84875108B86DCFD1D
:1002C000C49EB6FE26894704E92FFC908B86B0FEBB
:1002D000EBEE83BED2FDC47403E97D0183BEAEFEA6
:1002E000007C21B8FFFF50B8E500F7AEAEFE8BF002
:1002F000C41E4A3526FF700BFFB6AEFE0EE85A0646
:10030000E9F4FB908B8610FE8986AEFE0BC07C2242
:10031000B9FFFF51B9E500F7E9C41E4A358BF02655
:10032000FF700BFFB6AEFE0EE82F0683C406E9E4AD
:100330000090FF76F8B8070050FFB6B0FD1EFFB67C
:10034000B2FEFF76FEFFB6B4FE06539AE403B6D1C2
:1003500083C412FF76F8FF76FEFFB6B4FE0EE86F98
:100360000683C4068946FC500EE8F00483C4028963
:1003700086AEFE0BC07D03E97801B8E500F7AEAEAE
:10038000FE8BD8031E4A358E064C35899ED6FD8CD1
:1003900086D8FD8B86B4FE2689470D8B46FEC49E0B
:1003A000D6FD2689470F8A46F8268887800026834F
:1003B0007F0B06750E8D8662FF26894715C706E0FE
:1003C00034FFFFC49ED6FD26837F0B02752C8D86DD
:1003D00018FE26894715B8530026F7AFBF008BD803
:1003E000C4367A2DB85F0026F7288BF0C41E463538
:1003F0002BC02689400F2689400DC49ED6FD26833A
:02000002CF80AD
:100000007F0B0175088D86CCFE268947158B86AE41
:10001000FE898610FEB8E500F7AEAEFE03064A354F
:100020008B164C358986D6FD8996D8FDFF76F8FF6C
:10003000B6AEFE8EC28BD826FF771126FF770F262D
:10004000FF770D0EE8650283C40A487506C786D29D
:10005000FD0D00C786AEFEFFFF83BED2FD0D74030B
:10006000E90B018B8610FE8986D4FD83BEAEFE00AF
:100070007D03E98700FF76F8FFB6AEFEFFB6B0FD60
:10008000FF76FEFFB6B4FE0EE8210283C40A48756F
:1000900003E966FCFF76F8FF76FEFFB6B4FE0EE8D5
:1000A0002E0583C4068946FC8B86B4FEC49ED6FD0D
:1000B0002689470D8B46FE2689470F8A46F82688F3
:1000C000878000FF76FCFFB6AEFE9AF00C90D483DA
:1000D000C404B8640050B9C409519A6401A1D28320
:1000E000C404B8640050B8DC05509A6401A1D283FE
:1000F000C404C786AEFEFFFFE9FFF99083BED4FDBE
:10010000007C6BB8E500F7AED4FD8BD8031E4A35F2
:100110008E064C35899ED6FD8C86D8FD26837F0BB6
:1001200006750626C74715BC22B8640050B9DC0521
:10013000519A6401A1D283C404B8640050B8C409C0
:10014000509A6401A1D283C4048B86D4FD8986AE03
:10015000FEC49ED6FD268B470D8986B4FE268B47AE
:100160000F8946FE26C7470D204EE98DF99083BEC4
:10017000D2FD1B7403E982F983BEAEFE007C41FF11
:1001800076F8B8070050FFB6B0FD1EFFB6B2FEFF0E
:1001900076FEFFB6B4FEFFB6B8FEFFB6B6FE9AE432
:1001A00003B6D183C412FFB6AEFE9A9E0390D483E9
:1001B000C4028986D2FD0BC07503E93DF9E932FF1F
:1001C00083BE10FE007D03E930F9FF76F8B8070022
:1001D00050FFB6B0FD1EFFB6B2FEFF76FEFFB6B40E
:1001E000FEFFB6B8FEFFB6B6FE9AE403B6D183C4EE
:1001F00012FFB610FE9A9E0390D483C402E9FAF867
:100200008B86DCFD268947049A2000A1D95E8BE508
:100210005DCB558BECB816009A1E0008D7A1E634CA
:100220008946ECB93900F7E9030652358B16543587
:10023000C746EEFFFFC746F60000EB0D8E46F426DC
:10024000837F0B057556FF46F68B46F63906EA3472
:100250007E52B9E500F7E98BD8031E4A358E064C6D
:10026000358C46F48B46EC2639470975D9268A87A2
:1002700080002AE43B460A75CD8B4606262B470DA7
:10028000B91400F7E98B4E08262B4F0F03C878B638
:10029000268B4711483BC87EA3EBAB908B46F68973
:1002A00046EEEBA28B46EE8BE55DCB90558BECB822
:1002B00016009A1E0008D75756A1E6348946EAB9B7
:1002C0003900F7E98B1654352BC08946F08946F280
:1002D000EB398B460A992946F81956FA8B46F88B62
:1002E00056FAC45EEC8BC8268B47118BDA9901460F
:1002F000F41156F6395EF67C0F7F05394EF4760818
:10030000C746F00100E99200FF46F2A1EA343946FF
:10031000F27C03E984008B460C3946F274EAB8E5B6
:1003200000F76EF28BD8031E4A358E064C35895E77
:10033000EC8C46EE8B46EA2639470975CB268A8730
:1003400080002AE43B460E75BF268B470F998BC869
:10035000B814008BF226F76F0D03C813F2894EF420
:100360008976F68B460A998BD8B814008BFAF76E0B
:100370000603D813FA8B46089903D813FA895EF856
:10038000897EFA3BFE7E03E948FF7D03E979FF3B66
:10039000D97603E93CFFE96FFF908B46F05E5F8BF7
:1003A000E55DCB90558BECB810009A1E0008D7562F
:1003B000A1E6348946F2B93900F7E9030652358BD4
:1003C000165435C746F80000EB0D8B4606C45EF4A4
:1003D00026894715FF46F8A1EA343946F87D75B8F5
:1003E000E500F76EF88BD8031E4A358E064C35892A
:1003F0005EF48C46F68B46F22639470975D6268B75
:02000002CFC06D
:10000000470B4874C54874082D04007433EBC59041
:100010008B4608C45EF426894715B8530026F7AF0F
:10002000BF008BD8C4367A2DB85F0026F7288BF036
:10003000C41E46352BC02689400F2689400DEB94FF
:100040008B460AC45EF426894715C706E034FFFFD5
:10005000EB8290902BC05E8BE55DCB90558BECB81E
:100060001C009A1E0008D7A1E6348946F0B9390071
:10007000F7E9030652358B1654358946FC8956FE3E
:10008000C746E4C3228C5EE6C746E8CF228C5EEA10
:10009000C746ECDA228C5EEE2BC08946F88946F220
:1000A000C746F60200C746FA0300813EEA34C8009C
:1000B0007C1AFF36BC05501EFF3670069A0C0036BF
:1000C000D183C408B8FFFF8BE55DCB90B801005029
:1000D000B8700050B8E822502BC05050B80E0050F5
:1000E000B9030051FF76FAFF76F6FF76FEFF76FC45
:1000F0009AB005B6D183C416B8A2041E508D46F23C
:10010000508D46F850B8030050B90E005150FF769C
:10011000FAFF76F68D46E4509A080018CC83C41492
:100120008946F43D0D00759C837EF8027516833E6A
:10013000F034017D0FFF36BC052BC050B8F3221EF2
:1001400050E978FFFF7606FF76F8B8FFFF500EE81B
:1001500008008946F48BE55DCB90558BECB8020026
:100160009A1E0008D7C746FEFFFF8B4608EB4B9050
:10017000FF76069A000021C583C4028946FEEB493A
:10018000FF760AFF76069AF00421C583C404EBEBE0
:10019000FF7608FF76069AB016A4C1EBEE90FF3604
:1001A000BC052BC050B803231E509A0C0036D183D7
:1001B000C408B8FFFF8BE55DCB900BC074B24874E8
:1001C000BF4874CC2D040074D58B46FE8BE55DCB07
:1001D000558BECB80C009A1E0008D7A1E63489466E
:1001E000F4B93900F7E9030652358B165435C74682
:1001F000FA0000EB6590B8E500F76EFA8BD8031EA5
:100200004A358E064C358C46F88B46F4263947091C
:10021000754526837F0B01753E837E0A017508268E
:1002200080BF800000743B837E0A00750B8E46F809
:100230002680BF800001741F8E46F826817F0DE75F
:10024000037F148B46062639470D7F167C098B46A3
:10025000082639470F7F0BFF46FAA1EA343946FAE0
:100260007C948B46FA8BE55DCB90558BEC33C09A32
:100270001E0008D78B5E06C747090000C7470B0161
:10028000008B460889470D8B460A89470F8B46121B
:100290008947118B460C8947158B460E89477A830F
:1002A0007E10007513B8280050B82000508D4719F3
:1002B000509AE20908D7EB16B82800501EFF7610B6
:1002C000508B46060519001E509A5006A1D28BE5A8
:1002D0008B5E06C787970000008B46148947138AF8
:1002E000461688878000C687820001B8240050B86F
:1002F000A204508D879900509AB60908D78B461AE8
:100300008B5E068987A1008B4E18898FA70089878D
:10031000AD00C787B100C5FFB8FFFF89477E898759
:10032000BF002BC08BE55DCB558BEC33C09A1E0014
:1003300008D7562BC08B5E0689470989470B8B4629
:100340000889470D8B460A89470FFF760C9AA4054A
:1003500008D783C4028B5E0689471150FF760C8D47
:100360004746509AB60908D783C4068B5E068B773A
:1003700011C64046008B460E89477C8A4610888706
:1003800080002BC05E8BE55DCB90558BEC33C09A23
:100390001E0008D78B5E06C747090000C7470B033E
:1003A000008B460889470D8B460A89470F8B460C00
:1003B0008947158B460E8947118A46108887800029
:1003C000B8240050B8A204508D879900509AB609FD
:1003D00008D78B46168B5E068987A1008B4612894B
:1003E00087A7008B46148987AD00C787B100C5FF7A
:1003F000C7477EFFFF2BC08BE55DCB90558BEC3361
:02000002D0002C
:10000000C09A1E0008D7568B5E06C747090000C776
:10001000470B04008B460A89470D8B460C89470F16
:100020008B460E8947138B46108947118B4E0889E2
:100030004F1550BA200052519AE20908D783C406DE
:100040008B5E108B7608C600008B46148B5E06898B
:100050008797008B4612894717B8240050B8A2042E
:10006000508D879900509AB60908D783C4068B46ED
:10007000168B5E0689879B008987A1008987B3005C
:10008000B8010089879D008987A3002BC05E8BE59E
:100090005DCB558BECB818009A1E0008D7B1048BC5
:1000A0005E068A078BD02C03D2E00247018946EE18
:1000B0008A47032C03D2E00247048946EC8A4708AA
:1000C0002C03D2E00247098946EA8A47062C03D26C
:1000D000E00247078B5E088946E88A072C03D2E0D6
:1000E0000247018846FE8A47032C03D2E0024704F8
:1000F0008846FA8A47062C03D2E00247078846F072
:1001000080FA20741C8A46E8508A46EA508A46EEF5
:10011000508A46EC508A46F4509A6002A1D983C4B2
:100120000A8B5E08803F2074118A46F0508A46FA96
:10013000508A46FE509A0002A1D98BE55DCB558BC3
:10014000ECB816009A1E0008D756C746FE00008B72
:100150005E06803F207509B801005E8BE55DCB909F
:10016000B8020050538D4EEC519AB60908D783C49B
:1001700006B80200508B4606050300508D46EE502F
:100180009AB60908D783C406B80400508B46060502
:100190000600508D46F0509AB60908D783C406C6AB
:1001A00046F4008B76FE807AEC307C06807AEC395F
:1001B0007E082BC05E8BE55DCB90FF46FE837EFE06
:1001C000087CE0C646F800B80200508D46EC508D21
:1001D00046F6509AB60908D783C4068D46F6509A5B
:1001E000C00508D783C4028946FC3D01007CC33D9D
:1001F0000C007FBEB80200508D46F0508D46F65080
:100200009AB60908D783C4068D46F6509AC00508E9
:10021000D783C4028946FA3D13007C963D15007FC2
:1002200091B80200508D46EE508D46F6509AB609B0
:1002300008D783C4068D46F6509AC00508D783C4F4
:10024000028946EA8B46FCEB2390837EEA1F7E03FD
:10025000E95FFF837EEA017C03E9FBFEE953FF903F
:10026000837EEA1EEBE8837EEA1DEBE2483D0B004D
:100270007603E9E2FED1E0932EFFA7EE0190BA01EA
:10028000D601BA01D001BA01D001BA01BA01D00138
:10029000BA01D001BA01558BECB812009A1E0008C1
:1002A000D756C746FE00008B5E06803F207509B812
:1002B00001005E8BE55DCB90B8020050538D4EEE91
:1002C000519AB60908D783C406B80200508B4E066F
:1002D00083C103518D4EF0519AB60908D783C406E5
:1002E000B80200508B4606050600508D46F2509A23
:1002F000B60908D783C4062AC08846FA8846F48B14
:1003000076FE807AEE307C06807AEE397E082BC04D
:100310005E8BE55DCB90FF46FE837EFE067CE0B8FB
:100320000200508D46EE508D46F8509AB60908D717
:1003300083C4068D46F8509AC00508D783C4028945
:1003400046F60BC07CC83D17007FC3B80200508D35
:1003500046F0508D46F8509AB60908D783C4068DEA
:1003600046F8509AC00508D783C4028946FC3D3B35
:10037000007F03E939FFEB96558BECB864009A1EB9
:100380000008D75756C746A60D00C746F80300C752
:1003900046FAFFFF2BC08946F08946A889469C890A
:1003A00046A28946AA8946A0B801008946FC89462A
:1003B000EE8B461C0B461A7411FF761CFF761A9AB8
:1003C000640C08D783C4048946A29ABA00A1D20B50
:1003D000C074109A4E00A1D28946F23DC1FF750348
:1003E0008946A6837E20037406837E20047523FF3E
:1003F0007620FF7612FF7618FF7616FF7610FF76CE
:02000002D040EC
:100000000E0EE8110C83C40C8B46A65E5F8BE55D7B
:10001000CB90837E200574F0FF7612FF7618FF7672
:1000200016FF7610FF760E0EE85B0883C40AFF7693
:1000300028B8FFFF50FF7622FF7618FF7616FF766E
:1000400012FF7610FF760EFF760CFF760AFF760819
:10005000FF76060EE8390783C4189A5A08B6D1FF0E
:100060007628FF760CFF760AFF7608FF76069A8ED2
:1000700003B6D183C40A9A2000A1D99A0000A1D95D
:10008000837E2001751EB00150FF3650359AFE0266
:100090003DD283C404FF3650350EE8370E83C402C8
:1000A0002AC0EB02B00150FF3650359AFE023DD215
:1000B00083C404FF3650359A3E033DD283C4028880
:1000C00046F4837E14017406837E14077504B040E1
:1000D000EB022AC0509A2003A1D983C4028B46FCAC
:1000E0000146FA790D2BC08946A08946FAC746FC1D
:1000F00001008B46123946FA7D03E941018946FA2F
:100100008B46FA03460CB9140099F7F98946F203B5
:10011000460A8946F68BC8B8ECFFF76EF20346FA3A
:1001200003460C8946FE8BF08BF99A0000A1D9FF9B
:1001300076285657FF7608FF76069A8E03B6D18347
:10014000C40A837EA0017556C45E0E8BC68B76FAF8
:1001500026C60020C746A65F00FF7628B9070051D3
:10016000B90100518D4EA616515057FF7608FF7603
:10017000069AE403B6D183C4128946F20BC0751EF9
:10018000B00150B007508A46A6509A9000A1D9837A
:10019000C4068A46A6509AF000A1D983C4022BC097
:1001A0008946FC8946A0FF7612FF7610FF760E9AEC
:1001B000D201A1D283C40689469E3D01007D1183F0
:1001C0007EEE01750B837EFA007505C746F00000D0
:1001D000837EF001751B837EA8007515837EF8036E
:1001E000750F2AC050FF3650359AFE023DD283C4A7
:1001F00004837EF0007516837EA80175108A46F48C
:1002000050FF3650359AFE023DD283C4048B46F02F
:100210008946A88B46123946FA7D03E9F800837EA9
:100220001E0175529ABA00A1D28946A63D0D0075ED
:10023000059A4E00A1D2C746A60D00E922058B46BD
:10024000180B46167503E9B7FEC45E1626803F00FC
:100250007503E9ABFE8B76FA268A008BC8988BD89B
:10026000F687DD28107403E973FE80F9427403E910
:100270008EFEE968FE90837EF8037503E997009A85
:10028000BA00A1D28946A68BD8F687DD2857750318
:10029000E98300FF7612FF7618FF7616FF7610FFCF
:1002A000760E0EE8AA0583C40AFF7628B8FFFF5031
:1002B000FF7622FF7618FF7616FF7612FF7610FF84
:1002C000760EFF760CFF760AFF7608FF76060EE8BC
:1002D000BE0483C4189A5A08B6D1FF7612B81E23FA
:1002E000508D46AE509A520608D783C406FF36BCDE
:1002F000052BC08946FA89469C508D46AE16509A09
:100300000C0036D183C4089A5A08B6D1C746F0000B
:1003100000E9C9FD9090C45E168B76FA268A009893
:100320008946AC8CC10BCB740B26803F0074053D15
:100330002000750B8B5E148A87D605988946AC839E
:100340007EEE0175169A4E00A1D28946A6FF365060
:10035000350EE8ED0B83C4028946F8C746EE01006E
:10036000837EF00075468B469C3946A27E3E837E96
:10037000F8037438C45E1A8BF0268A00983B46A6B0
:100380007424B86400509A3E01A1D283C402FF369F
:10039000BC052BC050B92F231E519A0C0036D183B7
:1003A000C408E9770190FF469CE931FD837EA620D1
:1003B0007C6A837EA67F7F64837EF000755EC7467D
:1003C000EE0000FF7612FF7618FF7616FF7610FF1C
:1003D000760E0EE87A0483C40AFF7628B8FFFF5031
:1003E000FF7622FF7618FF7616FF7612FF7610FF53
:1003F000760EFF760CFF760AFF7608FF76060EE88B
:02000002D080AC
:100000008E0383C4189A5A08B6D1C746FAFFFFB8C0
:1000100001008946F08946FCE9C2FC90837EA62057
:100020007D03E91D02837EA67F7E03E914028B46D1
:10003000123946FA7C03E9A4FC837EF80375098330
:100040007E20027503E995FC837E14057C06837E81
:10005000AC4B750E8B5EA6F687DD28027404836EAA
:10006000A620837EF8037423837EFA007E1D8B5EB8
:10007000A6F687DD28107413C45E168B76FA268ADE
:1000800040FF983B46A67503E952FC833E722D0261
:10009000751C837E14077516837EA62E7505C746CC
:1000A000A65900837EA62D7505C746A64E00C746F5
:1000B000AA00008B46AC3D6E007503E9F600772C74
:1000C0002C397503E9D3002C087503E9AA002C0A22
:1000D000751AFF76148A46A6500EE87D0583C4047F
:1000E0000BC07508C746AA01008946A4837EAA00F2
:1000F0007503E9D900837EA4007413FF36BC052B79
:10010000C0501EFF76A49A0C0036D183C4089A5AB8
:1001100008B6D1837EF8037503E9C1FBFF7612FFB1
:100120007618FF7616FF7610FF760E0EE821038311
:10013000C40AFF7628B8FFFF50FF7622FF7618FF2B
:100140007616FF7612FF7610FF760EFF760CFF769E
:100150000AFF7608FF76060EE8350283C4189A5A1D
:1001600008B6D1C746FAFFFFC746FC01002BC0897D
:10017000469C8946F0E965FB8B5EA6F687DD280381
:100180007403E967FF83FB207503E95FFFC746AA95
:100190000100C746A44023E952FF8B5EA6F687DD27
:1001A00028047403E945FFC746AA0100C746A45CBA
:1001B00023E938FF8B5EA6F687DD28077403E92B59
:1001C000FFC746AA0100C746A47523E91EFF8A4659
:1001D000A6C45E0E8B76FA268800837EA62075055F
:1001E000C746A65F00837E22017505C746A62A0082
:1001F000FF7628B8070050B80100508D46A616506B
:10020000FF76FEFF76F6FF7608FF76069AE403B6E1
:10021000D183C4128946F20BC0751EB00150B007DD
:10022000508A46A6509A9000A1D983C4068A46A651
:10023000509A1001A1D983C402B801008946FCE993
:1002400030FF837EA608750EC746FCFFFFC746A099
:100250000100E988FA90837EA6B57508C746FCFFC1
:10026000FFE979FA837EA6B37520C45E0E8B76FA19
:100270002680382075C3837EAC397503E95EFA8326
:100280007EAC6E7503E955FAEBAF837EA61B755AFB
:10029000FF7612FF7618FF7616FF7610FF760E0EA9
:1002A000E8AD0183C40AFF7628B8FFFF50FF76222D
:1002B000FF7618FF7616FF7612FF7610FF760EFF98
:1002C000760CFF760AFF7608FF76060EE8C10083FB
:1002D000C4189A5A08B6D1C746F00000C746FAFFBC
:1002E000FFC746FC0100E9F4F990837EA6C3755868
:1002F000837E140675528B460E8B56100346FA52B7
:1003000050FF76FEFF76F6FF7608FF76060EE8DDF4
:100310000183C40CFF7628B8FFFF50FF7622FF76DA
:1003200018FF7616FF7612FF7610FF760EFF760C1A
:10033000FF760AFF7608FF76060EE8530083C4189E
:100340009A5A08B6D1E995F98D46F250FF7626FF04
:100350007624FF76A69AD81142CC83C4084074084C
:100360009A2000A1D9E9A0F8837EA6C37409837EF0
:10037000A6C57403E966F98B46080B46067503E9C2
:100380005BF9C45E0626807F0E0075D4E94EF990B5
:10039000558BECB808009A1E0008D756FF7612FF5E
:1003A0007610FF760EFF76129A180808D783C402DB
:1003B0008946FC8C5EFE1E509A060C08D783C40A40
:1003C000C746FA0000EB14908B76FA268A009889CB
:1003D00046F8837EF8427524FF46FA8B461239466A
:1003E000FA7D478B46160B46147409C45E142680AA
:1003F0003F0075D4C746F80000EBD790837E180104
:02000002D0C06C
:1000000075168B5EF8F687DD2810750CC45EFC8BC8
:1000100076FA26C6005FEBC0C45E0E8B76FA2680A9
:10002000382075B4C45EFCEBE990FF761CFF761AAD
:1000300050FF76FEFF76FCFF760CFF760AFF76080F
:10004000FF76069AE403B6D183C4125E8BE55DCBDE
:10005000558BEC33C09A1E0008D7FF760EB82000EF
:1000600050FF7608FF76069A7C0C08D78BE5FF7662
:100070000EFF760CFF760AFF7608FF76060EE8057F
:10008000008BE55DCB90558BECB802009A1E000802
:10009000D757568B460C0B460A744DC45E0A268011
:1000A0003F007444C746FE0000EB0490FF46FE8B01
:1000B00046FE39460E7E31C45E0A8BF026803842F9
:1000C0007509C45E068BF826C60120C45E0A8B76CD
:1000D000FE268A008BC8988BD8F687DD281074CC52
:1000E000C45E06268808EBC45E5F8BE55DCB558B4E
:1000F000ECB86C019A1E0008D7C78694FEC1FFC7F2
:10010000869AFEC3FFC786A0FE0D002BC089869687
:10011000FE898698FE89869CFE89869EFE8986A237
:10012000FE8986A4FE8986A6FE8986A8FE8986AAFF
:10013000FEB8450150B8862D508D86AEFE509AB659
:100140000908D783C406C45E06268B470829460AD9
:10015000268B470201460AFF4E0C837E0C017D056B
:10016000C7460C0100837E0C107E05C7460C1000AC
:10017000837E0A007D05C7460A0000A1E2342D03F4
:10018000003B460A7D0389460AB80100502BC9513D
:100190002BD2525152B903005150FF760CFF760A10
:1001A0002BC050509AB005B6D183C416C45E0E263B
:1001B0008A072AE450B89D23508D46F6509A52067D
:1001C00008D783C406B80100508D8E94FE16512BBB
:1001D000C95150512BC050505050B8020050B80374
:1001E00000508D46F61650FF760CFF760A2BC05055
:1001F000500EE883F583C4248986ACFE3DC1FF74AC
:10020000388D46F6509AC00508D783C4028946F453
:100210003DFF007F053D01007D16FF36BC052BC06C
:1002200050B8A2231E509A0C0036D183C408EB9517
:100230008A46F4C45E0E268807B84501508D86AE06
:10024000FE50B8862D509AB60908D783C4069A5A2C
:1002500008B6D12BC08BE55DCB90558BECB8680010
:100260009A1E0008D7C7469801008A4606988BD880
:10027000F687DD281075083C2074043C427507B8E9
:1002800001008BE55DCB8A46069850B8D605509A9A
:10029000980808D783C4040BC07519FF36BC0550F5
:1002A000B9C3231E519A0C0036D183C4082BC08BCE
:1002B000E55DCB908A460698EB56837E080374175B
:1002C000FF36BC052BC089469850B8DF231E509AD4
:1002D0000C0036D183C4088B46988BE55DCB837EBA
:1002E000080474F3FF36BC052BC089469850B80744
:1002F00024EBDA90837E080474DD837E080374D7D0
:10030000FF36BC052BC089469850B82F24EBBE9011
:100310002D44003D15007734D1E0932EFFA7B00B9C
:100320004A0BDC0BDC0BDC0B6E0BDC0BDC0BDC0B95
:10033000DC0B840BDC0BDC0BDC0BDC0BDC0B6E0B4B
:100340006E0BDC0BDC0BDC0BDC0B4A0B8B46080B5F
:10035000C07413487456487465487474487503E94A
:100360008C00EB1E9090807E06587416807E0641AD
:100370007410807E0639740AC746980000C746FE8E
:100380006124837E98007403E94CFFFF76FEB8D0A9
:1003900024508D469A509A520608D783C406FF36D9
:1003A000BC052BC0508D469A16E922FF807E06417F
:1003B00074D0C746980000C746FE7824EBC4807E00
:1003C000063974BEC746980000C746FE8C24EBB2BF
:1003D000807E065974AC807E064D74A6807E0644ED
:1003E00074A0C746980000C746FEA224EB94807E06
:1003F0000648748E807E064D7488807E0653748213
:02000002D1002B
:10000000807E06547503E979FFC746980000C7460D
:10001000FEB924E96CFF558BECB852009A1E00081B
:10002000D757562BC08946DE8946C08946DCC6466E
:10003000BA59C646BC44C646B248B04D8846BB888D
:1000400046B3C646B453C646B5542AC08846BD8892
:1000500046B6A1E3248946FE8D7ED0BEE5248CD031
:100060008EC0A5A5A4C746E00000C746E2EA24C7A3
:1000700046E4EE24C746E6F224C746E8F624C7461F
:10008000EAFA24C746ECFE24C746EE0225C746F02E
:100090000625C746F20A25C746F40E25C746F612BE
:1000A00025C746F816258D46C416508D46FA1650BB
:1000B0008D46D616508D46B016508D46C216509AB3
:1000C0003002A1D983C4148D46AE16508D46D81681
:1000D000508D46FC16509AE001A1D983C40C8A4683
:1000E000FC2AE4508D46D0508D46C6509A520608E0
:1000F000D783C4068D46C6509AC00508D783C4026C
:100100008946DA3D0C007E062D0C008946DAFF7622
:100110000CFF760A9A640C08D783C4048946BE8310
:100120007E100475058D46B2EB09837E1003752C95
:100130008D46BA8946B81EFF76B88B460A8B560C98
:100140000346DE52509AC40C08D783C4080146DE29
:100150008B46BE3946DE7C0EE9640190B801005E34
:100160005F8BE55DCB90C45E0A8B76DE268A0088C5
:1001700046FE8D46FE165003DE06538BF38CC79A5F
:10018000200D08D783C4088946C03D020074178E2D
:10019000C726803C4D740F26803C597409C746DC45
:1001A0000200E91A0190C45E0A8B76DE268A009866
:1001B0003D5900741F7603E9F6003C4D74647E03DC
:1001C000E9E5002C447503E9C4002C047503E9C378
:1001D00000E9DC00837EC0047E08C746DC0200E93B
:1001E000CE008A46FA2AE4508A46C450B81A2550EE
:1001F0008D46C6509A520608D783C408FF76C08D34
:1002000046CA2B46C016508B46068B56080346DE60
:1002100052509A060C08D783C40AC746DC0100E98D
:100220008E00837E1004751E837EC00275AC8A46E4
:10023000D82AE4508D46D0508D46C6509A520608B2
:10024000D783C406EB1C8A46D62AE4508D46D0508C
:100250008D46C6509A520608D783C406837EC002D4
:10026000750AB80200508D46C6EB9A90837EC00393
:10027000753EB80300508D46C6509AC00508D78316
:10028000C4028BF0D1E61EFF72E0E97AFF908A4645
:10029000B0EB9E90FF76DAB82325EB9B8A46FCEB09
:1002A00090908A46AEEB8A902C5374F6FEC874EC9C
:1002B0008B46C00146DE837EDC027403E977FE8351
:1002C0007EDC017405C746DC00008B46DC5E5F8B7C
:1002D000E55DCB90558BECB82C009A1E0008D7C674
:1002E00046D400B80500508D4ED41651FF76069ABC
:1002F000E0008FD983C4088A46D68846FEC646D613
:1003000001B80500508D46D41650FF76069A0001BC
:100310008FD983C408EB06909A4E00A1D29A90021E
:10032000A1D90BC075F28A46FE8846D6B8050050A2
:100330008D46D41650FF76069A00018FD98BE55D65
:10034000CB90558BECB82A009A1E0008D7C646D62B
:1003500003B80800508D46D61650FF76069AE00086
:100360008FD98A46D82AE48BE55DCB90558BECB8C3
:100370000E009A1E0008D7C746F20D008B46080BE8
:1003800046067512FF760C9AA405A1D283C402B862
:100390000D008BE55DCBFF7608FF76069A640C08AE
:1003A000D783C4043D01007313FF760C9AA405A102
:1003B000D283C4028B46F28BE55DCB90FF3650357D
:1003C0009A640F37D083C4028D46FE16508D46FCCA
:1003D00016509A5000A1D983C4089AB000A1D988B8
:1003E00046F89A2000A1D9FF3650359A3E033DD2F7
:1003F00083C4028846FA2AC050FF3650359AFE025E
:02000002D140EB
:100000003DD283C404837E0A007F0D8D46F6508D59
:1000100046F450B80100EB0A8D46F6508D46F45078
:100020002BC050FF7608FF76060EE8CD0183C40A88
:10003000FF760C9AA405A1D283C402817E0AE7034D
:100040007C0A9A4E00A1D28946F2EB0BFF760A9AFF
:10005000F000A1D283C4020EE873048A46FE508ADF
:1000600046FC509A7000A1D983C4048A46FA50FF16
:100070003650359AFE023DD283C404807EF8017466
:1000800003E930FF9A0000A1D9E928FF558BECB8AD
:100090001E009A1E0008D756C746F20D00C746F844
:1000A000C1FFB8FDFF8946F48946FA2BC08946F6A0
:1000B0008946FC3946067508B8C1FF5E8BE55DCB05
:1000C000B040509A2003A1D983C402FF3650359A1C
:1000D000640F37D083C4028D46FE16508D46F0164D
:1000E000509A5000A1D983C4089AB000A1D988467B
:1000F000EC9A2000A1D9FF3650359A3E033DD283B9
:10010000C4028846EE2AC050FF3650359AFE023DA2
:10011000D283C404FF76069AA40508D783C4028953
:1001200046E4050300509A180808D783C40289469C
:10013000E2FF76E4FF7606509AB60908D783C40634
:100140008B5EE48B76E2C6002003F3C644015FC6F3
:100150004402008D46EA508D4EE8512BC9511EFFD6
:1001600076E20EE8940083C40AFF760A9AA405A1F9
:10017000D283C402FF4EEAEB0E908B5E08803F599B
:100180007441803F4E743C8B5E08C60720B8010066
:10019000508D4EF216512BC95150505151B928254E
:1001A0001E51B9070051501E53FF76EAFF76E82B27
:1001B000C050509A080037D083C4248946E63DC118
:1001C000FF75B70EE807038A46FE508A46F0509A3C
:1001D0007000A1D983C4048A46EE50FF3650359A88
:1001E000FE023DD283C404807EEC0175059A0000B6
:1001F000A1D98B46E65E8BE55DCB558BECB80E0145
:100200009A1E0008D78B46068B56088946FC8956ED
:10021000FEC746FA0000FF364435B8862D50B83682
:1002200032509AB60908D783C406B8F00050B820F7
:1002300000508D8606FF8986F8FE8986FAFE509A60
:10024000E20908D783C406B8140050B82A25508D97
:100250008606FF509AB60908D783C406C786FCFEF7
:1002600001008B46FC8B56FE8946F68956F8C786F8
:10027000F6FE0000B83F251E50FF76FEFF76FC9A82
:10028000C40C08D783C4082BD2898600FF89960244
:10029000FF0346FC8B56FE8986F2FE8996F4FE8BA0
:1002A00086F6FE99038600FF139602FF0BD27D03AC
:1002B000E9AB007F083D12007703E9A10083BEF699
:1002C000FE007503E997008386F8FE14FF8EF6FEA4
:1002D00083BEF6FE127E06C786F6FE120083BEF6C9
:1002E000FE007D06C786F6FE0000A1702D992BC288
:1002F000D1F88BC8B8FFFF2B86F6FE992BC2D1F838
:1003000003C8898E04FF038EF8FE894EFAFFB6F605
:10031000FEFF76F8FF76F61E519A060C08D783C4C6
:100320000AB8010050B9BAFF51FFB6F8FE9AE209C7
:1003300008D783C406B8010050B8BAFF508B86F8BE
:10034000FE051300509AE20908D783C406A1E234DF
:1003500040FF86FCFE3B86FCFE7D35EB40908B86A5
:1003600000FF400186F6FE8B86F2FE8B96F4FE407F
:100370008946FC8956FEC49EF2FE26803F0A75031C
:10038000E944FF26803F007403E9E8FEE938FF9066
:10039000C45EFC26807FFF007403E9C5FE8B86FCEB
:1003A000FE8B5E0C89078B8EF6FE038E04FF8B5E40
:1003B0000E890F3B06E2347D1FB8140050B8422569
:1003C000508386F8FE14FFB6F8FE9AB60908D78364
:1003D000C406FF86FCFEEB458386FAFE148B5E0C9A
:1003E000FF0FC7460A0000FF86FCFEB8010050B9A7
:1003F000BAFF518386F8FE148B96F8FE529AE209F2
:02000002D180AB
:1000000008D783C406B8010050B8BAFF508B86F8F1
:10001000FE051300509AE20908D783C4068386F8C8
:10002000FE148B9EF8FEC60700A1E234992BC2D1C4
:10003000F88BC8B8FFFF2B86FCFE992BC2D1F803C2
:10004000C8898EFEFE0BC97D06C786FEFE00008BAA
:1000500086FEFE488B5E0C0107B8010050B9070010
:1000600051B81400F7AEFCFE501EFFB6FAFE2BC0CE
:1000700050FFB6FEFE50509AE403B6D183C41283FB
:100080007E0A01752CB8010050B9700051B91000FA
:1000900051B957251E51B90200518B8EFEFE038EB9
:1000A000FCFE2BC8512BC050509AE403B6D183C438
:1000B00012B8862D1E50A0E234FEC850B013502A4C
:1000C000C050509AA001A1D92BC08BE55DCB33C0A5
:1000D0009A1E0008D7FF364435B8363250B8862D00
:1000E000509AB60908D783C406CB558BECB84800A4
:1000F0009A1E0008D757568D7EF0BE68258CD08E8C
:10010000C0B90500F3A5A4C746FE0000837E0C011C
:100110007D082BC05E5F8BE55DCB8B460CD1E0D1BB
:10012000E0509A180808D783C4028946FC9A5E03F7
:10013000B6D1B8010050B9700051BA1400521EFF78
:10014000367C042BDB53532BF656569AE403B6D178
:1001500083C412B8010050B9700051FF76089AA408
:100160000508D783C40250FF7608B81400502BC985
:1001700051512BD252529A3205B6D183C412B801D2
:100180000050B9700051BA1400521EFF367C042B87
:10019000DB532B06E234F7D8502BC050509AE403BF
:1001A000B6D183C412B8010050B9700051FF760A6D
:1001B0009AA40508D783C40250FF760AB8140050E9
:1001C0002BC0508B0EE23449512BC951519A320544
:1001D000B6D183C4128976ECE98300908BD8D1E341
:1001E000D1E38B76FCB91900518D388BF39A18083E
:1001F00008D783C40289058C5D028B46EC4050B859
:100200007325508D46BA509A520608D783C4068D7E
:1002100046BA509AA40508D783C402508D46BA1630
:1002200050FF7502FF359A060C08D783C40A8D4625
:10023000BA509AA40508D783C4028946EEB81500BF
:10024000508B5E06FF7002FF308B058B5502034614
:10025000EE52509A060C08D783C40AFF46EC8B4630
:10026000EC39460C7E03E973FFEB06908B5E0EFFC4
:100270000F2BC05050FF7610FF760EFF760CFF3626
:10028000702DFF36DE3450FF363432FF76FC9A088C
:100290000018CC83C4149A4E00A1D28946B83DB848
:1002A000FF74C93DB0FF75088B5E0EFF07EBC2906F
:1002B0008D46EE50B8EA041E50FF76B89AD8114227
:1002C000CC83C4084075538B5EB8F687DD28027472
:1002D00004836EB8208B76FE8A42F0983B46B87550
:1002E0001F8D46F0509AA40508D783C402FF46FE2E
:1002F0003B46FE7E03E979FFC746B8FFFFEB1B9044
:10030000C746FE00008A46F0983B46B87403E96091
:10031000FFC746FE0100E958FF908B46B82D31001B
:100320008946EE0BC07C373D08007F323B460C7D92
:100330002D8B5E0E8907C746B80D002BC05050FFAD
:10034000761053FF760CFF36702DFF36DE3450FFEB
:10035000363432FF76FC9A080018CC83C4148B46DE
:10036000B85E5F8BE55DCB90558BECB82E009A1E86
:100370000008D7568B5E068B47028946D8B93900EC
:10038000F7E90347128B57148946F48956F6C74696
:10039000E87000C45EF4268B470C8946DEB95F0026
:1003A000F7E9030646358B1648358946FC8956FE23
:1003B0000EE80A03837E1001753FB82800C45EF47E
:1003C00026F76F0205862D8946EEC746E00000EB52
:1003D00014908B5EEE8B76E0C600B003F3C644014A
:1003E000078346E002B82800C45EF426F76F043B9A
:1003F00046E07FDEC746120000C746E00000E9BDC8
:02000002D1C06B
:1000000001908B5EDA26837F7C011BC024970570EC
:10001000008946E68B46EA0BC07503E94201487445
:100020001348746E487503E946012D03007503E912
:10003000E800EB1D837E0EFB75128B46E0C45EF478
:100040002639077507C746E67000EB05C746E6FF89
:10005000FF837EEA017403E93C018A46FA2AE450F0
:10006000FF76E6C45EDA26FFB78500FF76D6FF7618
:10007000D4FF76D2FF76E4FF76E2FF76F8FF76ECE7
:10008000FF76F6FF76F49A200837D083C418E92A61
:100090000190B8530026F7AFBF008BD8C4367A2D35
:1000A000B85F0026F7288BF0C41E4635268B400D1E
:1000B000268B500F8946F08956F23DFEFF7514835A
:1000C000FAFF750F8B46DA8B56DC0546008946E24F
:1000D0008956E4837EF0FF750F837EF2FF7509A1D8
:1000E0007C048946E28C5EE4C45EDA268B47138981
:1000F00046D28A46FA2AE450FF76E626FF77111E9A
:10010000FF367C04FF76F8FF76ECFF76F6FF76F498
:100110000EE8300283C412E937FF833EE034FF75F6
:100120001BC746E278258C5EE426C747157F25B8B5
:100130000600268947138946D2E915FFB80A005000
:1001400026FF7715C476FC268B445D9952509AC8D9
:100150000508D783C408C45EDA268B4711EBD39019
:100160008BC38CC20546008946E28956E4E9E1FE6C
:100170008B46E0C45EF42639077403E9D3FEC74614
:10018000E67000FF76D2FF76E4FF76E29AD201A114
:10019000D283C406EBA08A46FA2AE450FF76E6FF33
:1001A00076D2FF76E4FF76E2FF76F8FF76ECFF7614
:1001B000F6FF76F40EE88C0183C412FF46E08B460E
:1001C000E08B5E063947067E69B9E500F7E9C45F52
:1001D0001603D8895EDA8C46DC8B46D82639470967
:1001E00075D9268B470B8946EA268B4F0D894EEC35
:1001F000268B4F0F894EF8268B4F11894ED2268BB6
:100200004F15894EE28C5EE48D4F19894ED48C4691
:10021000D6268A8F8000884EFA3D0400749D837E26
:10022000EA0574978AC12AE43B46107C03E9D2FDB3
:10023000EB89837E0E00752B8D46E850FF760CFF10
:10024000760AFF76080EE83F0583C408C7460E010C
:1002500000837EE8707507C746E80700EB05C746D0
:10026000E87000837E0C007421B8010050FF76E82E
:10027000FF760E1EFF760CFF760AFF7608FF76F6F5
:10028000FF76F40EE8BD0083C412837E120074254D
:10029000B8010050B9700051B91400511EFF761218
:1002A0002BC9512B06E234F7D8502BC050500EE822
:1002B000920083C4120EE801055E8BE55DCB558B81
:1002C000ECB802009A1E0008D7C746FE0000EB11EA
:1002D0008B5EFEC687862D20C687872D078346FE48
:1002E00002A144353946FE7CE78BE55DCB90558B0A
:1002F000EC33C09A1E0008D7837E0E007526C45EBC
:1003000006268B470829460A7809268B4704394672
:100310000A7C059A2000A1D9C45E06268B470201FB
:10032000460AEB0E8B460A3906E2347F059A200016
:10033000A1D98A460C508A460A509A7000A1D98BDE
:10034000E55DCB90558BECB80E009A1E0008D75691
:10035000C746F200008B46100B460E7509B8FFFF2A
:100360005E8BE55DCB90837E16007528C45E062605
:100370008B470829460AB8280026F76F0205862D04
:100380008946F48BC8B8280026F76F0403C8894E45
:10039000FAEB2F90B8862D8946F40306443589463A
:1003A000FA8B46080B460674198B460AC45E06266D
:1003B0003947027E0DB8280026F76F0205862D8981
:1003C00046FAB81400F76E0A03460CD1E00346F46F
:1003D0008946FE3B46FA7208B801005E8BE55DCBAC
:1003E0003946F4761B2B46F4F7D8992BC2D1F83B4B
:1003F00046127DE401460E2946128B46F48946FEDC
:02000002D2002A
:100000008B4612D1E00346FE3B46FA760E8B46FA4B
:100010002B46FE992BC2D1F8894612C746F800003C
:10002000EB38268A008B5EFE88073C207D1C0AC0C8
:100030007C18837E14007D1204408807C746F67042
:1000400000EB07908B5EFEC607208A46F68B5EFEAD
:100050008847018346FE02FF46F88B46123946F870
:100060007D288B46148946F6407505C746F607007D
:10007000837EF20075CEC45E0E8B76F82680380043
:1000800075A0C746F20100EBBB902BC05E8BE55D0F
:10009000CB90558BECB802009A1E0008D78B460E09
:1000A0003946127E03894612FF7616FF7614501EDB
:1000B000FF367C04FF760CFF760AFF7608FF760693
:1000C0000EE880FE83C4128B460E48992BC2D1F8ED
:1000D0008BC8B801002B4612992BC2D1F803C889EE
:1000E0004EFE0BC97D05C746FE0000FF7616FF7663
:1000F00014FF76121EFF76108B46FE03460C50FF4F
:10010000760AFF7608FF76060EE838FE8BE55DCBB3
:10011000558BECB812009A1E0008D75756C646FAFF
:1001200007833E702D04750B837E0E027E05C74645
:100130000E0200837E1A0175228B460E03460A408A
:100140003B06E2347C0AA1E2342B460E4889460A7B
:10015000837E0A007D05C7460A0000C746F6C62E04
:10016000FF4E0A8B460AB91400F7E9FF4E0C03460E
:100170000CD1E005862D8946FE8946FCB82800F79B
:100180006E0E0346FE0528008946F88B46FE0528BC
:10019000008946F28B4E10D1E103C140408946F000
:1001A000817EFE862D7213817EFEC62E730C8B5EC1
:1001B000FEC607C98A46FA8847018346FC02817E4B
:1001C000F8862D72148B46F63946F8730C8B5EF860
:1001D000C607C88A46FA8847018346F802C746F42C
:1001E0000000EB41817EFC862D72148B46F6394669
:1001F000FC730C8B5EFCC607CD8A46FA88470183E8
:1002000046FC02817EF8862D72148B46F63946F83C
:10021000730C8B5EF8C607CD8A46FA884701834681
:10022000F802FF46F48B46F43946107FB7C746F410
:100230000000EB41817EF2862D72148B46F6394622
:10024000F2730C8B5EF2C607BA8A46FA88470183BE
:1002500046F228817EF0862D72148B46F63946F0E0
:10026000730C8B5EF0C607BA8A46FA88470183464C
:10027000F028FF46F48B46F439460E7FB7817EFCAA
:10028000862D72148B46F63946FC730C8B5EFCC6C9
:1002900007BB8A46FA884701817EF8862D72148B47
:1002A00046F63946F8730C8B5EF8C607BC8A46FAE8
:1002B000884701837E1200745FFF76129AA40508B6
:1002C000D783C4028946EEB9020099F7F90156EEC8
:1002D000FF761AFF7614034EEE51FF367C04FF764C
:1002E000108B460C4050FF760AFF7608FF76068B8F
:1002F000F00EE89DFD83C412FF761AFF7614FF7698
:10030000EEFF7612FF761056FF760AFF7608FF762C
:10031000060EE87DFD83C412837E16007464FF76AA
:10032000169AA40508D783C4028946EEB90200993B
:10033000F7F90156EEFF761AFF7618034EEE51FFDD
:10034000367C04FF76108B460C40508B4E0E034ECD
:100350000A4151FF7608FF76068BF08BF90EE831E3
:10036000FD83C412FF761AFF7618FF76EEFF76162D
:10037000FF76105657FF7608FF76060EE813FD83CA
:10038000C4125E5F8BE55DCB558BECB802009A1E04
:100390000008D756B81400F76E068BD8035E08D154
:1003A000E381C3862D8A078B760A88048A470198E1
:1003B0008B5E0C89075E8BE55DCB33C09A1E00080F
:1003C000D7B8862D1E50A0E234FEC850B013502A74
:1003D000C050509AA001A1D983C40C2BC0CB558B1F
:1003E000ECB802009A1E0008D71EFF7608B0025033
:1003F0001EFF76069A00008FD983C40A8946FE8BB9
:02000002D240EA
:100000005E08FF379AB0008FD983C4020C20508B52
:100010005E08FF379AC0008FD98B46FE8BE55DCB1B
:10002000558BECB844009A1E0008D75756B030885C
:1000300046C28846C38846C4B0368846C58846C688
:10004000C646F505C646F606C646F707C646F8088C
:10005000C646F909C646FC04C646BC02B00388463B
:10006000F48846FF8846BD2AC08846FD8846BEB053
:10007000018846FE8846BFC45E06268B378A42C288
:100080008846D2268B7F028A43F48846C0268B7F1F
:10009000048A43FC8846FA268B7F068A43BC88463E
:1000A000CE268B7F088A43BE8846D08BC60BC07491
:1000B0001148741C487427C646D407C646CC1EEBAC
:1000C0000990C646D403C646CC01C646C800EB1A02
:1000D000C646D403B0018846CC8846C8EB0CC64659
:1000E000D407C646CC01C646C8028D46D650FF7618
:1000F0000A9A920489D383C4048A46C08846D68A61
:1001000046CE8846D78A46FA8846D88A46D0884658
:10011000D92BC08946DB8946DD8946DFC746E130F9
:10012000758A46CC8846E8B01E8846E68846E98A45
:1001300046D48846EC8A46C88846ED2AC08846DA06
:100140008846EA8846EB8846F28D46D650FF760A06
:100150009AF60489D383C4048946CA0BC075138AEE
:1001600046D29850FF760A9A760589D383C40489CB
:1001700046CA5E5F8BE55DCB558BECB82C009A1EB2
:100180000008D7C646D400837E08007E0A837E0A14
:10019000007E04C646D401C646D606B81A00508D65
:1001A0004ED61651FF76069AE0008FD983C4088A8E
:1001B00046D48846D88B460A8946D98B4608894654
:1001C000EAC646DD02C646DE0DC646E106C646E282
:1001D0000AC746E32D00C646E505C646E603B0015C
:1001E0008846DB8846E78846E8C646D606B81A0041
:1001F000508D46D61650FF76069A00018FD92BC037
:100200008BE55DCB558BECB82E009A1E0008D756B7
:10021000C746FE0000C646D207B8100050B92000FD
:10022000518D56D4529AE20908D783C4068B5EFEDC
:10023000D1E3FFB782048BF39AA40508D783C402E5
:1002400050FFB482048D46D4509AB60908D783C4AF
:1002500006B80700508D4ED21651FF76069AE00080
:100260008FD983C408C646D207B8100050B8200002
:10027000508D46D4509AE20908D783C406FFB48251
:10028000049AA40508D783C40250FFB482048D46A3
:10029000D4509AB60908D783C406C45E088B76FE8C
:1002A000268A008846E4B80700508D46D21650FFD3
:1002B00076069A00018FD983C4088946FCFF46FE62
:1002C000837EFE107D03E94CFF5E8BE55DCB558B95
:1002D000ECB82A009A1E0008D7C646D600B805001A
:1002E000508D4ED61651FF76069AE0008FD983C402
:1002F000088A46088846D8B80500508D46D616505C
:10030000FF76069A00018FD92BC08BE55DCB558B0C
:10031000ECB82A009A1E0008D7C646D600B80500D9
:10032000508D46D61650FF76069AE0008FD98A4641
:10033000D88BE55DCB90558BECB81A019A1E00085E
:10034000D7562BC089863CFF898626FF89863AFFCF
:10035000EB28B8020050B886251E508BF3D1E6D1A9
:10036000E68B82E6FE8B92E8FE05090052509A0663
:100370000C08D783C40AFF863AFF83BE3AFF107C7D
:1003800003E99C00B80C00508B9E3AFFD1E31EFF9E
:10039000B78204508BB63AFF8BCED1E603F1D1E69B
:1003A000D1E68D8A40FF8BB63AFFD1E6D1E6898A45
:1003B000E6FE8C92E8FE16519A5006A1D283C40C38
:1003C000C7863EFF00008BB63AFFD1E6D1E6C49A5D
:1003D000E6FE8BB63EFF2680385F750426C60020F9
:1003E000FF863EFF83BE3EFF0C7CDB8B9E3AFF8B7D
:1003F00076068038007403E958FFB8020050B82030
:02000002D280AA
:1000000000508BF3D1E6D1E68B82E6FE8B92E8FEC0
:1000100005090052509A7C0C08D783C408E956FFA2
:10002000B8100050FF76068D862AFF509AB6090850
:10003000D783C406EB04FF8E3CFFB8010050B970B3
:100040000051B98925512BC95151B90C0051BA043D
:10005000005252BB0200532BF656569AB005B6D149
:1000600083C4162BC050508D8626FF508D863CFFD2
:1000700050B90E0051B90C0051B904005151B902E8
:1000800000518D8EE6FE519A080018CC83C414B836
:10009000862D1E50A0E234FEC850B013502AC05026
:1000A000509AA001A1D983C40C9A4E00A1D289868E
:1000B00028FF3DB8FF7503E97CFF3DB0FF7507FFE2
:1000C000863CFFE974FF3DC1FF7517B81000508DE5
:1000D000862AFF50FF76069AB60908D783C406EB36
:1000E00073903DC5FF746D3D0D007403E94BFF8BAC
:1000F0009E3CFF8B7606803800752DC60001B80245
:100100000050B895251E508BB63CFFD1E6D1E68B4A
:1001100082E6FE8B92E8FE05090052509A060C0812
:10012000D783C40AE913FF90C60000B8020050B894
:100130002000508BB63CFFD1E6D1E68B82E6FE8BE9
:1001400092E8FE05090052509A7C0C08D783C40837
:10015000E9E7FE902BC05E8BE55DCB90558BECB84C
:100160002C009A1E0008D7C45E0626837F06007501
:10017000052AC0EB0390B001509A8003A1D983C433
:10018000028D46D41650B10251B998251E519A00DD
:10019000008FD983C40AFF76D49AB0008FD983C464
:1001A000020C2050FF76D49AC0008FD983C404C6B5
:1001B00046D610B82300508D4ED61651FF76D49AED
:1001C000E0008FD983C408C45E06268A078846E10A
:1001D000268A47028846F8268A47048846E6268A01
:1001E00047048846E7268A47048846E8C646D60D6F
:1001F000B82300508D46D61650FF76D49A00018F52
:10020000D983C408FF76D49A30008FD98A46D72A7A
:10021000E48BE55DCB90558BECB802009A1E00088C
:10022000D7FF76089AA40508D783C4028946FE3D05
:1002300014007E05C746FE1400B007501EFF760866
:10024000FF76FEB8FFFF2B46FE992BC2D1F8040AB9
:10025000508A4606509A2001A1D98BE55DCB558B7B
:10026000ECB802009A1E0008D70EE827008946FE67
:100270003DBCFF75040EE8DB01837EFEBD75040EF8
:10028000E83B03837EFE1675040EE8BF088B46FE2E
:100290008BE55DCB558BECB802009A1E0008D79A0F
:1002A0008002A1D98946FE0AC075159933C22BC2B6
:1002B000B90800D3F833C22BC2F7D88BE55DCB90D9
:1002C0008A46FE2AE48BE55DCB90558BECB80200A4
:1002D0009A1E0008D79A9002A1D98946FE0AC075D5
:1002E000159933C22BC2B90800D3F833C22BC2F719
:1002F000D88BE55DCB908A46FE2AE48BE55DCB90FA
:10030000558BECB802009A1E0008D7837E06017D4B
:10031000090EE849FF8BE55DCB90837E06007E2ABF
:10032000C746FEA00F9A9002A1D90BC0740D9A8007
:1003300002A1D92BC08946068946FEFF4EFE837E68
:10034000FE007FE1FF4E06EBD1908BE55DCB558B38
:10035000ECB802009A1E0008D7EB0E90C746FE6963
:1003600000FF4EFE75FBFF4E06837E060075ED8B8B
:10037000E55DCB90558BEC33C09A1E0008D7FF7615
:10038000060EE813008BE5FF76080EE8C0FF8BE54C
:100390000EE82C008BE55DCB558BECB80E009A1E59
:1003A0000008D7C646F3008B46068946F48D46F210
:1003B0005050B8AD00509AD20508D78BE55DCB9070
:1003C000558BECB80E009A1E0008D7C646F3018D77
:1003D00046F25050B8AD00509AD20508D78BE55D73
:1003E000CB90558BECB802009A1E0008D756FF76CA
:1003F00008FF76069A640C08D783C4043B460A7C3F
:02000002D2C06A
:1000000016FF4E0AC45E068B760A268038207504D9
:100010000BF67DED8BC6405E8BE55DCB558BECB86A
:1000200002009A1E0008D7FF76069AA40508D78317
:10003000C4028946FE3B46087D162B4608F7D85079
:10004000B82000508B46FE034606509AE20908D7B6
:100050008BE55DCB558BECB862019A1E0008D75634
:100060009AB000A1D98846FE9A2000A1D9B84501CE
:1000700050B8862D508D86B8FE509AB60908D783A1
:10008000C4069A5E03B6D1B8010050B9700051BAE7
:100090000D0052BA9C2552BA1400522BDB53532B3D
:1000A000F656569A3205B6D183C412B80004995256
:1000B000509A000089D352509A3E0A08D75250B83D
:1000C000AA25508D869EFE509A520608D783C408F2
:1000D000B8010050B90700518D969EFE529AA405B2
:1000E00008D783C402508D869EFE16502BC951FF3F
:1000F000362E302BD252529AE403B6D183C412B8B2
:1001000000049952509A560089D352509A3E0A08D8
:10011000D75250B8BE25508D869EFE509A52060882
:10012000D783C408B8010050B90700518D969EFED0
:10013000529AA40508D783C402508D869EFE16509D
:100140002BC0508B0E2E3041512BC951519AE403D4
:10015000B6D183C412B8010050B8700050FF368089
:10016000049AA40508D783C40250FF368004B8144B
:1001700000502BC050B80700502BC050509A320589
:10018000B6D183C4129A5A08B6D10EE806FD3DC115
:10019000FF75F7B84501508D86B8FE50B8862D50D2
:1001A0009AB60908D783C4069A5A08B6D1807EFE4B
:1001B0000175059A0000A1D95E8BE55DCB90558B4A
:1001C000ECB870019A1E0008D756C746FAD225C768
:1001D00046FCD725C746FEDB25C78690FEE025C72F
:1001E0008692FEE525C78694FEEA259AB000A1D93D
:1001F0008846F89A2000A1D99AC001A1D98986968B
:10020000FEB8450150B8862D508D86B2FE509AB684
:100210000908D783C4069A5E03B6D1B8010050B965
:10022000700051BA0E0052BAEE2552BA1400522B89
:10023000DB53532BF656569A3205B6D183C4128A35
:100240008696FE988BF0D1E6FF72FAB8FD25508DA8
:100250008698FE509A520608D783C406B80100500B
:10026000B90700518D9698FE529AA40508D783C409
:1002700002508D8698FE16502BC951FF362E302B1A
:10028000D252529AE403B6D183C4128B8696FE9959
:1002900033C22BC2B90800D3F833C22BC28BF0D1C2
:1002A000E6FFB290FEB81026508D8698FE509A5206
:1002B0000608D783C406B8010050B90700518D96CF
:1002C00098FE529AA40508D783C402508D8698FEE2
:1002D00016502BC0508B0E2E3041512BC951519AC4
:1002E000E403B6D183C412B8010050B8700050FFC7
:1002F0003680049AA40508D783C40250FF368004D0
:10030000B81400502BC050B80700502BC050509A62
:100310003205B6D183C4129A5A08B6D10EE874FBDE
:100320003DC1FF75F7B84501508D86B2FE50B886C5
:100330002D509AB60908D783C4069A5A08B6D180B8
:100340007EF80175059A0000A1D95E8BE55DCB9022
:10035000558BEC33C09A1E0008D756EB19908B5E74
:10036000068A07988BF0F684DD28027403802F201C
:10037000FF4606FF4E08837E08007FE25E8BE55D48
:10038000CB90558BEC33C09A1E0008D756EB1990D2
:100390008B5E068A07988BF0F684DD280174038053
:1003A0000720FF4606FF4E08837E08007FE25E8B33
:1003B000E55DCB90558BECB802009A1E0008D78300
:1003C0007E06007441C746FE0000EB198B5EFED12D
:1003D000E3D1E3035E06FF7702FF370EE895FB8368
:1003E000C404FF46FE8B5EFED1E3D1E3035E0683C9
:1003F0007F02007411833F0075D2FF77020EE84D33
:02000002D30029
:10000000FB83C402EBDC8BE55DCB558BECB80200C7
:100010009A1E0008D7FF760AFF7608FF76060EE8DC
:10002000C0FB83C40689460AFF7610FF760EFF7672
:100030000C0EE8ADFB83C4068946103B460A7408E3
:10004000B801008BE55DCB90FF760AFF760EFF7658
:100050000CFF7608FF76069AAA0B08D78BE55DCBD6
:10006000558BECB802009A1E0008D7FF760AB8201C
:100070000050FF7608FF76069A7C0C08D783C408E8
:10008000FF760EFF760C9A640C08D783C404894669
:10009000FE3B46107D038946108B460A3946107D8B
:1000A000068B461089460A3946FE7D068B46FE8938
:1000B000460A50FF760EFF760CFF7608FF76069A0A
:1000C000060C08D78B460A8BE55DCB90558BECB8B8
:1000D00004009A1E0008D756C746FC0000EB0490A7
:1000E000FF46FC8B46083946FC7D0B8B5E068B7603
:1000F000FC80382074EA2B46FC508B4E06034EFCE5
:1001000051FF76068BF09A460908D783C406561E1F
:10011000FF76060EE8CBFA83C4068946FE8B4608B6
:100120002B46FE508A460A98508B46060346FE50E0
:100130009AE20908D783C4068B46FE5E8BE55DCB49
:10014000558BECB804009A1E0008D756B02050FF1B
:100150007608FF76060EE873FF83C4068946FE2BF9
:100160004608F7D8FF76FEFF76068BC80346065092
:100170008BF19A460908D783C406568A460A9850D6
:10018000FF76069AE20908D783C4068B46FE5E8B8B
:10019000E55DCB90558BECB804009A1E0008D7B0F3
:1001A0002050FF7608FF76060EE820FF83C40689FC
:1001B00046FC48F7D8992BC2D1F88BC88B46084823
:1001C000992BC2D1F803C8894EFE0BC97D05C746DD
:1001D000FE0000FF76FCFF76068B46060346FE50C7
:1001E0009A460908D783C406FF76FEB8200050FF60
:1001F00076069AE20908D783C4068B46082B46FC8C
:100200002B46FE50B82000508B46060346FC0346A2
:10021000FE509AE20908D72BC08BE55DCB90558B39
:10022000ECB804009A1E0008D756BB23268B760A2A
:100230008A008846FC8B460CEB248A46FC50FF76ED
:1002400008FF76060EE884FE83C406EB17908A4604
:10025000FC50FF7608FF76060EE8E4FEEBEA4874F1
:10026000D94874EA2BC05E8BE55DCB90558BECB81A
:1002700002009A1E0008D79AC001A1D9988946FEAB
:100280000BC07411FF36BC052BC050B826261E507B
:100290009A0C0036D18B46FE8BE55DCB33C09A1E9F
:1002A0000008D7B007509AD000A1D983C4022AC051
:1002B00050509A7000A1D983C4049A000508D75001
:1002C000B8E500509AA40708D783C402509AEA07F9
:1002D00008D7509AD00708D750B85026509A4200F5
:1002E00008D783C40A9A880708D750B88126509A3D
:1002F000420008D783C4040EE863F72BC0CB33C099
:100300009A1E0008D7B007509AD000A1D983C40222
:100310002AC050509A7000A1D983C404FF36F43427
:10032000FF36F234FF36F034FF36EE34FF36EC346D
:10033000FF36EA34FF36E834B88D26509A4200087A
:10034000D783C4100EE816F72BC0CB90558BECB8B2
:1003500078009A1E0008D756C746FAE226C746FE1E
:10036000F026B80A0050FF3664068D468A509AB6C9
:100370000908D783C406B80A00508D468A16500E65
:10038000E85FF883C4068BF0C6428A00B8E8268985
:1003900046FC50B8F52650B8F726508D4696509A30
:1003A000520608D783C408FF36BE052BC0508D4EB9
:1003B0009616519A0C0036D183C4089A5A08B6D1C1
:1003C0002BC05E8BE55DCB9033C09A1E0008D783AF
:1003D0003EE23404750C2BC050501EFF368006EBF5
:1003E0002390833EE23408750B2BC050501EFF361D
:1003F0007E06EB10833EE2341075112BC050501E68
:02000002D340E9
:10000000FF367C069A0C0036D183C408CB90558B02
:10001000ECB838009A1E0008D7C746CAC1FFC746C9
:10002000D00D002BC08946CC8946CE8946D2894660
:10003000D48946D68946D88946DAC746C80800B862
:100040002535509AA40508D783C4023D01007308E2
:10005000B801008BE55DCB90B8080050B820005087
:100060008D46F6509AE20908D783C406B8130050AB
:10007000B81B27508D46DE509AB60908D783C406B0
:100080008D46F4508D4EF2512BD2528D5EDE1653BA
:100090009A9A0236D183C40AB80100508D4ECA160E
:1000A0005150502BC9515151515150FF76C88D4676
:1000B000F616508B46F42B46C850FF76F22BC050F4
:1000C000509A080037D083C4248946DC9A6E0536DE
:1000D000D1837EDCC17507C746DCFFFFEB27B8087C
:1000E0000050B925351E51508D46F616500EE819B0
:1000F000FB83C40C0BC07508C746DC0100EB0690FF
:10010000C746DC00008B46DC8BE55DCB33C09A1E16
:100110000008D7FF363A359A3003A1D983C402FFCD
:10012000364235FF364035FF3650359AA8013DD26C
:1001300083C406A03E35509A9001A1D983C402B869
:100140001E00F72E3C35509AB002A1D983C4022B71
:10015000C0CB558BECB802009A1E0008D756B85F8A
:1001600000F76E068BF0C41E463526C7401300000C
:10017000C746FE0000B85300F76EFE8BD8C4367A2F
:100180002D8B46062639007522B85300F76EFE8B7C
:10019000F08B1E7A2D268B400D8BC8B85F00F76E52
:1001A000068BF0C41E463526014813FF46FE837EAB
:1001B000FE647CC1B85F00F76E068BF0C41E463546
:1001C00026837813097D0626C7401309002BC05EDD
:1001D0008BE55DCB558BECB808009A1E0008D7560E
:1001E0002BC08946FE8946FAEB03FF46FAA1E834A4
:1001F0003946FA7D29B83900F76EFA8BF0C41E52E1
:100200003526837806FF74E2B83900F76EFA8BF072
:100210008B46062639400C75D1C746FE0100C746FD
:10022000FC0000EB0490FF46FCA1EA343946FC7D5B
:1002300040B8E500F76EFC8BF0C41E4A3526837883
:1002400009007CE2B8E500F76EFC8BF0268B80BFDE
:10025000008946F80BC07CCEB85300F76EF88BD8F7
:10026000C4367A2D8B460626390075BAC746FE017C
:10027000008B46FE5E8BE55DCB90558BECB806009F
:100280009A1E0008D7562BC08946FE8946FAEB0312
:10029000FF46FAA1F4343946FA7D198B46068B5E87
:1002A000FAD1E3C436822D26390075E4B801005E28
:1002B0008BE55DCBC746FC0000EB0490FF46FCA13C
:1002C000EA343946FC7D2AB8E500F76EFC8BF0C4B1
:1002D0001E4A3526837809007CE2B8E500F76EFCFB
:1002E0008BF08B4606263980BF0075D0C746FE02CC
:1002F000008B46FE5E8BE55DCB90558BECB8040021
:100300009A1E0008D7562BC08946FC8946FEEB038F
:10031000FF46FE8B46FE3906EA347E36B9E500F725
:10032000E98BF0C41E4A358B46062639400975E034
:100330008BC1F76EFE8BF02683780B0175D28BC1D3
:10034000F76EFE8BF02683B8BF00007CC3C746FC67
:1003500001008B46FC5E8BE55DCB558BECB8140041
:100360009A1E0008D756A1E634B93900F7E903060A
:1003700052358B1654358946FC8956FEC746EC002B
:1003800000B8E500F76E068BF0C41E4A3526837868
:100390000B0174082BC05E8BE55DCB908B4606C4C9
:1003A0005EFC2639472D7508B801005E8BE55DCBF4
:1003B0002639472F74F2C746F60000EB2A90FF4615
:1003C000FA837EFA057D1D8B46068B76FA8BCED19D
:1003D000E603F1D1E6C45EF02639809B0075DFC7E5
:1003E00046EC0100FF46F68B46F63906EA347E20DD
:1003F00039460674EFB8E500F76EF603064A358B0A
:02000002D380A9
:10000000164C358946F08956F2C746FA0000EBB126
:10001000C746F40000EB0490FF46F48B46F4390623
:10002000EE347E3E8BD8D1E3D1E3C436742D268BDB
:10003000008946F80BC07CE0B82A00F76EF88BD830
:10004000C4367E2D8B460626390074CC8B76F4D1CF
:10005000E6D1E6C41E742D2639400275BBC746ECB6
:1000600001008B46EC5E8BE55DCB558BECB8160042
:100070009A1E0008D7FF36BC052BC050B92E271E8C
:10008000519A0C0036D183C4082BC08BE55DCB9010
:10009000558BECB812009A1E0008D7C646F336C638
:1000A00046F8048D46F250509A500808D783C4048D
:1000B000837EF2FF750CC746EEFFFFC746F0FFFFD9
:1000C000EB1A8B46F22BD252508B46F6F766F8525B
:1000D000509AD80A08D78946EE8956F08B46EE8B9F
:1000E00056F08BE55DCB558BECB812009A1E0008DC
:1000F000D7C646F336C646F8048D46F250509A509D
:100100000808D783C404837EF2FF750CC746EEFF50
:10011000FFC746F0FFFFEB1A8B46F22BD252508BF3
:1001200046F4F766F652509AD80A08D78946EE89FF
:1001300056F08B46EE8B56F08BE55DCB558BECB8CD
:1001400002009A1E0008D7FF76060EE8200083C43E
:10015000020BC07515FF76060EE8120083C4020B71
:10016000C07507FF76060EE852008BE55DCB558B18
:10017000ECB82C009A1E0008D7C646D430B802004E
:10018000508D46D41650FF76069A00018FD983C44D
:10019000088946FE3D02007506807ED500741780F2
:1001A0007ED50074098A46D52AE48BE55DCBB8FF7D
:1001B000FF8BE55DCB902BC08BE55DCB558BECB811
:1001C0002C009A1E0008D7C646D440B80200508DB5
:1001D00046D41650FF76069A00018FD983C4088949
:1001E00046FE3D02007506807ED5007417807ED5E0
:1001F0000074098A46D52AE48BE55DCBB8FFFF8BF6
:10020000E55DCB902BC08BE55DCB558BECB82E001C
:100210009A1E0008D78A460A508A460850FF76067A
:100220000EE85E0083C4068D46FC1650FF760E1E57
:10023000FF760CFF76069A80008FD983C40CC646E1
:10024000D245B80200508D46D21650FF76069AE08D
:10025000008FD983C4088946FE3D02007506807E62
:10026000D3007418807ED300740A8A46D32AE48BA4
:10027000E55DCB90B8FFFF8BE55DCB902BC08BE5A8
:100280005DCB558BECB82C009A1E0008D7C646D41F
:10029000418A46088846D68A460A8846D7B8040066
:1002A000508D46D41650FF76069A00018FD983C42C
:1002B000088946FE3D04007506807ED500741780CF
:1002C0007ED50074098A46D52AE48BE55DCBB8FF5C
:1002D000FF8BE55DCB902BC08BE55DCB558BECB8F0
:1002E0002C009A1E0008D7C646D442B80200508D92
:1002F00046D41650FF76069A00018FD983C4088928
:1003000046FE3D02007506807ED5007417807ED5BE
:100310000074098A46D52AE48BE55DCBB8FFFF8BD4
:10032000E55DCB902BC08BE55DCB558BECB82C00FD
:100330009A1E0008D78B5E10C70700001E53FF7679
:100340000E1EFF7608FF76069A50008FD983C40CE4
:10035000C646D446B80200508D46D41650FF7606E5
:100360009AE0008FD983C4088946FE3D02007506D5
:10037000807ED5007418807ED500740A8A46D52AFE
:10038000E48BE55DCB90B8FFFF8BE55DCB908A46B3
:10039000D68B5E0A88078A46D78B5E0C88072BC0EF
:1003A0008BE55DCB558BECB804009A1E0008D78B0B
:1003B0005E10C7070000EB368D4EFE512B0750FF35
:1003C000760CFF760A8B0703460850FF76060EE888
:1003D00058FF83C40C8946FC8B46FE8B5E100107D8
:1003E000837EFC0074088B46FC8BE55DCB908B46CE
:1003F0000E8B5E1039077CC02BC08BE55DCB558B17
:02000002D3C069
:10000000ECB802009A1E0008D7FF76060EE8C4007E
:1000100083C4020BC07515FF76060EE8320083C458
:10002000020BC07507FF76060EE824008BE55DCB5A
:10003000558BEC33C09A1E0008D7FF76060EE89366
:10004000008BE5FF76060EE81E002BC08BE55DCB2E
:10005000558BEC33C09A1E0008D72AC050FF760695
:100060000EE81C008BE55DCB558BEC33C09A1E006F
:1000700008D7B00150FF76060EE804008BE55DCB93
:10008000558BECB82C009A1E0008D7C646D4318A8E
:1000900046088846D6B80300508D46D41650FF76E1
:1000A000069A00018FD983C4088946FE3D03007576
:1000B00006807ED5007417807ED50074098A46D5E7
:1000C0002AE48BE55DCBB8FFFF8BE55DCB902BC0C1
:1000D0008BE55DCB558BECB82C009A1E0008D7C67B
:1000E00046D444B80200508D46D41650FF76069A86
:1000F00000018FD983C4088946FE3D020075068041
:100100007ED5007417807ED50074098A46D52AE40E
:100110008BE55DCBB8FFFF8BE55DCB902BC08BE50E
:100120005DCB558BECB82C009A1E0008D75756C6ED
:1001300046D400B81F00508D46D41650FF76069A5C
:10014000E0008FD983C4088946FE3D1F00750680F4
:100150007ED500741B807ED500740B8A46D52AE4B8
:100160005E5F8BE55DCBB8FFFF5E5F8BE55DCB909F
:100170008D76D61E078B7E08B90E00F3A5A42BC082
:100180005E5F8BE55DCB558BECB82E009A1E0008A8
:10019000D75756FF76069AB0008FD983C402894696
:1001A000FC50FF76069AC0008FD983C4048B4608A2
:1001B0008D7ED48BF01607B90E00F3A5A4C646D2E7
:1001C00000B81F00508D46D21650FF76069A0001E7
:1001D0008FD983C4088946FE3D1F007506807ED3F3
:1001E00000741B807ED300740B8A46D32AE45E5FC2
:1001F0008BE55DCBB8FFFF5E5F8BE55DCB902BC0E1
:100200005E5F8BE55DCB558BECB82C009A1E000829
:10021000D7C646D4228B46088946D6B80400508DEE
:1002200046D41650FF76069A00018FD983C40889F8
:1002300046FE3D04007506807ED5007417807ED58D
:100240000074098A46D52AE48BE55DCBB8FFFF8BA5
:10025000E55DCB902BC08BE55DCB558BECB80200F8
:100260009A1E0008D756C746FE0000EB3690B839F4
:1002700000F76EFE8BF0C41E523526837806FF749D
:100280001FB83900F76EFE03C38CC2050E008B5EEB
:1002900008D1E3D1E38B76068900895002FF460836
:1002A000FF46FEA1E8343946FE7CC38B46085E8BD0
:1002B000E55DCB90558BECB804009A1E0008D7562C
:1002C000A1E6348946FEC746FC0000EB4890B9E53C
:1002D00000F7E98BF0C41E4A358B46FE26394009EB
:1002E00075308BC1F76EFC8BF02683780B01740799
:1002F0002683780B03751B8BC1F76EFC03C38CC27E
:100300008B5E08D1E3D1E38B76068900895002FF2A
:100310004608FF46FC8B46FC3906EA347FB08B4624
:10032000085E8BE55DCB558BECB884009A1E000807
:10033000D756B87800502BC0508D8E7CFF519AE272
:100340000908D783C406B83900F76E068BF0C41EBF
:100350005235268B400C8946F80BC07C253B06F0B5
:10036000347D1FB95F008BD8F7E9030646358B163D
:10037000483540408BF3D1E6D1E689827CFF8992F3
:100380007EFFC746FC0000EB6690B9E500F7E98BFD
:10039000D8031E4A358E064C35895EF48C46F68BA2
:1003A000460626394709754426837F0B02753DB8FA
:1003B000530026F7AFBF008BD8C4367A2D268B00AA
:1003C0008946F80BC07C253B06F0347D1FB95F00E1
:1003D0008BD8F7E9030646358B16483540408BF33A
:1003E000D1E6D1E689827CFF89927EFFFF46FC8BB5
:1003F00046FC3906EA347F92C746FE0000EB5F9068
:02000002D40028
:10000000B92A00F7E98BD8C4367E2DB8E50026F76B
:10001000288BF0C41E4A358B460626394009753BAD
:100020008BC1F76EFE8BF0C41E7E2D268B4002899D
:1000300046F80BC07C253B06F0347D1FB95F008B72
:10004000D8F7E9030646358B16483540408BF3D187
:10005000E6D1E689827CFF89927EFFFF46FE8B46D1
:10006000FE3906EC347F992BC08946FA8946F8EBB5
:100070002E908BF0D1E6D1E68B827EFF0B827CFF47
:10008000741A8B827CFF8B927EFF8B5EFAD1E3D158
:10009000E38B76088900895002FF46FAFF46F88B09
:1000A00046F83906F0347FCA8B46FA5E8BE55DCBA5
:1000B000558BECB802009A1E0008D756C746FE00C2
:1000C00000EB3290B95F00F7E98BD8C4364635268D
:1000D0008338FF741D8BC1F76EFE03C68CC240408F
:1000E0008B5E08D1E3D1E38B76068900895002FF4D
:1000F0004608FF46FE8B46FE3906F0347FC68B4627
:10010000085E8BE55DCB558BECB802009A1E0008AB
:10011000D756C746FE0000EB3690B85300F76EFE88
:100120008BD8C4367A2D8B4606263900751EB853F7
:1001300000F76EFE03C68CC240408B5E0AD1E3D14D
:10014000E38B76088900895002FF460AFF46FEA12C
:10015000F2343946FE7CC38B460A5E8BE55DCB905C
:10016000558BECB802009A1E0008D756C746FE0011
:1001700000EB4590B92A00F7E98BD8C4367E2D8B69
:100180004606263900752E8BC1F76EFE8BF08B1E4E
:100190007E2DB85F0026F76802030646358B1648A9
:1001A0003540408B5E0AD1E3D1E38B760889008924
:1001B0005002FF460AFF46FE8B46FE3906EC347FAE
:1001C000B38B460A5E8BE55DCB90558BECB8060091
:1001D0009A1E0008D756C746FA0000EB6D90FF46FE
:1001E000FE8B46FE39460C7E36B90800518BD8D1BD
:1001F000E3D1E38B760AFF7002FF3051B85F00F75E
:100200006EFA030646358B164835404052509AFA2E
:1002100005A1D283C40C0BC075C4C746FC01008382
:100220007EFC017422B85F00F76EFA030646358B38
:1002300016483540408B5E08D1E3D1E38B760689C2
:1002400000895002FF4608FF46FAA1F0343946FA09
:100250007D0A2BC08946FC8946FEEB858B46085EED
:100260008BE55DCB558BECB806009A1E0008D7567F
:10027000C746FA0000EB6D90FF46FE8B46FE3946FE
:100280000E7E36B90800518BD8D1E3D1E38B760CC2
:10029000FF7002FF3051B85300F76EFA03067A2D53
:1002A0008B167C2D404052509AFA05A1D283C40C83
:1002B0000BC075C4C746FC0100837EFC017422B8E4
:1002C0005300F76EFA03067A2D8B167C2D40408B77
:1002D0005E0AD1E3D1E38B76088900895002FF469C
:1002E0000AFF46FAA1F2343946FA7D20B85300F7E6
:1002F0006EFA8BD8C4367A2D8B460626390075E106
:100300002BC08946FC8946FEE970FF908B460A5E49
:100310008BE55DCB558BECB806009A1E0008D756CE
:10032000C746FC0000EB73902BC08946FA8946FE55
:10033000EB03FF46FE8B46FE39460E7E34B90800BD
:10034000518BD8D1E3D1E38B760CFF7002FF305193
:10035000B8E500F76EFC03064A358B164C35525053
:100360009AFA05A1D283C40C0BC075C6C746FA0120
:1003700000837EFA017420B8E500F76EFC03064A9C
:10038000358B164C358B5E0AD1E3D1E38B76088929
:1003900000895002FF460AFF46FCA1EA343946FCB8
:1003A0007D26B8E500F76EFC8BD8031E4A358E0615
:1003B0004C358B46062639470975DC26837F0B01B1
:1003C0007503E963FFEBD0908B460A5E8BE55DCB4E
:1003D000558BECB802009A1E0008D756C746FE009F
:1003E00000EB57908B5EFED1E3C436822D26833816
:1003F000007C44B853008B5EFED1E326F7288BD8EF
:02000002D440E8
:10000000C4367A2D8B4606263900752BB853008BE3
:100010005EFED1E3C436822D26F72803067A2D8BA7
:10002000167C2D40408B5E0AD1E3D1E38B760889A4
:1000300000895002FF460AFF46FEA1F4343946FE0D
:100040007CA28B460A5E8BE55DCB558BECB8040039
:100050009A1E0008D756C746FC0000EB4D908B4611
:10006000068B5EFCD1E3D1E3C436742D26390075CE
:10007000368B76FCD1E6D1E68B1E742D268B4002A2
:100080008946FE0BC07C20B8E500F76EFE03064AE9
:10009000358B164C358B5E0AD1E3D1E38B7608891C
:1000A00000895002FF460AFF46FCA1EE343946FCA7
:1000B0007CAC8B460A5E8BE55DCB558BECB80400BF
:1000C0009A1E0008D7C746FCFFFFC746FE0000EB9C
:1000D0000490FF46FE8B46FE3906E8347E2DB912A9
:1000E00000511EFF760651B93900F7E90306523573
:1000F0008B165435050E0052509AFA05A1D283C4CE
:100100000C0BC075CD8B46FE8946FC8B46FC8BE5FF
:100110005DCB558BECB804009A1E0008D756C74635
:10012000FCFFFFC746FE0000EB03FF46FEA1F034D4
:100130003946FE7D3DB85F00F76EFE8BD8C436466B
:1001400035268338FF74E3B8080050FF7608FF7641
:100150000650B85F00F76EFE03C68CC24040525096
:100160009AFA05A1D283C40C0BC075BE8B46FE89DA
:1001700046FC8B46FC5E8BE55DCB558BECB80400F2
:100180009A1E0008D756C746FEFFFFC746FC000070
:10019000EB03FF46FC8B46FC3906F2347E3DB95337
:1001A00000F7E98BD8C4367A2D8B460626390075C0
:1001B000E1B8080050FF760AFF7608508BC1F76E51
:1001C000FC03C68CC2404052509AFA05A1D283C4A7
:1001D0000C0BC075BD8B46FC8946FE8B46FE5E8BC4
:1001E000E55DCB90558BECB804009A1E0008D756FD
:1001F000C746FEFFFFC746FC0000EB03FF46FCA11D
:10020000F2343946FC7D1FB85300F76EFC8BD8C41E
:10021000367A2D8B460626390075E1FF46FE8B4661
:10022000083946FC75D68B46FE5E8BE55DCB558B5B
:10023000ECB806009A1E0008D756C746FCFFFFFF21
:10024000760AFF7608FF76060EE82EFF83C406893D
:1002500046FAC746FE0000EB0490FF46FE8B46FEC2
:100260003906F4347E2A8BD8D1E3C436822D8B46EE
:10027000FA26390075E4B85300F76EFA8BD8C43605
:100280007A2D8B460626390075D08B46FE8946FCB2
:100290008B46FC5E8BE55DCB558BECB806009A1E59
:1002A0000008D756C746FAFFFFFF760AFF76080E0A
:1002B000E85FFE83C4048946FCC746FE0000EB03EA
:1002C000FF46FE8B46FE3906EC347E2DB92A00F738
:1002D000E98BD8C4367E2D8B460626390075E18B16
:1002E000C1F76EFE8BF08B1E7E2D8B46FC263940AF
:1002F0000275CD8B46FE8946FA8B46FA5E8BE55D2C
:10030000CB90558BECB806009A1E0008D756C7460E
:10031000FAFFFFB8E500F76E068BF0C41E4A3526DB
:100320008B40098946FCC746FE0000EB0790FF465C
:10033000FAFF46FE8B46063946FE7F1EB8E500F7FB
:100340006EFE8BD8031E4A358B46FC26394709754D
:10035000E026837F0B0174D6EBD78B46FA5E8BE5E4
:100360005DCB558BECB804009A1E0008D756C746E3
:10037000FCFFFFC746FE0000EB03FF46FE8B46FE78
:100380003906EA347E3CB9E500F7E98BF0C41E4A31
:10039000358B46062639400975E0B8080050FF76CF
:1003A0000AFF7608508BC1F76EFE03C38CC2525011
:1003B0009AFA05A1D283C40C0BC075BE8B46FE8988
:1003C00046FC8B46FC5E8BE55DCB558BECB80400A0
:1003D0009A1E0008D756C746FEFFFFC746FC00001E
:1003E000EB03FF46FCA1EE343946FC7D1E8B46062E
:1003F0008B5EFCD1E3D1E3C436742D26390075E25F
:02000002D480A8
:10000000FF4E0879DD8B46FC8946FE8B46FE5E8BF3
:10001000E55DCB90558BECB804009A1E0008D756CE
:100020002BC08946FC8946FEEB378B4F02BEE500AC
:10003000F7EE8BF3C45C168BF026394809751FB8B0
:10004000E500F76EFE8BD88B7606C474162683788F
:100050000B0174072683780B047503FF46FCFF46EB
:10006000FE8B46FE8B5E063947067FBE8B46FC5EE6
:100070008BE55DCB558BECB804009A1E0008D75673
:100080002BC08946FE8946FCEB1AB85300F76EFC7C
:100090008BD8C4367A2D8B46062639007503FF4669
:1000A000FEFF46FCA1F2343946FC7CDE8B46FE5E48
:1000B0008BE55DCB558BECB806009A1E0008D75631
:1000C0002BC08946FC8946FEEB2C8BD8D1E3C43685
:1000D000822D268B008946FA0BC07C17B85300F797
:1000E0006EFA8BD8C4367A2D8B46062639007503F6
:1000F000FF46FCFF46FE8B46FE3906F4347FCB8B71
:1001000046FC5E8BE55DCB90558BECB806009A1EE5
:100110000008D75756833EE8340F7C0AB8FFFF5ECD
:100120005F8BE55DCB90A1E8348946FAB93900F7D9
:10013000E9030652358B1654358946FC8956FE8BE9
:1001400046FA40A3E8348BC1502BC05052FF76FCD6
:100150009A7C0C08D783C408C45EFC26C7470408F1
:1001600000068D7F21BECA05B90600F3A507B8FFBA
:10017000FF2689472D2689472F2689470C8B46FA6B
:100180005E5F8BE55DCB558BECB804009A1E0008D2
:10019000D7813EEA34C8007C07B8FFFF8BE55DCB12
:1001A000837E08007D06A1EA34894608FF76080EA2
:1001B000E8F10A83C402B8E500502BC050B8E5004E
:1001C000F76E0803064A358B164C358946FC89566E
:1001D000FE52509A7C0C08D78B4606C45EFC2689DA
:1001E000470926C787BF00FFFF8B46088BE55DCB1D
:1001F000558BECB806009A1E0008D7A1F03489464A
:10020000FA3D1E007C08B8FFFF8BE55DCB90FF0632
:10021000F034B85F00F76EFA030646358B164835A2
:100220008946FC8956FEB95F00512BC95152509A3C
:100230007C0C08D7C45EFC26C74715020026C747BA
:100240001703008B46FA8BE55DCB558BECB80600A7
:100250009A1E0008D7A1F2348946FA3D64007C0852
:10026000B8FFFF8BE55DCB90FF06F234B85300F783
:100270006EFA03067A2D8B167C2D8946FC8956FE74
:10028000B95300512BC95152509A7C0C08D78B4658
:1002900006C45EFC2689078B46FA8BE55DCB558B41
:1002A000ECB806009A1E0008D7A1F4348946FA3D3E
:1002B00064007C08B8FFFF8BE55DCB90FF06F4344B
:1002C0008B46FAD1E00306822D8B16842D8946FCDD
:1002D0008956FEB90200512BC95152509A7C0C0824
:1002E000D78B4606C45EFC2689078B46FA8BE55DF4
:1002F000CB90558BECB806009A1E0008D7A1EC34C1
:100300008946FE3D32007C08B8FFFF8BE55DCB904F
:10031000FF06EC34B82A00F76EFE03067E2D8B161E
:10032000802D8946FA8956FCB92A00512BC95152B1
:10033000509A7C0C08D7C45EFA26C74706FEFF8B8E
:1003400046062689078B46FE8BE55DCB558BECB8C0
:1003500006009A1E0008D7A1EE348946FA3DC8006F
:100360007E08B8FFFF8BE55DCB90FF06EE348B4631
:10037000FAD1E0D1E00306742D8B16762D8946FC68
:100380008956FEB90400512BC95152509A7C0C0871
:10039000D78B4606C45EFC2689078B46FA8BE55D43
:1003A000CB90558BECB806009A1E0008D7575683A1
:1003B0007E06007C08A1E8343946067C09B8FFFFB8
:1003C0005E5F8BE55DCBC746FE0000EB2A90B8E58B
:1003D00000F76EFE8BF0C41E4A358B460626394068
:1003E000097511FF76FE0EE8F60183C4020BC07C8E
:1003F00003FF4EFEFF46FEA1EA343946FE7CCF8B5A
:02000002D4C068
:1000000046068946FCEB2990B83900F76EFC0306DA
:1000100052358B1654358BC88BDA0539001E8BF997
:100020008BF08EC28EDAB91C00F3A5A41FFF46FC2C
:10003000A1E834483B46FC7FCFB83900502BC05074
:10004000B83900F76EFC8BC8030652358B16543551
:1000500052508BF19A7C0C08D783C408C41E5235C9
:1000600026C74006FFFFFF0EE834C746FE0000EB40
:100070001D90B8E500F76EFE8BF0C41E4A358B4626
:1000800006263940097E0426FF4809FF46FEA1EAFC
:10009000343946FE7CDC2BC05E5F8BE55DCB558B37
:1000A000ECB870009A1E0008D7B8E500F76E06039A
:1000B000064A358B164C35894692895694FF76064A
:1000C0009A8A015DD383C40248751BFF36BC052B99
:1000D000C050B98C271E519A0C0036D183C4082B0E
:1000E000C08BE55DCB902BC0508D46FE50B9CB2721
:1000F000519A2C0136D183C4068946963DC5FF74BA
:10010000DE3DC1FF74D9807EFE4E74D32BC050B843
:10011000D00750B8EE271E509A0C0036D183C40881
:100120008946963D1B0075B7C45E92268B87BF003B
:10013000894690268B470B8946FCFF76060EE89F82
:100140000083C402FF36C0052BC050B92B281E51B6
:100150009A0C0036D183C408837E90007D08B801D4
:10016000008BE55DCB90FF76909AAA005DD383C4A7
:10017000020BC075E9837EFC0674E3B85300F76E8A
:100180009003067A2D8B167C2D40405250B83B28A8
:10019000508D4698509A520608D783C4082BC050F9
:1001A0008D46FE508D4E98519A2C0136D183C4064F
:1001B0008946963DC1FF74A6807EFE4E74A0FF76F0
:1001C000900EE8B30383C402FF36C0052BC050B8BD
:1001D00062281E509A0C0036D183C408E97FFF9034
:1001E000558BECB810009A1E0008D75756A1E6347C
:1001F000B93900F7E9030652358B1654358946FCA8
:100200008956FE837E06007C098B46063906EA3451
:100210007F0AB8FFFF5E5F8BE55DCB90C746F800B5
:1002200000EB2890B92A00F7E98BD8C4367E2D8BD5
:1002300046062639007511FF76F80EE8D40483C40B
:10024000020BC07C03FF4EF8FF46F88B46F83906D8
:10025000EC347FD08B46068946F6EB28B8E500F7EC
:100260006EF603064A358B164C358BC88BDA05E5DE
:10027000001E8BF98BF08EC28EDAB97200F3A5A442
:100280001FFF46F6A1EA34483B46F67FCFB8E500AB
:10029000502BC050B8E500F76EF68BC803064A3500
:1002A0008B164C3552508BF19A7C0C08D783C408BE
:1002B000C41E4A3526C74009FFFFFF0EEA348B46AD
:1002C00006C45EFC2639472D7E0426FF4F2D8B4643
:1002D00006C45EFC2639472F7E0426FF4F2FC746F3
:1002E000F60000EB3690FF46FA837EFA057D29B8CA
:1002F000E500F76EF68B76FA8BCED1E603F1D1E608
:1003000003F0C41E4A358B46062639809B007ED6F4
:1003100026FF889B00EBCF90FF46F68B46F639060A
:10032000EA347E08C746FA0000EBBE90C746F800E4
:1003300000EB3290B92A00F7E98BD8C4367E2D8BBA
:1003400046062639007E0326FF088BC1F76EF88B20
:10035000F0C41E7E2D8B4606263940067E0426FFFD
:100360004806FF46F88B46F83906EC347FC6C74688
:10037000F00000EB1B908BF0D1E6D1E6C41E742D8B
:100380008B4606263940027E0426FF4802FF46F0CF
:100390008B46F03906EE347FDD2BC05E5F8BE55D6A
:1003A000CB90558BECB81E009A1E0008D757568389
:1003B0007E06007C06837E061E7C09B8FFFF5E5F1A
:1003C0008BE55DCBB85F00F76E068BC8030646353C
:1003D0008B16483540405250B87128508D46EC502D
:1003E0008BF19A520608D783C4088D46EC509A3098
:1003F0000A08D783C4028BC6033646358B0E4835B0
:02000002D50027
:1000000046465156B97928518D4EEC518BF09A5293
:100010000608D783C4088D46EC509A300A08D78367
:10002000C402033646358B0E483546465156B881D4
:1000300028508D46EC509A520608D783C4088D4646
:10004000EC509A300A08D783C402C746E20000EB9E
:100050002B90B95300F7E98BD8C4367A2D8B46061E
:100060002639007514FF76E20EE80C0183C402897C
:1000700046E40BC07C03FF4EE2FF46E28B46E239CA
:1000800006F2347FCD8B46068946E8EB2990B85FAF
:1000900000F76EE8030646358B1648358BC88BDAB9
:1000A000055F001E8BF98BF08EC28EDAB92F00F33C
:1000B000A5A41FFF46E8A1F034483B46E87FCFB82F
:1000C0005F00502BC050B85F00F76EE88BC8030686
:1000D00046358B16483552508BF19A7C0C08D783E5
:1000E000C408C41E463526C700FFFFFF0EF034C704
:1000F00046E60000EB1BB93900F7E98BF0C41E524D
:10010000358B46062639400C7E0426FF480CFF46F8
:10011000E68B46E63906E8347FDCC746E20000EBB2
:100120001A90B95300F7E98BD8C4367A2D8B46065E
:100130002639007E0326FF08FF46E28B46E2390699
:10014000F2347FDEC746EA0000EB1C90B92A00F7C4
:10015000E98BF0C41E7E2D8B4606263940027E04B4
:1001600026FF4802FF46EA8B46EA3906EC347FDC7C
:100170002BC05E5F8BE55DCB558BECB808009A1EFB
:100180000008D75756837E06007C06837E06647C73
:1001900009B8FFFF5E5F8BE55DCBC746FC0000EB57
:1001A00025908BD8D1E3C436822D8B4606263900A4
:1001B0007511FF76FC0EE8DD0083C4020BC07C03E2
:1001C000FF4EFCFF46FC8B46FC3906F4347FD38B94
:1001D00046068946F8EB2990B85300F76EF80306F7
:1001E0007A2D8B167C2D8BC88BDA0553001E8BF96C
:1001F0008BF08EC28EDAB92900F3A5A41FFF46F852
:10020000A1F234483B46F87FCFB85300502BC05082
:10021000B85300F76EF88BC803067A2D8B167C2D29
:1002200052508BF19A7C0C08D783C408C41E7A2DD7
:1002300026C700FFFFFF0EF234C746FE0000EB1D8D
:10024000B9E500F7E98BF0C41E4A358B460626391E
:1002500080BF007E0526FF88BF00FF46FE8B46FE5E
:100260003906EA347FDAC746FC0000EB17908BD8DA
:10027000D1E3C436822D8B46062639007E0326FF45
:1002800008FF46FC8B46FC3906F4347FE12BC05E48
:100290005F8BE55DCB90558BECB802009A1E000891
:1002A000D756837E06007C06837E06647C08B8FFF2
:1002B000FF5E8BE55DCB8B46068946FEEB178B5EBA
:1002C000FED1E3031E822D8E06842D268B47022647
:1002D0008907FF46FE837EFE637CE3B80200502B55
:1002E000C0508B4EFED1E18BD1030E822D8B1E842C
:1002F0002D53518BF29A7C0C08D783C408C41E82FC
:100300002D26C700FFFFFF0EF4342BC05E8BE55D8A
:10031000CB90558BECB806009A1E0008D757568331
:100320007E06007C08A1EC343946067C09B8FFFF44
:100330005E5F8BE55DCBC746FA0000EB27908BD85C
:10034000D1E3D1E3C436742D8B46062639007511EE
:10035000FF76FA0EE8B70083C4020BC07C03FF4EA1
:10036000FAFF46FA8B46FA3906EE347FD18B460601
:100370008946FEEB2890B82A00F76EFE03067E2D14
:100380008B16802D8BC88BDA052A001E8BF98BF01B
:100390008EC28EDAB91500F3A51FFF46FE837EFEDE
:1003A000317CD3B82A00502BC050B82A00F76EFE1B
:1003B0008BC803067E2D8B16802D52508BF19A7CB4
:1003C0000C08D783C408C41E7E2D26C700FFFFC4B7
:1003D0001E7E2D26C74002FFFFFF0EEC34C746FAF3
:1003E0000000EB188BD8D1E3D1E3C436742D8B46D3
:1003F000062639007E0326FF08FF46FA8B46FA39A7
:02000002D540E7
:1000000006EE347FDF2BC05E5F8BE55DCB90558BBA
:10001000ECB802009A1E0008D756837E06007C09C1
:100020008B46063906EE347F09B8FFFF5E8BE55D2F
:10003000CB908946FEEB22908B5EFED1E3D1E303A9
:100040001E742D8E06762D268B4704268B5706268A
:10005000890726895702FF46FEA1EE34483B46FE3B
:100060007FD6B80400502BC0508B4EFED1E1D1E1B9
:100070008BD1030E742D8B1E762D53518BF29A7CEF
:100080000C08D783C408C41E742D26C74002FFFF86
:10009000C41E742D26C700FFFFFF0EEE342BC05E7A
:1000A0008BE55DCB558BECB80E009A1E0008D75738
:1000B00056A1E634B93900F7E9030652358B1654D8
:1000C000358946FC8956FEA1EA348946F63DC800CA
:1000D0007C0DB8FFFF5E5F8BE55DCB90FF4EF68B2E
:1000E00046063946F67E27B8E500F76EF603064A5F
:1000F000358B164C358BC88BDA2DE5001E8BF98BB2
:10010000F08EC28EDAB97200F3A5A41FEBCEFF0603
:10011000EA34C45EFC2639472D7C0426FF472D8B2C
:100120004606C45EFC2639472F7C0426FF472FC7AE
:1001300046F60000EB35FF46FA837EFA057D29B8C6
:10014000E500F76EF68B76FA8BCED1E603F1D1E6B9
:1001500003F0C41E4A358B46062639809B007CD6A8
:1001600026FF809B00EBCF90FF46F6A1EA3439468C
:10017000F67D07C746FA0000EBBFC746F80000EB64
:100180003490B82A00F76EF88BD8C4367E2D8B4693
:10019000062639007C0326FF00B82A00F76EF88B8C
:1001A000F0C41E7E2D8B4606263940067C0426FFB1
:1001B0004006FF46F8A1EC343946F87CC5C746F244
:1001C0000000EB1B8B46068B76F2D1E6D1E6C41E0F
:1001D000742D263940027C0426FF4002FF46F2A11E
:1001E000EE343946F27CDD2BC05E5F8BE55DCB9053
:1001F000558BECB8F4009A1E0008D75756A1E63488
:1002000089860EFFB93900F7E9030652358B16547B
:1002100035898616FF899618FF8EC28BD88B4606C5
:100220002639472D750626C7472DFBFF8B4606C48A
:100230009E16FF2639472F750626C7472FFBFFC797
:100240008610FF0000EB3D90FF8614FF83BE14FF75
:10025000057D2DB8E500F7AE10FF8BB614FF8BCEF1
:10026000D1E603F1D1E603F0C41E4A358B460626DB
:1002700039809B0075D226C7809B00FBFFEBC9909D
:10028000FF8610FFA1EA34398610FF7D09C7861466
:10029000FF0000EBB790C78612FF0000EB3AB82AC8
:1002A00000F7AE12FF8BD8C4367E2D8B460626395A
:1002B00000750526C700FBFFB82A00F7AE12FF8BBA
:1002C000F0C41E7E2D8B460626394006750626C7CD
:1002D0004006FBFFFF8612FFA1EC34398612FF7C3B
:1002E000BDC7860CFF0000EB20908B46068BB60C3A
:1002F000FFD1E6D1E6C41E742D26394002750626CC
:10030000C74002FBFFFF860CFFA1EE3439860CFFCD
:100310007CD8B8E500F76E0603064A358B164C35D7
:100320001E8DBE1AFF8BF016078EDAB97200F3A588
:10033000A41FFF76060EE8A7F683C4028B46063993
:1003400046087E03FF4E08FF76080EE856FD83C47C
:1003500002B8E500F76E088BD8C4364A358D388D63
:10036000B61AFFB97200F3A5A4C49E16FF26837FB8
:100370002DFB75078B46082689472DC49E16FF2640
:10038000837F2FFB75078B46082689472FC786106A
:10039000FF0000EB3B90FF8614FF83BE14FF057D3A
:1003A0002BB8E500F7AE10FF8BB614FF8BCED1E66D
:1003B00003F1D1E603F0C41E4A352683B89B00FB47
:1003C00075D48B46082689809B00EBCAFF8610FFF8
:1003D000A1EA34398610FF7D09C78614FF0000EBBF
:1003E000B990C78612FF0000EB38B82A00F7AE12AA
:1003F000FF8BD8C4367E2D268338FB75068B4608C6
:02000002D580A7
:10000000268900B82A00F7AE12FF8BF0C41E7E2DA1
:1000100026837806FB75078B460826894006FF86EF
:1000200012FFA1EC34398612FF7CBFC7860CFF009B
:1000300000EB1F908BB60CFFD1E6D1E6C41E742DE9
:1000400026837802FB75078B460826894002FF86C7
:100050000CFFA1EE3439860CFF7CD92BC05E5F8B80
:10006000E55DCB90558BECB83C009A1E0008D75745
:1000700056B83900F76E068BC8030652358B1654F6
:1000800035511E8D7EC48BF016078EDAB91C00F335
:10009000A5A41F59B83900F76E088BD8030652354E
:1000A0008B1654358BF38BD9C43E52355657061EEA
:1000B0008D398BF08EDAB91C00F3A5A41F075F5EA3
:1000C000C41E52358D388D76C4B91C00F3A5A4C763
:1000D00046FE0000EB198BC1F76EFE8BF08B4608D5
:1000E0002639400975068B4606EB2490FF46FE8BA9
:1000F00046FE3906EA347E1EB9E500F7E98BF0C406
:100100001E4A358B46062639400975CA8B46082695
:10011000894009EBD7905E5F8BE55DCB558BECB8E2
:1001200066009A1E0008D75756B85F00F76E068B18
:10013000C8030646358B164835511E8D7E9E8BF0C2
:1001400016078EDAB92F00F3A5A41F59B85F00F780
:100150006E088BD8030646358B1648358BF38BD942
:10016000C43E46355657061E8D398BF08EDAB92FB0
:1001700000F3A5A41F075F5EC41E46358D388D763B
:100180009EB92F00F3A5A4C7469C0000EB19B8390F
:1001900000F76E9C8BF08B46082639400C75058B5A
:1001A0004606EB23FF469CA1E83439469C7D1FB8E8
:1001B0003900F76E9C8BF0C41E52358B46062639EB
:1001C000400C75CA8B46082689400CEBD790C74671
:1001D0009A0000EB1A90B85300F76E9A8BD88B46B2
:1001E0000826390075068B4606EB2390FF469AA138
:1001F000F23439469A7D1DB85300F76E9A8BD8C4F5
:10020000367A2D8B460626390075CB8B4608268913
:1002100000EBD990C746FE0000EB1A90B82A00F711
:100220006EFE8BF08B46082639400275058B46061C
:10023000EB23FF46FEA1EC343946FE7D1FB82A00B1
:10024000F76EFE8BF0C41E7E2D8B460626394002CB
:1002500075CA8B460826894002EBD7905E5F8BE516
:100260005DCB558BECB858009A1E0008D75756B88E
:100270005300F76E068BC803067A2D8B167C2D5122
:100280001E8D7EA88BF016078EDAB92900F3A5A47F
:100290001F59B85300F76E088BD803067A2D8B16BA
:1002A0007C2D8BF38BD9C43E7A2D5657061E8D3983
:1002B0008BF08EDAB92900F3A5A41F075F5EC41E78
:1002C0007A2D8D388D76A8B92900F3A5A4C746FEEE
:1002D0000000EB198BC1F76EFE8BF08B46082639B8
:1002E00080BF0075058B4606EB24FF46FE8B46FE5D
:1002F0003906EA347E20B9E500F7E98BF0C41E4ADE
:10030000358B4606263980BF0075C98B460826897D
:1003100080BF00EBD590C746FC0000EB16908B46E3
:10032000088B5EFCD1E326390075058B4606EB1F72
:10033000FF46FC8B46FC3906F4347E188BD8D1E39B
:10034000C436822D8B460626390075D28B46082688
:100350008900EBDC5E5F8BE55DCB558BECB8020072
:100360009A1E0008D7568B5E06D1E3C436822D262E
:100370008B008946FE8BC38B5E08D1E3268B088BEE
:10038000D38BD82689088B46FE8BDAC436822D267D
:1003900089005E8BE55DCB90558BECB82C009A1EE6
:1003A0000008D75756B82A00F76E068BC803067E9A
:1003B0002D8B16802D511E8D7ED68BF016078EDA72
:1003C000B91500F3A51F59B82A00F76E088BD8039A
:1003D000067E2D8B16802D8BF38BD9C43E7E2D5639
:1003E00057061E8D398BF08EDAB91500F3A51F075D
:1003F0005F5EC41E7E2D8D388D76D6B91500F3A5AF
:02000002D5C067
:10000000C746D40000EB18908B46088B5ED4D1E332
:10001000D1E326390075058B4606EB21FF46D48BCC
:1000200046D43906EE347E1A8BD8D1E3D1E3C436F8
:10003000742D8B460626390075CE8B46082689001E
:10004000EBDA5E5F8BE55DCB558BECB804009A1E56
:100050000008D757568B5E06D1E3D1E3C436742D22
:10006000268B00268B50028946FC8956FE8BC38B5B
:100070005E08D1E3D1E3268B08268B50028BFB8BE5
:10008000D8268908268950028B46FC8B56FEC41E52
:10009000742D268901268951025E5F8BE55DCB9028
:1000A000558BECB81E009A1E0008D78B460889466F
:1000B000E68B4E0C4141F7E90504008946E88B4682
:1000C0000A8946EA8B460C8946ECC746EEFFFF2BB1
:1000D000C08946F08946F8FF76069A300A08D78329
:1000E000C402B81C00508D46E450B8800050B802DD
:1000F0008150FF76069A340108D783C4068946E208
:10010000509AC00308D783C406FF76E29A8000089D
:10011000D72BC08BE55DCB90558BECB804009A1EB5
:100120000008D72BC050B9028051FF76069A3401DF
:1001300008D783C4068946FC0BC07D08B8FFFF8B37
:10014000E55DCB90B81C0050FF7608FF76FC9AD690
:100150000208D783C4063D1C007D0DFF76FC9A8003
:100160000008D783C402EBD48B46FC8B5E0889075A
:100170002BC08BE55DCB558BECB802009A1E0008B6
:10018000D78B5E068B078946FE0BDB7507B8FFFF32
:100190008BE55DCB2BC0502BC95151FF76FE9AA049
:1001A0000008D783C408B81C0050FF7606FF76FE0F
:1001B0009AC00308D783C406FF76FE9A800008D74A
:1001C0002BC08BE55DCB558BECB80E009A1E00085A
:1001D000D7568B5E068B078946F48B47048946FC0D
:1001E0008B47168946F88B47188946F20BDB750852
:1001F000B8FFFF5E8BE55DCB8B5E08C7070000C7CD
:1002000046FA0000EB03FF46FA8B46FA39068A28C5
:100210007E118BD8D1E38B76F88B4E0A390875E6C0
:100220008946F639068A287F40B8FFFF8946FE894D
:1002300046F6C746FA0000EB1A908BD8D1E38B76CE
:10024000F28B4EFE39087E088946F68B008946FE01
:10025000FF46FA8B46FA39068A287FDE8B460A8BE0
:100260005EF6D1E38B76F889008B5EF6D1E38B7670
:10027000F2C700FFFFC746FA0000EB0C8BD8D1E3B2
:100280008B76F2FF00FF46FA8B46FA39068A287F02
:10029000EB8B46FCF76EF68B5E0603471A8B7608EF
:1002A0008904837E0A007C088B460A3947147F162E
:1002B0008B5E06FF77042BC0508B5E08FF379AE2F7
:1002C0000908D7EB36908B46FA39068A287F2F2B00
:1002D000C0508B46FCF76E0A051C0083D2005250BA
:1002E000FF76F49AA00008D783C408FF76FC8B5EE3
:1002F00008FF37FF76F49AD60208D783C4068B5ED0
:10030000088B078947028B0740408947048B760694
:100310008B4402F76C080347048947062BC05E8BA9
:10032000E55DCB90558BECB804009A1E0008D78B86
:100330005E068B078946FC8B47048946FE0BDB75FE
:1003400007B8FFFF8BE55DCB837E0A007CF38B460D
:100350000A3947147CEB2BC0508B46FEF76E0A051A
:100360001C0083D2005250FF76FC9AA00008D7836D
:10037000C408FF76FE8B5E08FF37FF76FC9AC00349
:1003800008D783C4068B460A8B5E0639471475036B
:10039000FF47142BC08BE55DCB90558BECB812005A
:1003A0009A1E0008D756C746EE00008B5E068B47A4
:1003B000028946FA8B47088946F28B47068946F63A
:1003C0000BDB75082BC05E8BE55DCB908B5E088BDD
:1003D0005F02833F017CED8B46FA39077FE6C74613
:1003E000F8FFFF8B5E088B5F028B078946FEFF7666
:1003F000F68B46FE2B46F8992BC2D1F80346F889B6
:02000002D60026
:1000000046F0F76EF28B5E0803470450FF760A9ABB
:100010008E0908D783C4068946FC0BC07508C746FD
:10002000EE0100EB25900BC07D0E8B46F02B46F8C1
:100030004874178B46F0EBB38B46F02B46FE4074AA
:10004000098B46F08946F8EBA590837EFC007E0381
:10005000FF46F08B5E088B5F068B76F0D1E68B0057
:100060008B5E0C89078B46F08B5E0E89078B46EE04
:100070005E8BE55DCB90558BECB816009A1E0008A0
:10008000D7568B4606050E008946F88B5E068B47D1
:10009000108946F48B47128946EAC746F600008B62
:1000A000470A8946FA0BDB75072BC05E8BE55DCBF3
:1000B0008B5EF8C707FFFF837EFA007CEC8B46FA65
:1000C0008B5E063947147F0EEBDF837EFCFF745492
:1000D0008B46FC8946FA8B5EF8FF078B1FD1E38BBA
:1000E00076F48900508D46EC50FF76060EE8D6FC7B
:1000F00083C4068D46FE508D4EFC51FF76088D4E12
:10010000EC51FF76060EE891FE83C40A8946F68B11
:1001100046FE8B5EF88B1FD1E38B76EA8900837EE7
:10012000F60175A68B46F65E8BE55DCB558BECB87C
:1001300016009A1E0008D757568B5E068B47028919
:1001400046FE8B47088946F48B47060BDB75092B67
:10015000C05E5F8BE55DCB90FF76F49A180808D7F8
:1001600083C4028946EC8B46FE8B5E088B5F0239A6
:10017000077C383B460E7F0AB801005E5F8BE55D69
:10018000CB90FF76F448F76EF48B5E08034704507B
:10019000FF76EC9AB60908D783C4068B5E088B5F9E
:1001A000068B76FED1E68B008946F28B46F4F76E1D
:1001B0000E8B5E080347048946EE0346F48BC88B1A
:1001C00046FE2B460E488BF0F76EF450FF76EE514C
:1001D0009A460908D783C406FF76F4FF760AFF76AD
:1001E000EE9AB60908D783C4068B460ED1E08B5E23
:1001F000088BC803470640408946FA4040D1E6567E
:10020000FF76FA508BF19A460908D783C4068B5EB5
:100210000C8B078B7E088B5D068940028B46FE8B1C
:100220005D0239077C1CFF76F4FF76ECFF760A9AB4
:10023000B60908D783C4068B46F28B5E0C8907E9A2
:1002400036FF8B5E088B5F02FF07E92BFF90558B13
:10025000ECB82E009A1E0008D757568B5E068B47C7
:10026000088946E88B47028946FA8D470E8946EA97
:100270008B47108946D68B47128946D4C746E00182
:1002800000B8FFFF8946FE8946E20BDB75082BC0EC
:100290005E5F8BE55DCB8B5EEA39077CF1FF76E82C
:1002A000FF76088B46E840509A180808D783C402A6
:1002B0008946E6509AB60908D783C4068B46FA40A9
:1002C000992BC2D1F88946E42B46FAF7D88946F62D
:1002D0008B5EEA833F007D0C8B5E068B471489465C
:1002E000F4EB15908B1FD1E38B76D68B008946F407
:1002F0008B76D48B008946FCFF76F48D46D850FF70
:1003000076060EE8C0FA83C4068B5EEA833F007D62
:10031000498B5EDAC7070100FF76E8FF76E6FF76D5
:10032000DC9AB60908D783C4068B46FE8B5EDE894D
:10033000078B46E28B5EDE894702FF76F48D46D856
:1003400050FF76060EE8DCFB83C4068B46F48B5E1A
:100350000689470AFF470CE956018B46FA8B5EDA9D
:1003600039077D2CFF76FC8D46E250FF76E68D4600
:10037000D850FF76060EE8B3FD83C40AFF76F48DED
:1003800046D850FF76060EE89AFB83C406E92001A2
:100390008B46E28946F8FF76FC8D46F850FF76E6FC
:1003A0008D4ED851FF76060EE881FD83C40A8B5E20
:1003B000068B47148946E2508D46EC50530EE805F3
:1003C000FA83C4068B46F648F76EE8508BC88B4616
:1003D000E440F76EE80346DC50FF76F08BF19AB606
:1003E0000908D783C4068B46F6D1E0508B4EE4D182
:1003F000E18BD1034EDE414151FF76F28BF88956F5
:02000002D640E6
:10000000D29AB60908D783C406FF76E8FF76E603DE
:1000100076F0569AB60908D783C4068B46F88B5EED
:10002000F6D1E38B76F28900FF76E88B46E8F76E2F
:10003000E48BC80346DC50FF76E68BF19AB60908DC
:10004000D783C4068B46E8F76EF6502BC050037674
:10005000DC569AE20908D783C406572BC0508B465A
:10006000D20346DE4040509AE20908D783C4068B8B
:1000700046E48B5EDA89078B46F68B5EEE8907FFD6
:1000800076F48D46D850FF76060EE897FA83C406BC
:10009000FF76E28D46EC50FF76060EE886FA83C4C2
:1000A000068B5EEAFF0F8B46F48946FEE921FE903F
:1000B0008B5EEAC707FEFFB801005E5F8BE55DCB94
:1000C000558BECB80E009A1E0008D7568B5E068B37
:1000D00047028946FE8B47088946F80BDB75072BDC
:1000E000C05E8BE55DCB8B5E088B5F02833F017C3E
:1000F000EEF76E0A8B5E080347048946F60346F85E
:100100008BC88B46FE2B460A488BF0F76EF8505191
:10011000FF76F69A460908D783C4068B460AD1E0D3
:100120008B5E0803470640408946FC4040D1E656B6
:1001300050FF76FC9A460908D783C406FF76F82B51
:10014000C0508B46FE48F76EF88B5E08034704509C
:100150009AE20908D783C406B80200502BC0508B1E
:1001600046FED1E08B5E08034706509AE20908D7A5
:1001700083C4068B5E088B5F02FF0FB801005E8BA5
:10018000E55DCB90558BECB816009A1E0008D7574A
:10019000568B5E068B47028946FE8B47088946F4DC
:1001A0008B5E0C8B77028B0C894EF88B76088B7CE0
:1001B000028B158956FC3BCA7F03E93F018BCA8B32
:1001C000F8F7E90344048946F2578BC88BC7F76EEA
:1001D0000E8B7E0A03450450519AB60908D783C492
:1001E000068B5E0C8B47048946F08BC88B46F8481B
:1001F00048992BC2D1F88BD8F76EF450518B4EF43E
:10020000014EF2FF76F28BF0895EEC9AB60908D7C0
:1002100083C4068B5E0C8B47068946F68B4EEC41F9
:10022000D1E151508B46FCD1E08B5E08034706407C
:1002300040509AB60908D783C4068B46EC408B5EC3
:10024000088B5F020107FF76F40176F08B46F050D1
:100250008B46F4F76E0E034504509AB60908D7830F
:10026000C4068B5E0C8B47048946F28B4F06894E81
:10027000FA8BC88B46F82B46EC488BF0F76EF4509F
:100280008B56F00356F48956F052518BF89A460972
:1002900008D783C4068D4401D1E0508B46EC40D191
:1002A000E00146F6FF76F6FF76FA9A460908D7830C
:1002B000C4068B5E0C8B5F0289378BC62B76FEF7EC
:1002C000DE8976EE8BC88BC6F76EF4502BC05001DA
:1002D0007EF2FF76F28BF99AE20908D783C406D141
:1002E000E6562BC0508D4501D1E00146FAFF76FA63
:1002F0009AE20908D783C406E92101908BC24848D5
:10030000992BC2D1F88946EE408BC8F76EF48BD09A
:100310000347048946F28BF08B46F88BFAF76EF4AC
:1003200050FF7704568BF19A460908D783C4068B91
:1003300046F840D1E0508B5E0CFF77068B46EED13D
:10034000E00347064040509A460908D783C406FF99
:1003500076F48B46F4F76E0E8B5E0A8BC803470467
:10036000508B46F42946F2FF76F2894EEC9AB60994
:1003700008D783C4068B46FC2B46EE8BC8F76EF479
:100380008B5E080347048946F08BD08B46EE8BDAF0
:10039000F76EF450538B5E0CFF7704894EEA9AB6E1
:1003A0000908D783C4068B5E0C8B47068B4EEAD1B7
:1003B000E18B5E08034F06894EF6D1E65651509AFE
:1003C000B60908D783C4068B46EE408B5E0C8B5F64
:1003D0000201078B46EC8B5E0A034704FF76F48B21
:1003E0004EF4294EF08B56F052509AB60908D78336
:1003F000C406572BC050FF76F09AE20908D783C491
:02000002D680A6
:1000000006562BC050FF76F69AE20908D783C4063D
:100010008B46EE408B5E088B5F022907B801005EBD
:100020005F8BE55DCB90558BECB810009A1E0008F5
:10003000D757568B5E068B47028946FE8B47088949
:1000400046F48B5E0C8B77028B0C894EF88B76080E
:100050008B7C028B0D894EFC8BF8F7E903440489F5
:1000600046F2578BC88BC7F76E0E8B7E0A0345048A
:1000700050519AB60908D783C4068B5E0C8B47048F
:100080008BC88B46F8F76EF450518B46F40146F25C
:10009000FF76F29AB60908D783C4068B46FCD1E0F6
:1000A00003440640408B5E0C8B4F068B56F842D1C2
:1000B000E25251509AB60908D783C4068B46F840DD
:1000C0008B5C0201078B46F4F76EFE502BC0508B01
:1000D0005E0CFF77049AE20908D783C4068B46FEBC
:1000E000D1E0502BC0508B5E0CFF77069AE20908D6
:1000F000D783C4068B5E0C8B5F02C7070000B80174
:10010000005E5F8BE55DCB90558BECB83E009A1E90
:100110000008D757568B5E068B078946D08B47045D
:100120008946E48B47088946DE8B47028946FC8B6B
:10013000470C8946E08D470E8946EE8B471089466D
:10014000C68B47128946C20BDB75092BC05E5F8BDD
:10015000E55DCB908B5EEE833F007CEF8B46FC40F1
:10016000992BC2D1F88946D42B46FCF7D88946FA98
:100170008B1FD1E38B76C68B008946F08B7EC28BBA
:1001800009894EFE508D46C850FF76060EE836F4BB
:1001900083C4068B46E0488B5EEE3B077F03E97D18
:1001A000028B1FD1E3FF018B76FED1E68B5ECE8BF7
:1001B00040028946F88B5EEEFF078B46F88B1FD115
:1001C000E38B76C689008B5EEE8B1FD1E3C70100FF
:1001D000008B5EEE8B078946E2EB67902BC0508B5D
:1001E00046E4F76EF8051C00998BC88B46FC8BDA49
:1001F000F76EDE40409903C813DA894EF4895EF643
:100200005351FF76D09AA00008D783C408B80200E3
:10021000508D46F850FF76D09AD60208D783C40690
:100220008B5EEEFF078B46F88B1FD1E38B76C6897A
:10023000008B5EEE8B1FD1E38B76C2C7000000FF00
:1002400046E28B46E0483B46E27F91FF76F88D46DA
:10025000E650FF76060EE86DF383C406FF76DEFFF8
:1002600076EA8B46FEF76EDE0346CC509AB6090856
:10027000D783C406FF76F08D46C850FF76060EE899
:10028000A2F483C4068B46F88946F0C746FE0000F8
:100290008D7EC88D76E6E97D01908B46F08B5E06FB
:1002A00039470A75198B76CA833C017C03E99D01A5
:1002B0008B76CE8B0489470AFF4F0CE98F018B5E4A
:1002C000EEFF0F8B1FD1E38B76C68B008946F28B36
:1002D00076C28B08894ED2508D46D650FF76060ED8
:1002E000E8E3F283C4068B46D28B5ED839077E7A68
:1002F0008BF0D1E68B5EDC8B4802894EF8518D4E37
:10030000E651FF76060EE8BDF283C406C746C40177
:10031000008B46FA8B5EE839077E4FFF76D28D461A
:10032000E6508D4ED6518D56C852FF76060EE853D4
:10033000FA83C40AFF76F88D46E650FF76060EE88B
:10034000E2F383C406FF76F28D46D650FF76060EA2
:10035000E8D1F383C406FF76F08D46C850FF7606D9
:100360000EE8C0F383C406E9E300837ED2007E403A
:100370008B76D2D1E68B5EDC8B40FE8946F8508DC1
:1003800046E650FF76060EE83CF283C406C746C434
:10039000FFFF8B46FA8B5EE839077E14FF4ED2FFD3
:1003A00076D28D46C8508D4ED6518D56E6E979FFEE
:1003B000837EC4007E10FF76D28D46E6508D46D6F1
:1003C000508D46C8EB11FF4ED2FF76D28D46C850F5
:1003D0008D46D6508D46E650FF76060EE847FC83E4
:1003E000C40AFF76F88D46E650FF76060EE834F331
:1003F00083C406FF76F08D46C850FF76060EE823CC
:02000002D6C066
:10000000F383C4068B46F28946F08B46D28946FEBE
:100010008D7EC88D76D68CD08EC0A5A5A5A5FF7681
:10002000FE8D46C850FF76060EE894F883C406FF9E
:1000300076F08D46C850FF76060EE8E7F283C406D8
:100040008B46FA8B5ECA39077D03E94DFEB8010085
:100050005E5F8BE55DCB558BECB80E009A1E0008F9
:10006000D756C746FA00008B5E068B47088946FCC8
:100070000BDB75082BC05E8BE55DCB90FF760853DC
:100080000EE8F2F383C4048946FA8B5E068B470EB2
:100090008946FE837EFA01753B8B77108BD8D1E3BE
:1000A000FF308D46F250FF76060EE819F183C40644
:1000B000FF76FC8B5E068B5F128B76FED1E68B00A3
:1000C000F76EFC0346F2404050FF760A9AB60908E4
:1000D000D783C4068B46FA5E8BE55DCB558BECB8B7
:1000E00004009A1E0008D7C746FE0000837E060063
:1000F00075062BC08BE55DCBFF7608FF76060EE814
:1001000074F383C4040BC0750DFF7608FF76060EEA
:10011000E83BF58946FE8B46FE8BE55DCB90558B23
:10012000ECB804009A1E0008D7C746FE0000837E84
:10013000060075062BC08BE55DCBFF7608FF7606C3
:100140000EE832F383C40448750AFF76060EE8B75A
:10015000FB8946FE8B46FE8BE55DCB90558BECB85C
:1001600016009A1E0008D7568B5E068B47088946F4
:10017000FA8D470E8946FC8B47108946F48B47124F
:100180008946EAC746F800000BDB75082BC05E8B7A
:10019000E55DCB908B5E0A833F01750C8B76FC830B
:1001A0003C007D04C70700008B5E0A8B07EB65905F
:1001B0008B5EFCC707FFFF8D46FE508D46F650FF55
:1001C00076060EE8920083C4068946F88B5E0AC75D
:1001D000070200EB4990C746F801008B5EFC8B1FBD
:1001E000D1E38B76F48B008946F68B5EFC8B1FD1B6
:1001F000E38B76EA8B008946FEEB23908D46FE501A
:100200008D46F650FF76060EE84D0083C4068946FB
:10021000F8EB0B900BC074984874BB4874DE837E77
:10022000F801752BFF76F68D46EC50FF76060EE84A
:1002300094EF83C406FF76FA8B46FEF76EFA034608
:10024000EC404050FF76089AB60908D783C4068B65
:1002500046F85E8BE55DCB90558BECB812009A1E8C
:100260000008D757568B4606050E008946FC8B5E64
:10027000068B47108946F88B47128946EEC746FA27
:1002800000000BDB75082BC05E5F8BE55DCB8B5EE2
:10029000FC833F007D16C70700008B5E068B470A74
:1002A0008B5EF889078B5EEEC707FFFF8B5EFC8BCA
:1002B0001FD1E38B76F88338007CCB8B7E068B4591
:1002C0001439007DC18B5EFC8B1FD1E38B76F8FF68
:1002D000308D46F050FF76060EE8EAEE83C4068BBA
:1002E0005EFC8B1FD1E38B76EE8B30D1E68B5EF616
:1002F0008B40028946FE40754FEB29908B5EFCFFD8
:100300000F7907C746FA0000EB608B5EFC8B1FD1AC
:10031000E38B76F8FF308D46F050FF76060EE8A5A9
:10032000EE83C4068B5EFC8B1FD1E38B76EEFF0061
:100330008B5EF28B078B5EFC8B1FD1E339007DBC9B
:10034000C746FA0100EB23908B46FE8B5EFCFF074D
:100350008B1FD1E38B76F889008B5EFC8B1FD1E37A
:100360008B76EEC700FFFFE95BFF837EFA01752203
:100370008B5EFC8B1FD1E38B76F88B008B5E08893C
:10038000078B5EFC8B1FD1E38B76EE8B008B5E0AB6
:1003900089078B46FA5E5F8BE55DCB90558BECB899
:1003A00054009A1E0008D7568B5E068B4704894678
:1003B000F88B47028946FE8B47088946F68B47062D
:1003C0008946FA0BDB7503E9BE00FF7708FF770665
:1003D000FF770AB88C28509A420008D783C408C710
:1003E00046FC0000EB68FF76F6FF76B08D4EB45108
:1003F0009AB60908D783C4068D46B4508B5EF4D1F3
:02000002D70025
:10000000E38B76B2FF30B8C428509A420008D783F9
:10001000C4068B46F60146B0FF46F48B46F48B5E71
:10002000AE39077FC1833F007E158BD8D1E38B7635
:10003000B2FF30B8CF28509A420008D783C404B822
:10004000D228509A420008D783C402FF46FC8B4650
:10005000FC8B5E063947147E2F508D4EAC51530EEB
:10006000E863ED83C4068B5EAEFF37FF76FCB8AD68
:1000700028509A420008D783C4068B76F6C642B44D
:1000800000C746F40000EB935E8BE55DCB9000006B
:100090000000000000000000000000000000595AAD
:1000A0008BDC2BD8720B3B1EDA2872058BE3525186
:1000B000CB5251A1D62840750533C0E95B0EFF2E07
:1000C000D628558BEC83EC045756BE282A56E839BF
:1000D0001283C4028BF88D460850FF7606B8282A92
:1000E000509A241B08D783C4068946FCB8282A5096
:1000F00057E8891283C4048B46FC5E5F8BE55DCBB9
:10010000558BEC8B5E063B1E0D2C7206B80009F970
:10011000EB0BB43ECD217205C6870F2C00E9B01061
:10012000558BEC83EC048B5E063B1E0D2C7205B8E0
:100130000009EB2AF7460A00807448837E0C00749D
:100140001A33C98BD1B80142CD21724BF7460C024C
:1001500000750E03460813560A7928B80016F9EB05
:10016000368956FE8946FC8BD1B80242CD21034622
:100170000813560A790D8B4EFE8B56FCB80042CD03
:1001800021EBD88B56088B4E0A8A460CB442CD21FF
:10019000720580A70F2CFDE94B10558BEC83EC0406
:1001A00032FF803E082C0372038A7E0A8B460C893C
:1001B000460AEB08558BEC83EC0432FF887EFE8BFD
:1001C00046088BC8C646FC00A900807510A90040EF
:1001D0007507F606D32B807504C646FC808B560641
:1001E00024030AC7B43DCD2173123D02007509F7FF
:1001F000C100017403E99F00F9E9E90F938BC12560
:1002000000053D00057509B43ECD21B80011EBE8AD
:10021000C646FD01B80044CD21F6C2807404804E6C
:10022000FC40F646FC407403E9D3008B4608A90065
:1002300002741CA90300740933C9B440CD21E9BD7F
:1002400000B43ECD218B5606B80043CD21EB65F6B8
:1002500046FC807503E9A600A902007503E99E002B
:10026000B9FFFF8BD1B80242CD21F7D98D56FFB42B
:100270003FCD210BC07415807EFF1A750FF7D98B07
:10028000D1B80242CD2133C9B440CD2133C98BD17D
:10029000B80042CD21EB67C646FD008B4E0AE8A4AC
:1002A00000894E0AF646FEFF7507F74608020075FC
:1002B0000380E1FE8B5606B43CCD217303E9250F84
:1002C00093F646FEFF7507F7460802007530B43E08
:1002D000CD218A460824030A46FE8B5606B43DCD3E
:1002E0002172DA93F646FD017514F7460A0100748F
:1002F0000D80C9018B5606B80143CD2172BFF64669
:10030000FC40753D8B5606B80043CD218BC132C9E8
:100310002501007402B110F746080800740380C973
:10032000203B1E0D2C720AB43ECD21B80018E9C73F
:10033000FE0A4EFC80C901888F0F2C8BC38BE55DB4
:10034000CB32C9EBDCA1022CF7D023C133C9A88082
:10035000750380C901C3558BEC83EC028B5E063BB1
:100360001E0D2C7206F9B80009EB6833C08B4E0ADB
:10037000E361F6870F2C02755A813E562CD6D6754E
:1003800004FF16582C8B4E0A8B5608B43FCD2173B0
:1003900004B409EB3EF6870F2C80743780A70F2C2E
:1003A000FB5657FC8BF28BFA8BC8E325B40D803CCF
:1003B0000A7505808F0F2C04AC3AC474193C1A7569
:1003C00007808F0F2C02EB05880547E2EB8BC72BCC
:1003D000C25F5EE90F0E83F9017407803C0A74EB7B
:1003E000EBE6F6870F2C407418B80044CD21F7C215
:1003F000200075098D56FFB43FCD2172D4B00AEBB1
:02000002D740E5
:100000002CC646FF008D56FFB43FCD2172C30BC0F6
:100010007419837E0A01741FB9FFFF8BD1B80142A6
:10002000CD21B90100807EFF0A7407B00D8B560800
:10003000EB968B5608EB94807EFF0A75DBEBBE00D7
:10004000558BEC83EC088B5E063B1E0D2C7207B8BB
:100050000009F9E98F0D813E562CD6D67504FF169E
:10006000582CF6870F2C20740BB8024233C98BD161
:10007000CD2172DFF6870F2C8074708B56081E0717
:1000800033C08946FE8946FCFC57568BFA8BF289B1
:1000900066F88B4E0AE33AB00AF2AE754C9A000548
:1000A00008D73DA800764683EC028BDCBA00023DFF
:1000B00028027303BA80002BE28BD48BFA16078BCD
:1000C0004E0AAC3C0A740C3BFB7419AAE2F4E82318
:1000D00000EB6BB00D3BFB7503E81800AAB00AFFFC
:1000E00046FCEBE3E80D00EBE25E5FEB5FB8FCFF84
:1000F0000EE8AAFB5053518BCF2BCAE312518B5EF3
:1001000006B440CD2159720D0146FE3BC877065911
:100110005B588BFAC39F83C408837EFE00751F9EC5
:100120007304B409EB1EF6870F2C40740B8B5E082A
:10013000803F1A7503F8EB0CF9B8001CEB068B46F0
:10014000FE2B46FC8B66F85E5FE9990C8B4E0A0B22
:10015000C975058BC1E98D0C8B5608B440CD217350
:1001600004B409EBE40BC075E0F6870F2C40740A69
:100170008BDA803F1A7503F8EBCFF9B8001CEBC996
:10018000595AA1DA283BC473072BC4F7D85251CB74
:1001900033C0EBF9558BEC56C476068CC1E30526CB
:1001A000804CFE015E5DCB558BEC56578B4E068323
:1001B000F9E877691EA1D62B0BC07448BFFC1F8BD2
:1001C00036DE2BC51ED82B1E5657FFD75F5E732B0E
:1001D0008CDAC55F0C3BD675EF581F1EC436D82B82
:1001E000268B7412C51ED42B8CDA3BD075D91F1EFA
:1001F00081FF7820740EBF7820EBC45E81FFFC1F66
:10020000740FEB0A0706BFD42BE8EA1B720EE86BEB
:100210001A1F8916DA2B891ED82BEB041F33C099BD
:100220005F5E5DCB558BEC8BD78CD88EC08B7E06FA
:1002300033C0B9FFFFF2AEF7D149918BFA5DCB0025
:10024000E9F71B00E9F31B00558BEC5657B301E9A6
:10025000E61C558BEC565783EC0AC646F6CD8B460A
:10026000068846F73C25740A3C267406C646F8CB39
:10027000EB0CC646FACBC646F944C646F8448C5643
:10028000F48D46F68946F28B7E088B058B5D028BDA
:100290004D048B55068B75088B7D0A55FF5EF25D0C
:1002A000FC578B7E0A8905895D02894D04895506B4
:1002B0008975088F450A720433F6EB090EE8320B94
:1002C000BE01008B0589750C83C40A5F5E8BE55DFA
:1002D000CB00558BEC83EC025756C606602D428B43
:1002E0004606A35E2DBE5A2D8904C7065C2DFF7FEE
:1002F0008D460A50FF76088BC6509A241B08D78378
:10030000C4068BF8FF0E5C2D780E8B1E5A2DFF064F
:100310005A2DC60700EB0D90562BC0509AA6110817
:10032000D783C4048BC75E5F8BE55DCB558BEC83B5
:10033000EC0457568B7606C606682D498936662D1D
:10034000BF622D8935569AA40508D783C402A364D9
:100350002D8D460A50FF7608B8622D509A3C13083E
:10036000D783C4065E5F8BE55DCB558BECB801008F
:10037000502BC05050FF76069AA00008D78BE55D41
:10038000CB90558BEC83EC08568B76060BF67C06EF
:1003900039360D2C7F0CC706002C0900B8FFFF99D9
:1003A000EB61B80100502BC05050569AA00008D7FE
:1003B00083C4088946F88956FA3DFFFF750C3BD087
:1003C00075088946FC8946FEEB33B80200502BC005
:1003D0005050569AA00008D783C4088946FC895615
:1003E000FE3B46F875053B56FA74122BC050FF765B
:1003F000FAFF76F8569AA00008D783C4088B46FC0B
:02000002D780A5
:100000008B56FE5E8BE55DCB558BEC5657B9FF7F6B
:10001000BBE429E8781A5F5E5DCB558BEC56578BB5
:100020004E06EBEC558BEC5657BBE4298B4606E8A5
:10003000A61A8BC8E8EB1A33D28B5E0683C3037211
:100040000980E3FEF7F303C1EB028BC15F5E5DCB7A
:10005000558BEC5657BBE429B8FFFFE87A1A52E8F3
:10006000C01A5A03C25F5E5DCB005657BBE429B885
:10007000FFFFE8631AE8AA1A0BC0741250E855197A
:10008000588B14F6C20174064A03C20502003BC134
:1000900077028BC15F5ECB00595A584024FE8BDC3F
:1000A0002BD872253B1EDA28721F87E38BC436FFDC
:1000B000770836FF770636FF770436FF770236FF7C
:1000C000378BDA8CD2505351CB8BDA33C099EBF5A6
:1000D000558BEC56578B7E068B058B5D028B4D0442
:1000E0008B55068B75088B7D0ACD21578B7E088931
:1000F00005895D02894D048955068975088F450A71
:10010000720433F6EB090EE8E808BE01008B05899E
:10011000750C5F5E8BE55DCB558BEC578B7E061EB9
:10012000078BDF33C0B9FFFFF2AE41F7D98A46082B
:100130008BFBF2AE4F3805740233FF8BC75F8BE544
:100140005DCB558BEC83EC0256571E078B7E083334
:10015000C0B9FFFFF2AEF7D149E33A49894EFE8BB1
:100160007E068BDF33C0B9FFFFF2AEF7D1498BD1EA
:100170002B56FE76258BFB8B7608AC8BFB8BCAF25D
:10018000AE75178BD18BDF8B4EFEE304F3A675E7BC
:100190008D47FFEB078B4606EB0233C05F5E8BE5B6
:1001A0005DCB558BEC33C08B4E0AE3188BDF8CD8BC
:1001B0008EC08B7E068A4608F2AEB8000075038DAD
:1001C00045FF8BFB5DCB558BEC8BD78BDE8CD88EB4
:1001D000C08B76088B7E068BC78B4E0AE32A3BFECC
:1001E00076168BC603C13BF8730E8BC703F103F978
:1001F0004E4FFDF3A4FCEB108BC7A8017402A44979
:10020000D1E9F3A513C9F3A48BF38BFA5DCB558B1E
:10021000EC8BD78BDE8CD88EC08B76068B7E08332A
:10022000C08B4E0AE309F3A674051BC01DFFFF8BAC
:10023000F38BFA5DCB00558BEC8BD78BDE8CD88E95
:10024000C08B76088B7E068BC78B4E0AE30EA80107
:100250007402A449D1E9F3A513C9F3A48BF38BFA73
:100260005DCB558BEC8BD78CD88EC08B7E068BDF0D
:100270008B4E0AE3158A46088AE0F7C7010074022C
:10028000AA49D1E9F3AB13C9F3AA8BFA935DCB006A
:10029000558BEC8B5606B80043CD21720FF64608FD
:1002A000027409F6C1017404B8000DF9E9210700D0
:1002B000558BEC8B5606B441CD21E9130700558BC5
:1002C000EC57565333FF8B46080BC07D11478B56B6
:1002D00006F7D8F7DA1D00008946088956068B46CE
:1002E0000C0BC07D11478B560AF7D8F7DA1D0000BA
:1002F00089460C89560A0BC075158B4E0A8B460829
:1003000033D2F7F18BD88B4606F7F18BD3EB388BD2
:10031000D88B4E0A8B56088B4606D1EBD1D9D1EA41
:10032000D1D80BDB75F4F7F18BF0F7660C918B46A7
:100330000AF7E603D1720C3B5608770772063B4674
:100340000676014E33D2964F7507F7DAF7D883DA7F
:10035000005B5E5F5DCA0800558BEC8B46088B4ED8
:100360000C0BC88B4E0A75098B4606F7E15DCA086F
:100370000053F7E18BD88B4606F7660C03D88B4603
:1003800006F7E103D35B5DCA0800558BEC53573386
:10039000FF8B46080BC07D11478B5606F7D8F7DA5E
:1003A0001D00008946088956068B460C0BC07D103F
:1003B0008B560AF7D8F7DA1D000089460C89560AD1
:1003C0000BC075188B4E0A8B460833D2F7F18B465B
:1003D00006F7F18BC233D24F7943EB488BD88B4E63
:1003E0000A8B56088B4606D1EBD1D9D1EAD1D80B6E
:1003F000DB75F4F7F18BC8F7660C91F7660A03D149
:02000002D7C065
:10000000720C3B56087707720B3B460676062B466A
:100010000A1B560C2B46061B56084F7907F7DAF7D2
:10002000D883DA005F5B5DCA0800558BEC33C08B68
:100030004E0EE34F1E5756C57606C47E0A8BC14846
:100040008BD7F7D22BC21BDB23C303C28BD6F7D2CD
:100050002BC21BDB23C303C240912BC1F3A6751B2C
:1000600091E31D0BF675078CD80500108ED80BFF99
:1000700075CB8CC00500108EC0EBC21BC01DFFFFEE
:100080005E5F1F5DCB00558BEC8B4E0E1E5756E30B
:1000900048C5760AC47E068BC1488BD7F7D22BC2DF
:1000A0001BDB23C303C28BD6F7D22BC21BDB23C3BC
:1000B00003C240912BC1D1E9F3A513C9F3A491E385
:1000C000180BF675078CD80500108ED80BFF75C776
:1000D0008CC00500108EC0EBBE8B46068B56085EAA
:1000E0005F1F5DCB558BEC8BD7C47E0633C0B9FF49
:1000F000FFF2AEF7D149918BFA5DCB00558BEC8BBB
:100100004E0CE33857C47E068BD7F7DA740C2BD12C
:100110001BDB23D303D187D12BD18B460A8AE0D1B5
:10012000E9F3AB13C9F3AA87D1E3108CC381C300F1
:10013000108EC3D1E9F3AB13C9F3AA5F8B46068BCC
:1001400056085DCB558BEC83EC2056571EC5760ABE
:100150008CD08EC0B9100033C08D7EE0F3ABAC0AFA
:10016000C074148BF88BC8B00180E107D2E0B103F2
:10017000D3EF0843E0EBE7C57606BBFFFF43AC25B2
:10018000FF0074148BF88BC8B00180E107D2E0B196
:1001900003D3EF2243E074E5931F5F5E8BE55DCBF5
:1001A000558BEC83EC2056571EC5760A8CD08EC03A
:1001B000B9100033C08D7EE0F3ABAC0AC074148B71
:1001C000F88BC8B00180E107D2E0B103D3EF084358
:1001D000E0EBE7C57606BBFFFF43AC25FF007414D8
:1001E0008BF88BC8B00180E107D2E0B103D3EF22D6
:1001F00043E075E5931F5F5E8BE55DCBB430CD21A9
:100200003C02730533C00650CB165FBE6035D1EE9D
:10021000D1EED1EED1EE2BFE8B3602002BF781FE14
:1002200000107203BE0010FA8ED781C45E35FB73D6
:1002300012161F0EE8050133C0500EE85B03B8FF2D
:100240004CCD218BC6B104D3E04836A3E229BBE4F0
:1002500029368C1783E4FE36896704B8FEFF5036D2
:1002600089670AF7D0503689670636896708368964
:1002700026DE2903F7893602008CC32BDEF7DBB4B8
:100280004ACD21368C1E062C1607FCBF5A2DB960AC
:10029000352BCF33C0F3AA161F8C1E2B2C8B0E646C
:1002A0002CE302FFD19A701008D79ADE0E08D7B05F
:1002B000E6B435CD218C06FC29891EFE29B0E7B4B1
:1002C00035CD218C06002A891E022A33ED9A182387
:1002D00008D7161FFF36272CFF36252CFF36232C78
:1002E0009A00004FC1501E1E8B16FE29A1FC298EBC
:1002F000D8B0E6B425CD211F8B16022AA1002A8E84
:10030000D8B0E7B425CD211F0EE85115C3161FB88C
:10031000030036C706E029DD23500EE81E000EE874
:10032000770236813E562CD6D67507585036FF16C2
:100330005A2CB8FF00500EFF16E02900558BECB880
:10034000FC00500EE85202833E062A007404FF1E91
:10035000042AB8FF00500EE83F028BE55DCB8F0604
:10036000082A8F060A2AB430CD21A3082CBA01002E
:100370003C0274298E06062C268E062C008C062B39
:100380002C33C099B9008033FFF2AEAE75FB4747FE
:10039000893E292CB9FFFFF2AEF7D18BD1BF010006
:1003A000BE81008E1E062CAC3C2074FB3C0974F709
:1003B0003C0D746F0AC0746B474EAC3C2074E83C33
:1003C0000974E43C0D745C0AC074583C2274243CEB
:1003D0005C740342EBE433C941AC3C5C74FA3C22EC
:1003E000740403D1EBD38BC1D1E913D1A80175CA31
:1003F000EB014EAC3C0D742B0AC074273C2274BA3E
:02000002D80024
:100000003C5C740342EBEC33C941AC3C5C74FA3C9D
:1000100022740403D1EBDB8BC1D1E913D1A80175A4
:10002000D2EB97161F893E232C03D747D1E703D77E
:100030004280E2FE2BE28BC4A3252C8BD803FB1657
:100040000736893F4343C536292CACAA0AC075FA46
:10005000368E1E062CBE8100EB0333C0AAAC3C20BA
:1000600074FB3C0974F73C0D747C0AC074783689C3
:100070003F43434EAC3C2074E13C0974DD3C0D74BD
:10008000620AC0745E3C2274273C5C7403AAEBE4F1
:1000900033C941AC3C5C74FA3C227406B05CF3AAF0
:1000A000EBD1B05CD1E9F3AA7306B022AAEBC54E3E
:1000B000AC3C0D742E0AC0742A3C2274B73C5C74AC
:1000C00003AAEBEC33C941AC3C5C74FA3C227406E5
:1000D000B05CF3AAEBD9B05CD1E9F3AA7396B02275
:1000E000AAEBCD33C0AA161FC7070000FF2E082AAF
:1000F000558BEC1E8E06062C268B1E2C008EC333D1
:10010000C033F633FFB9FFFF0BDB740E26803E00D1
:1001100000007406F2AE46AE75FA8BC74024FE4668
:100120008BFED1E6B90900E82014508BC6E81A14FA
:10013000A3272C061E071F8BCF8BD833F65F49E30E
:10014000268B04363B06E42B7510515657BFE42B23
:10015000B90600F3A75F5E59740526893F4343AC97
:10016000AA0AC075FAE2DA26890F1F5DCB00558B0B
:10017000EC56571E078B5606BE802CAD3BC2741042
:100180004096740C9733C0B9FFFFF2AE8BF7EBEBE0
:10019000965F5E8BE55DCA0200558BEC57FF7606D5
:1001A0000EE8CAFF0BC07420928BFA33C0B9FFFF70
:1001B000F2AEF7D149BB0200813E562CD6D675046B
:1001C000FF16582CB440CD215F8BE55DCA020000BC
:1001D000721533C08BE55DCB73F850E81A005832C6
:1001E000E48BE55DCB7307E80E00B8FFFF998BE564
:1001F0005DCB32E4E80100CBA20B2C0AE47522802F
:100200003E082C03720C3C22730C3C207204B00597
:10021000EB063C137602B013BB0C2AD798A3002C34
:10022000C38AC4EBF700558BEC56578B76088A448B
:1002300006A8827469A8407565C744020000A80139
:10024000740BA81074588B4C04890C24FE0C0224E7
:10025000EF8844068BFE81EF202A81C7C02A33DB5A
:100260008A5C07A808754DA804751EF6050175443B
:1002700081FE282A740C81FE302A740681FE402AF1
:100280007525F6870F2C40741EB90100518D7E062E
:1002900057530EE8AAF183C406B90100EB3FB8FF3B
:1002A000FF804C0620EB5E5356E85A135B5BF64426
:1002B000060874D58B0C8B54042BCA4289148B55B9
:1002C000024A895402E3215151FF7404530EE86F2E
:1002D000F183C406598B7C048B560688153BC17587
:1002E000BD33C08A4606EB1D33C0F6870F2C207441
:1002F000E4B90200515050530EE824EE83C4083391
:10030000C08BC8EBD05F5E5DCB00558BEC56578B36
:100310007604BB622B81FE282A7412BB642B81FEFB
:10032000302A7409BB662B81FE402A754A8BFE81F8
:10033000EF202A81C7C02AF644060C753AF605015B
:1003400075358B070BC0741B8944048904C74402AC
:100350000002C745020002804C0602C60511B80122
:1003600000EB1653B80002509AF22608D75B5B0BDD
:10037000C074048907EBD133C05F5E5DC3558BEC5D
:1003800056578B76068BFE81EF202A81C7C02AF64E
:100390000510742433DB8A5C07F6870F2C40741831
:1003A000560EE8A51258837E0400740C33C08805ED
:1003B00089450289048944045F5E5DC3558BECB8AE
:1003C000AE019A1E0008D75756C646BA002BC08900
:1003D00046EA8946C88B5E08803F007503E910072E
:1003E0008A1F2AFFF687DD28087425FF4EEA8D460E
:1003F000EA50FF7606E87A0750FF7606E85907FFCD
:02000002D840E4
:1000000046088B5E088A1F2AFFF687DD280875EFF1
:100010008B5E08803F257403E9B106C646C2002AFC
:10002000C08846C08846B88846F48846F88846F0B6
:10003000888654FE2BC08946EC8946BC8946FE89D9
:1000400046C68946C4EB6390FF46088B5E088A0764
:100050002AE48BF8F685DD2804741BFF46BC8B462A
:10006000FE8BC8D1E0D1E003C1D1E003C72D300041
:100070008946FEEB35903D6C00741877293C4C7432
:100080000F7F1B2C2A74112C1C751BFE46C0EB1A0B
:10009000FE46F8FE46F8EB12FE46F0EB0D902C4EB5
:1000A00074082C1A7404FE8654FE80BE54FE00743C
:1000B00097807EF000752A807EC00074158B5E0AE2
:1000C00083460A048B078B57028946FA8956FCEB54
:1000D00010908B5E0A83460A028B078946FA8C5E73
:1000E000FCC68654FE008B5E088A070C202AE48B2F
:1000F000F883FF6E742183FF63741183FF7B740C9C
:100100008D46EA50FF7606E86806EB09FF46EAFFEF
:100110007606E817068BF0837EBC007409837EFEAA
:10012000007503E933058BC7E9570590837EBC0052
:100130007506FF46BCFF46FEC746BE6E2BEB1D9004
:10014000C746BE682BEB1590FF46088B5E08895E9C
:10015000BE803F5E75098D47018946BEFE4EB8B828
:100160002000502BC0508D46CA509AE20908D78310
:10017000C40683FF7B7403E9AC008B5EBE803F5DE9
:100180007403E9A100C646C25DFF46BEC646D5203F
:10019000E99300908A078846F6FF46BE3C2D750E0F
:1001A000807EC20074088B5EBE803F5D75228A5ED1
:1001B000F6885EC2B0018ACB80E1078BD18ACAD2B1
:1001C000E0B103D2EB2AFF8D4ECA03D90807EB56E4
:1001D000FF46BE8A078846F63A46C276058846F24A
:1001E000EB0C8A46C28846F28A46F68846C28A46A0
:1001F000C28846F6EB208A5EF6B0018ACB80E10722
:100200008BD18ACAD2E0B103D2EB2AFF8D4ECA034A
:10021000D90807FE46F68A46F2988A4EF62AED3B42
:10022000C17DD3886EC28B5EBE803F5D7403E9637F
:10023000FF803F007503E9B70483FF7B75058BC31F
:100240008946088B46FA8B56FC898656FE89965855
:10025000FE837EBC00740A8B46FEFF4EFE0BC0740C
:100260004B83FEFF74468BDEB103D3FB8D46CA037E
:10027000D88A073246B898BA01008BCE8BD980E174
:1002800007D3E285C27425807EF000750D8BC6C44D
:100290005EFAFF46FA268807EB04FF8656FEFF4605
:1002A000EAFF7606E885048BF0EBA690FF4EEA564F
:1002B000FF7606E8A2048B46FA8B56FC398656FE7A
:1002C0007509399658FE7503E92504807EF000749F
:1002D00003E9F003FF46C883FF637503E9E5038E76
:1002E000C28BD826C60700E9DA03BF640083FE2D5F
:1002F0007506FE46F4EB069083FE2B751CFF4EFE42
:10030000750C837EBC007406FE8654FEEB0BFF4624
:10031000EAFF7606E815048BF083FE307403E945A6
:1003200001FF46EAFF7606E802048BF03C7874048D
:100330003C587512FF46EAFF7606E8EF038BF0BFE4
:100340007800E9210190FF46EC83FF787406BF6FC7
:1003500000E91201FF4EEA56FF7606E8FA03BE30C6
:1003600000E90201807EF8007403BF460083FE2D81
:100370007506FE46F4EB099083FE2B7403E9E60054
:10038000FF4EFE7403E99500837EBC007503E98C83
:1003900000FE8654FEE9CE0083FF78740D83FF7063
:1003A000740883FF467403E98000F684DD288074B6
:1003B00015B004508D46C4509AF82708D756E84D1A
:1003C000038BF0EB369083FF46752C837EEC007434
:1003D0002683FE3A751C8B46C48946EE2BC089469F
:1003E000C68946C4C746ECFFFFBF7000BE3000EBB5
:1003F0000A90C746EC0000FE8654FE80BE54FE0004
:02000002D880A4
:10000000755AFF46EC8D44D0990146C41156C683FB
:100010007EBC007408FF4EFE7503E974FFFF46EADC
:10002000FF7606E806038BF0EB3CF684DD280474CB
:10003000C683FF6F751483FE387DBCB003508D46B8
:10004000C4509AF82708D7EBB290B80A00995250DA
:100050008D46C4509AD82708D7EBA090FF4EEA5699
:10006000FF7606E8F20280BE54FE007503E928FF21
:1000700083FF70750F807EF80074098B46EE8B4EFF
:10008000C48946C6807EF400740AF75EC48356C6EF
:1000900000F75EC683FF467505C746EC0000837E09
:1000A000EC007503E94902807EF0007403E9140254
:1000B000FF46C8807EF80074138B46C48B56C6C4B6
:1000C0005EFA26890726895702E9F8018B46C4C4DF
:1000D0005EFA268907E9EC018B46EA998946C489CC
:1000E00056C6EBCF8D865AFE8946BE83FE2D750E11
:1000F000C6865AFE2D8D865BFE8946BEEB0583FEC5
:100100002B750EFF4EFEFF46EAFF7606E81D028BBA
:10011000F0837EBC007407817EFE5D017E2AC746A7
:10012000FE5D01EB23908B46FEFF4EFE0BC0741F5D
:10013000FF46EC8BC68B5EBEFF46BE8807FF46EAD5
:10014000FF7606E8E6018BF0F684DD280475D78398
:10015000FE2E753F8B46FEFF4EFE0BC074358B5E48
:10016000BEFF46BEC6072EEB18908B46FEFF4EFE26
:100170000BC0741FFF46EC8BC68B5EBEFF46BE886D
:1001800007FF46EAFF7606E8A2018BF0F684DD2839
:100190000475D7837EEC0074768BC63C6574043C92
:1001A00045756C8B46FEFF4EFE0BC074628B5EBEC7
:1001B000FF46BEC60765FF46EAFF7606E86D018B7F
:1001C000F083FE2D750C8B5EBEFF46BEC6072DEB81
:1001D000069083FE2B75318B46FEFF4EFE0BC075DD
:1001E0001CFF46FEEB228B46FEFF4EFE0BC0741F2B
:1001F000FF46EC8BC68B5EBEFF46BE8807FF46EA15
:10020000FF7606E826018BF0F684DD280475D7FF1B
:100210004EEA56FF7606E83F01837EEC007503E95F
:10022000CE00807EF0007403E99900FF46C88B5E23
:10023000BEC607008D865AFE50FF76FCFF76FA8A0E
:1002400046F89850FF1E402C83C408EB77908B5ED5
:10025000088A072AE43BC6740DFF4EEA56FF76066D
:10026000E8F500E98A00FE4EBA807EF00075558000
:100270007EC0007407836E0A04EB4990836E0A0205
:10028000EB422D63003D180077C4D1E0932EFFA709
:10029000121AAC14ED16641864186418CE196A1694
:1002A000CE19CE19CE19CE195818ED16E416CE195E
:1002B000CE19C014CE19ED16CE19CE196D16CE1961
:1002C000CE19C814FE46BAFF4608EB1CFF46EAFFEB
:1002D0007606E857008BF08B5E08FF46088A072AEF
:1002E000E43BF07403E971FF83FEFF7403E9E5F872
:1002F00083FEFF750C837EC8007506807EBA00748D
:10030000058B46C8EB028BC65E5F8BE55DCB558BDC
:10031000EC8B5E04F687DD280474058BC3EB089034
:100320008BC324DF2D07005DC2020090558BEC8348
:10033000EC02568B7604FF4C02780D8B04FF048B85
:10034000D88A072AE4EB0A90569AF02408D783C487
:10035000025E8BE55DC20200558BEC837E06FF7466
:100360000BFF7604FF76069A922608D78BE55DC2CE
:100370000400558BEC57568B7606FF04FF7604E895
:10038000AAFF8BF8F685DD280875EF5E5F8BE55DCB
:10039000C20400907B1B861B9A1BCE1BFA1B021CFF
:1003A0002B1C5D1C558BECB871010EE8F0E4565720
:1003B00033C08946F88846FB8B7608AC8976088876
:1003C00046FE0AC07406837EF8007D068B46F8E977
:1003D000A304BB702B2C203C587705D7240FEB02CD
:1003E000B000B103D2E00246FBD7FEC1D2E8884696
:1003F000FB988BD8D1E32EFFA7141B8A56FEB901B8
:02000002D8C064
:1000000000E82404EBB233C08946F08946F68946FD
:10001000EE8946FC488946F4EB9E8A46FE3C2D75E7
:1000200006804EFC04EB913C2B7506804EFC01EBE8
:10003000873C207507804EFC02E97CFF3C23750756
:10004000804EFC80E971FF804EFC08E96AFF8A4E11
:10005000FE80F92A750FE856030BC07917F7D88090
:100060004EFC04EB0F80E93032ED8B46F6BB0A0004
:10007000F7E303C18946F6E93EFFC746F40000E90D
:1000800036FF8A4EFE80F92A750CE822030BC079F0
:1000900014B8FFFFEB0F80E93032ED8B46F4BB0A5A
:1000A00000F7E303C18946F4E90DFF8A46FE3C6C84
:1000B0007506804EFC10EB223C467506804EFC20F7
:1000C000EB183C4E7506804EFD10EB0E3C4C750651
:1000D000804EFD04EB04804EFD08E9DBFE8A46FEFF
:1000E0003C647503E98E013C697503E987013C7541
:1000F0007503E984013C587503E983013C78750375
:10010000E982013C6F7503E99C013C63741A3C73FE
:1001100074273C6E74513C7074603C4574073C47D6
:100120007403E9BB00E9B500E884028DBE8FFE16BA
:1001300007AA4FB90100E9EB01E887020BFF75122E
:100140008CC00BC0750C1E07BFC92B8B0ECF2BE9C3
:10015000D201578B4EF4E30732C0F2AE75014F590E
:100160002BF987CFE9BD01E859028B46F8ABF6467B
:10017000FC10740333C0ABE93EFEF646FC30750557
:10018000E82C02EB39E82F02F646FD187530C6461A
:10019000FF07B9100016075233D28DBE97FEBE047A
:1001A00000E8A002B910008DBE92FE5833D2BE0402
:1001B00000E89002C68693FE3AB90900EB18C646DD
:1001C000FF07B91000160733D28DBE92FEBE0400A1
:1001D000E87102B904008DBE8FFEE94701FF46EECB
:1001E000804EFC408A46FE0C20988BF0837EF40003
:1001F0007F137407C746F40600EB0A3D67007505D8
:10020000C746F401008DBE8FFEFF76EEFF76F456F2
:1002100057FF760AF646FD04740AFF1E4C2C8346EF
:100220000A0AEB08FF1E382C83460A0883C40AF624
:1002300046FC80740E837EF400750857FF1E442C24
:1002400083C40283FE67750FF746FC80007508576C
:10025000FF1E3C2C83C402160726803D2D750547E2
:10026000804EFD01B9FFFF57B000F2AE4F592BF998
:1002700087CFE9AF00804EFC40C646FA0AEB35C690
:1002800046FF07EB04C646FF27F646FC807411C7FD
:1002900046F00200C646F230B2510256FF8856F3CD
:1002A000C646FA10EB0EF646FC807404804EFD0242
:1002B000C646FA08F646FC107405E8FA00EB0EE8AC
:1002C000ED00F646FC40740399EB0233D2F646FC8F
:1002D00040740F0BD27D0B804EFD01F7D883D20006
:1002E000F7DA837EF4007D07C746F40100EB048053
:1002F00066FCF78BD80BDA7505C746F000008D7EDB
:10030000EB16078A4EFA32ED8B76F4E83601F646A4
:10031000FD02740EE30626803D3074064F26C605A6
:100320003041EB00F646FC407431F646FD01740B9B
:10033000C646F22DC746F00100EB20F646FC0174DC
:100340000BC646F22BC746F00100EB0FF646FC0247
:100350007409C646F220C746F001008B46F62BC151
:100360002B46F07D0233C0065751F646FC0C75074C
:100370008BC8B220E8B1005016078D7EF28B4EF08C
:10038000E8870058F646FC08740DF646FC0475072D
:100390008BC8B230E89100595F0750E86C0058F6FE
:1003A00046FC0474078BC8B220E87C00E909FC8B8A
:1003B000760AAD89760AC38B760AAD8BD0AD928969
:1003C000760AC3F646FC207408E8EBFF8EC28BF871
:1003D000C3E8DBFF8BF80BC075038EC0C31E07C3D9
:1003E00098578B5E06FF4F02780A8B3FFF07880500
:1003F00033C05FC306515253500EE829F283C40440
:02000002D90023
:100000005A59073DFFFF75E8EBE8E31B8BF7014EFC
:10001000F85733FF26ACE8C7FF0BF8E2F70BFF5F9A
:100020007405C746F8FFFFC3E319014EF85733FFC5
:100030008AC2E8ABFF0BF8E2F70BFF5F7405C74617
:10004000F8FFFFC3FD57930BF67F0A0BDB75060B1A
:10005000D27502EB1A9233D2F7F193F7F19287D36C
:1000600004303C3976030246FFAA8BC24EEBD859C6
:100070002BCF47FCC35F5E8BE55DCB004180E1FE8B
:1000800053FC8B77088B5F0A33FFEB238BC35BA892
:10009000017542538B77068B5F083BDE74364B331A
:1000A000FFEB0C908D54FE3BD373E103F07223AD54
:1000B000A80174F08BFE483BC1732303F072138BCD
:1000C000D0ADA80174DE03C20502008BF78944FE9F
:1000D000EBE48BC05B8B4706894708F9EB195B891A
:1000E0004CFE740903F92BC14889052BF903F989E2
:1000F0007F088BC68CDAF8C35157F6470201746348
:10010000E8D2008BFE8B04A80174032BC84941413F
:100110008B77040BF6744C03CE730933C0BAF0FF2F
:10012000E330EB3F160726A1E22B3D00207416BA00
:1001300000803BD07206D1EA75F8EB2283FA087290
:100140001DD1E28BC2488BD003C1730233C0F7D2FA
:1001500023C252E82E005A730D83FAF07405B810CA
:1001600000EBE2F9EB1B8BD02B5704894704897F06
:10017000088B770A4A89144203F2C704FEFF897785
:100180000A5F59C38BD0F6470204740F4A8B770479
:100190004E3BD672053957FE73364253518CDE8E74
:1001A000C6B104D3E87503B80010F6470204740A18
:1001B00003C68B1E062C2BC38EC38BD8B44ACD210D
:1001C000595B72108BC2F647020474044A8957FEC9
:1001D000F8EB01F9C3578B77083B770A75038B77E8
:1001E00006AD3DFEFF74088BFE24FE03F0EBF24FDC
:1001F0004F8BF75FC3008BD183C22780E2F08BDA8D
:10020000F7DBF7DBF5D1DBD1EBD1EBD1EBB448CDAC
:100210002172263B06FA2976F43B06F8297603A3D9
:10022000F8298ED833DB268B450C8947028BC2E830
:100230004605E87705F8EB01F9C3558BEC57568B6B
:10024000760633C09933DBAC3C2074FB3C0974F771
:10025000503C2D74043C2B7501AC3C39771F2C307D
:10026000721BD1E3D1D28BCB8BFAD1E3D1D2D1E3C4
:10027000D1D203D913D703D883D200EBDC583C2D5D
:10028000937507F7D883D200F7DA5E5F5DCBE8514C
:10029000053DFEFF7540FC1E078B57044A8B770611
:1002A000EB0803F072243BF27720AD3DFEFF741F94
:1002B000A80174EE4881F9FF7F74E75051D1E891AD
:1002C0008AE08BFEF3AB5958EBD8B8FCFFEB074E36
:1002D0004E3B770A75F4C3005350B9FEFFE89CFD0E
:1002E0008B77065BFC33C933D233FF83FBFF740F7C
:1002F00083C30380E3FEEB073DFEFF742103F0ADF3
:10030000A80174F44803D03BC172028BC883FBFF81
:1003100074E6505233D2F7F303F85A58EBDA8BC72E
:100320005BC38B47FE2D02008B57044A3BC2760409
:100330002BC2EB0233C0C3008B4E0C8B46068B5690
:10034000088B7E0A571E07FC930AC0741383F90AB0
:10035000750E0BD2790AB02DAAF7DB83D200F7DA3B
:100360008BF79233D20BC07402F7F193F7F19287B7
:10037000D304303C3976020427AA8BC20BC375E242
:1003800088054FAC86058844FF8D44013BC772F257
:10039000585F5E8BE55DCB00B80035CD21891EF23C
:1003A0002B8C06F42B0E1FB80025BA8D0ECD21160E
:1003B0001F8B0E6A2CE32E8E06062C268B362C0005
:1003C000C5066C2C8CDA33DB36FF1E682C730516E1
:1003D0001FE94C0136C506702C8CDABB030036FFD2
:1003E0001E682C161F8E06062C268B0E2C00E33E54
:1003F0008EC133FF26803D007434B90D00BEE42B5E
:02000002D940E3
:10000000F3A6740BB9FF7F33C0F2AE7521EBE506A2
:100010001E071F8BF7BF0F2CB104AC2C41720DD201
:10002000E092AC2C4172050AC2AAEBEE161FBB048B
:100030000080A70F2CBFB80044CD21720AF6C28001
:100040007405808F0F2C404B79E7BE742CBF742C45
:10005000E8BA00BE742CBF742CE8B100CB558BEC11
:1000600033C9EB1A558BECB90100EB12558BEC56EA
:1000700057B90001EB08558BEC5657B90101510AED
:10008000C9751EBE6A2DBF6A2DE88100BE742CBFE3
:10009000782CE87800813E562CD6D67504FF165C85
:1000A0002CBE782CBF782CE86300BE782CBF782C4F
:1000B000E85A009AA62408D70BC07411580AE450D5
:1000C000750B837E06007505C74606FF00E8100025
:1000D000580AE475078B4606B44CCD215F5E5DCBB4
:1000E0008B0E6A2CE307BB0200FF1E682C1EC51690
:1000F000F22BB80025CD211F803E302C00740D1E40
:10010000A0312CC516322CB425CD211FC33BF7736B
:100110000E83EF048B050B450274F2FF1DEBEEC35B
:10012000B80200E9F3E95633F6B9420032E4FCAC18
:1001300032E0E2FB80F455740F0EE8FFE9B80100ED
:10014000500EE854ECB801005ECB530651B90004E0
:10015000870EE22B51509AF22608D75B8F06E22BCE
:10016000598CDA0BC07403075BC38BC1E9AAE900A1
:10017000558BEC56578B76068A4406A8837459A88B
:10018000407555A80275420C018844068BFE81EF2C
:10019000202A81C7C02AA80C750AF60501750556E4
:1001A000E86300588B44048904FF75025033DB8AEE
:1001B0005C07530EE89FDD83C4060BC074113DFF3E
:1001C000FF751A804C0620EB0A804C0620EB098054
:1001D0004C0610C744020000B8FFFFEB248ABF0F93
:1001E0002C80E78280FF82750B8A7C06F6C78275B9
:1001F00003800D20488944028B1C33C08A07438941
:100200001C5F5E5DCB00558BEC568B7604B800020C
:10021000509AF22608D7598BDE81EB202A81C3C081
:100220002A0BC0740B804C0608C747020002EB0C77
:10023000804C0604C7470201008D470189048944A8
:1002400004C7440200005E5DC300558BEC83EC02E2
:1002500057562BFF397E0675092BC050E86700EB17
:1002600057908B76068A44068BC824033C02753C63
:10027000F6C108750D8BDE81EB202AF687C02A01B6
:10028000742A8B042B44048946FE0BC07E1E50FF4B
:1002900074048A4C072AED519AC00308D783C40618
:1002A0003946FE7407804C0620BFFFFF8B4404894B
:1002B00004C7440200008BC75E5F8BE55DCBB801CD
:1002C0000050E80100CB558BEC83EC025756BE2062
:1002D0002A2BFF897EFEEB08C746FEFFFF83C60878
:1002E0003936602B7216F644068374F1569ACA2585
:1002F00008D783C4024074E047EBE290837E040198
:1003000075048BC7EB038B46FE5E5F8BE55DC20217
:100310000090558BEC57568B76068B7E0883FEFF3C
:100320007412F64506017512F64506807406F64508
:1003300006027406B8FFFFEB3290837D0400750758
:1003400057E8C2FE83C4028B053945047508837DD6
:10035000020075E0FF05FF45028BC6FF0D8B1D886F
:1003600007806506EF804D06012AE45E5F8BE55D40
:10037000CB90EA372808D70006578BF803FB897F14
:10038000044F4F2D16008D7714C705FEFF897F0A95
:100390004889048C1F8BC68CDA8EC28D7F06FCAB1D
:1003A000AB474733C0ABABABAB5F07C3268B450254
:1003B0000BC07509268C5D0226891DEB140626C428
:1003C0007508268C5C0E26895C0C8C471289771088
:1003D00007268C5D0A26895D08268C5D0626895DC8
:1003E00004C351FC1E078B470A0BC074298CD83BF1
:1003F0000775338B770A813CFEFF752A8B470225F0
:02000002D980A3
:100000000400740D33C08D7F0CB90400AF7517E286
:10001000FBB8FEFFEB138D7F06B90700AF7507E253
:10002000FBB8FFFFEB03B8FDFF59C3518B47020B31
:10003000C074108B47060BC074EC8B470A0BC0755D
:10004000D0EBE306578CD98EC18D3FB90600FCF387
:10005000AF5F0774CCEBCF00558BEC538B5E06FF84
:10006000760AFF7608FF7702FF370EE8EAE2890793
:100070008957025B5DCA0600558BEC538B5E068B7D
:10008000078B57028B4E080EE855008907895702E7
:100090005B5DCA040000558BEC568B5E06BEE429FE
:1000A000395C06730D4B4B800F01395C0876038970
:1000B0005C085E8BE55DCB558BEC56578B4E06830B
:1000C000F9E87712BBE429E8B2F7730FE829F87270
:1000D00005E8A8F7730533C099EB005F5E5DCB00C0
:1000E00032EDE306D1E0D1D2E2FACB00000000000D
:1000F000558BEC1E568B56068B46088ED88A460AC0
:10010000B43DCD218B760C8B560E8EDA72088904A5
:10011000B80000EB0590C70400005E1F5DCB000037
:10012000558BEC8B5E06B43ECD217203B800005DAA
:10013000CB000000000000000000000000000000F4
:10014000558BEC1E568B5E068B56088B460A8ED856
:100150008B4E0CB43FCD218B760E8B56108EDA72FF
:1001600007890433C0EB0590C70400005E1F5DCB18
:10017000558BEC1E568B5E068B56088B460A8ED826
:100180008B4E0CB440CD218B760E8B56108EDA72CE
:1001900007890433C0EB0590C70400005E1F5DCBE8
:1001A000558BEC8B5E06B80044CD218BC25DCB0035
:1001B000558BEC8B5E068B560832F6B80144CD2188
:1001C0005DCB000000000000000000000000000007
:1001D000558BEC1E8B5E068B56088B460A8ED88B91
:1001E0004E0CB80244CD211F5DCB00000000000082
:1001F000558BEC1E8B5E068B56088B460A8ED88B71
:100200004E0CB80344CD211F5DCB00000000000060
:10021000B40FCDA1B403CDA181E1FFDFB401CDA125
:10022000CB00000000000000000000000000000003
:10023000B40FCDA1B403CDA181C90020B401CDA1DB
:10024000B40FCDA1B403CDA1FECAB402CDA1FEC2AC
:10025000B402CDA1CB0000000000000000000000AF
:1002600055B40FCDA153B403CDA15B8BEC57C47E25
:1002700006268835C47E0A2688155F5DCB000000FF
:1002800055B40FCDA18BEC8A76068A5608B402CD00
:10029000A15DCB0000000000000000000000000095
:1002A00055B40FCDA18BEC8A46068A5E088A4E0AA9
:1002B00032EDB409CDA15DCB0000000000000000CC
:1002C000B40FCDA153B403CDA15B33C0F6C52075E7
:1002D0000140CB0000000000000000000000000012
:1002E00055B80183CDA18BD133C98BEC8A7E06B87A
:1002F0000006CDA15DCB0000000000000000000062
:1003000055B40FCDA1B901008BEC8A4606B40ACDD5
:10031000A15DCB0000000000000000000000000014
:1003200055B40FCDA18BEC8A4606B40ECDA15DCBA2
:1003300055B40FCDA18BEC8A76068A56088B4E0AEF
:100340008A5E10C46E0CB80113E302CDA15DCB0030
:10035000558BEC8A4606B480CDA132E45DCB00001B
:10036000558BEC8A4E06B80282CDA15DCB00000011
:1003700055B484CDA18BEC57C47E0626882DC47E4F
:100380000A26880D5F5DCB00000000000000000021
:10039000558BEC8A6E068A4E08B80085CDA15DCBE0
:1003A000558BEC8A4606B486CDA15DCB00000000DB
:1003B00055B40FCDA18BEC578A4E068A6E088A562B
:1003C0000A8A760CC47E0EB48BCDA15F5DCB000093
:1003D000B403CDB1CB00000000000000000000001D
:1003E000558BEC8A4E068A6E08B401CDB15DCB0008
:1003F00055B402CDAA8BEC57C47E0626882DC47E48
:02000002D9C063
:100000000A26880DC47E0E2688355F5DCB00000071
:10001000558BEC8A6E068A4E088A760AB200B403C3
:10002000CDAA5DCB00000000000000000000000031
:10003000558BEC8B4E068A5608B408CDAC5DCB00D0
:1000400055B404CDAA8BEC57C47E06268805C47E21
:100050000A268815C47E0E268835C47E1226880D91
:10006000C47E1626882D5F5DCB00000000000000D6
:10007000558BEC8A46068A56088A760A8A4E0C8A7E
:100080006E0EB405CDAA5DCB00000000000000009C
:10009000B400CDA7CB00000000000000000000006D
:1000A000B401CDA77503B80000CB0000000000002C
:1000B000558BEC8B4E068B5608B80080CDA75DCBD8
:1000C000558BECB80104CDA78B560683FA00740C4F
:1000D00052B80004CDA75AB88004CDA75DCB00006C
:1000E000558BEC8A4606B485CDA75DCB0000000099
:1000F000B486CDA732E4CB00000000000000000071
:100100005657551E06B40FCDB132E4071F5D5F5E32
:10011000CB00000000000000000000000000000014
:100120001E5657CDAF32E45F5E1FCB0000000000CB
:10013000558BECB4838A4606CDA75DCB000000004A
:10014000558BEC8B4E06B48232C0CDA75DCB000040
:10015000558BEC32E4CDAA57C47E062688058BC2A7
:100160008BD15F8BE55DCB0000000000000000003C
:10017000558BEC5152B4018B4E088B5606CDAA5AC2
:10018000598BE55DCB00000000000000000000007E
:10019000558BECB40E8A4606CDB38BE55DCB0000E3
:1001A000FFFF02000002000001000000C800000084
:1001B000C300C600EB0C00EB5400535442494F53AC
:1001C00058549A6D00DAD92E8B1E000083FBFF7401
:1001D0001E2EA102003BD87D1653BE0000D1E32E97
:1001E0008BBF0600D1E72EFF9710005B43EBE2CBFD
:1001F00050530633C08EC026A1DC02268B1EDE02C1
:100200000BC37404F9EB0290F8075B58C353063331
:10021000DB8EC326C706DC028200268C0EDE0207B8
:100220005BCBFB558BEC50535152065657BB00002D
:100230002E8B0E02003BD97D1E2E3AA704007403BC
:1002400043EBF2BE0100D1E32E8BBF0600D1E72EB7
:10025000FF971000EB0290F95F5E075A595B585DFB
:10026000CA0200F8C3002E8B850A002E8B9D0C005D
:100270008946FE895EFCF8C3000000000000000013
:10028000000000000000000000000000000000006E
:10029000EB075343414E4E4552505351525756551A
:1002A0001E0633FF8EDF8E1ECE03268A47023C03D6
:1002B000741C3C0C74383C6574063C667409EB4C49
:1002C000B702E8370DEB45B702E81A0DEB3E891E81
:1002D00016018C06180126C45F0E268A073C10778B
:1002E0002B32E48BF8D1E72EFF959600EB1E891E8A
:1002F00016018C06180126C45F0E268A073C0D776E
:100300000B32E48BF8D1E72EFF95C200071F5D5E2C
:100310005F5A595B58CBE80014091C09E8004409EE
:10032000550966097709300A380AE8006F0A820A17
:10033000C20AFB0A650B820BE800E800E800E8004F
:10034000E800E8006A0C5C0DDA0DE10D040E270EE2
:100350004A0E5D0F640FA40FDD0F47106410E80014
:10036000E800E800E800E800C34E4246534B414134
:100370004220332E30322D30300D0A000D0A00435A
:10038000524320436865636B73756D3A3078000D96
:100390000A4C6162656C2053697A6520203A307896
:1003A000000D0A4C6F6164202053697A6520203A61
:1003B0003078000D0A416C7265616479204C6F6180
:1003C0006465640D0A00B83000BEE900E8FF01BEB4
:1003D000FC00E80F02BEB01583C60FD1EED1EED1FE
:1003E000EED1EE8CD72BFE8EDFFA8ED781C4B015FE
:1003F0008C060200892614018C161201FBFB505159
:02000002DA0022
:10000000525606E88902BEFF00E89302075E5A597D
:100010005833C08EC0BBC00326C41F83EB022681A9
:100020003FFD027406BB3120E98E0183C302891EA5
:1000300006008C060800061E53575651BBC80333F2
:10004000C08EC0268B078BF0268B47028EC0BF1058
:1000500000FA0E1FB90700F3A6FB750F595E5F5B30
:100060001F07BE3301E87C01E95901595E5F5B1F40
:1000700007B80008A32501B83B00A32B018E060298
:1000800000E871011E078BC405030025FEFFA329AC
:100090000103062B0105020025FEFF8BD88CDAB187
:1000A00004D3EB03D38BFA80E6F08CD98B1E2501A9
:1000B00003D88BEBD1EBD1EBD1EBD1EB03CB81E1CF
:1000C00000F03AF5741A2BCFD1E1D1E1D1E1D1E1C1
:1000D00003C18BE8032E25017306BB3220E9D9004A
:1000E000A3230183C502892E04001E078B3623013A
:1000F0008B0E250132E4CDB37306BB3320E9B90082
:100100005056A12B012D0400BE0F01E89101A1253D
:1001100001BE2101E888015E58E8142F32C9BB8A6C
:10012000018A073CFF740E0AC0750343EBF3FEC15E
:1001300083C310EBEC880E6101BA8A018916620153
:100140001EBBC80333C08ED8B8100089078CC8897D
:10015000470258894706C7470400008ED8B435B017
:1001600095CD21891E75018CC0A37701B425B0956A
:100170001E0E1FBA4105CD211FBB1A018CD88EC09F
:1001800026C647026426C747051000268C4F07FF86
:100190001E0600C6063101FFC6062F0104E8FC0159
:1001A000A10400051000B90400D3E88CDA2B160274
:1001B0000003D0B431B000CD21891E8701BA790186
:1001C000B409CD21B400CDA7B44CB000CD2150531B
:1001D000528BD0B40E33DBCDA1B03ACDA1E80400F0
:1001E0005A5B58C3B40E33DB2E8A04460AC074042B
:1001F000CDA1EBF4C3FCBF800033C0268A058BE899
:100200000BED7437477434E83200742F81FA000420
:10021000721081FA0E27770A80E2FE80E6FF8916C7
:100220002501E81700741483FA0A720F83FA6477C1
:100230000A80E2FE80E6FF89162B01C326803D205E
:10024000754A474D744633D2B90400BB5604268A1A
:10025000053C4677372C3072332ED73C0F772D0A6A
:10026000D0474D7424B90300268A053C46771A2CE2
:100270003072162ED73C0F7710D1E2D1E2D1E2D105
:10028000E20AD0474D7402E2DF0CFFC333D2C3B49D
:1002900001B9DC6033D20E0733F6CDAE8BC2C3504A
:1002A000E841FF58E80100C351505050B10CE81428
:1002B0000058B108E80E0058B104E8080058B10031
:1002C000E8020059C3D3E8240F04303C3976020415
:1002D00007B40ECDA1C300010203040506070809F7
:1002E000FFFFFFFFFFFFFF0A0B0C0D0E0F009CFA34
:1002F000F6063001FF7542F6063201FF743B8A2E86
:100300004D018B2E4F01B602F6064801FF740380A3
:10031000CE01B401CDB38A26490132C0D0ECD0EC75
:10032000720EFEC0D0EC7208FEC0D0EC7202FEC0AD
:10033000B40CCDB3C6063201009DC39CFAF606305C
:1003400001FF7556F6063301FF744F8B3639018B6A
:100350000E3B0132D2F6063401FF740380CA01F667
:10036000063601FF740380CA02F6063F01FF7403DC
:1003700080CA04F6063E01FF740380F204F6063DCF
:1003800001FF740380CA08F6063801FF740380CAAF
:1003900010B402CDB3C6063301009DC3803E2F01C9
:1003A000047401C3B408CDB380E2083A1631017475
:1003B000F288163101B001F6C2087402FEC0E93FAE
:1003C0000783EC0450531E5233DB8EDB8E1ECE03AC
:1003D0008BDCA177013689470AA175013689470868
:1003E0008A3E30010AFF7443FA8C160A0089260CF3
:1003F000008CD88ED0BC0E01FB515256575506C604
:02000002DA40E2
:1000000006300100B402CDB13C027505C60664019C
:1000100000FAE8E707C606640101FB075D5F5E5A68
:1000200059FA8E160A008B260C00FB5A1F5B58CB20
:10003000BB00008EDB8E1ECE03726D0BC9750F0ADE
:10004000D27502EB5CBB0100BAFFFFE9C500880E68
:100050008C15E8CB007303E99600E345B40B32C07E
:10006000CDB3803E3701007407A05501B40ACDB36B
:10007000F6064401FF741251B402B0018B1E560102
:100080008B0E450132D2CDAD59BB1A01C647026570
:10009000894F038977058C47071E07FF1E0600EB73
:1000A0004FBAFFFF33DBEB6B33DBA900E1750DBB10
:1000B0000300C606300100E8C132EB578A36510111
:1000C0008A165201F6C401754AF6C4407405BB0293
:1000D00000EB40BB0200F6063401FF753633DB80CF
:1000E0003E530101742DBB02007228BB0300EB23B9
:1000F000BB02008A3651018A165201F6063401FF0E
:10010000751133DB803E5301017408BB020072039A
:10011000BB030083FB027203E86032CBA90627070A
:100120008B1E5C012EFFA79C06E8E8000BC9750139
:10013000C351C606600101E82801598A0EFB13323B
:10014000ED803EFB1300750433C9F9C3B803000307
:10015000C13B062B01720433C9F8C350FC1E078B48
:100160003E290148AAA02B148AD0D0E8BB83072ED1
:10017000D7AA80E201F6DA80C2028AC2AABE761449
:10018000F3A459A04701FEC875068B362901F8C3B0
:10019000A25E0183E903890E2D01C7065C010200FE
:1001A000E8D83133C9F8C3E86A000BC9741A51C6DC
:1001B00006600101E8AB00598A0EFB13390E2D01D0
:1001C000740AC7065C01000033C9F8C3FC1E078B24
:1001D0003E2901A02B14D0E8BB83072ED73A450156
:1001E00075E0BE761483C70351F3A65975D4FE0E8D
:1001F0005E0175D4C7065C0100008B36290183C1FE
:1002000003F8C31007060C080E090B020004050AC8
:100210000D030F01FA8C160E01892610018E16129D
:10022000018B26140133C08EC026FF36000026FF46
:1002300036020026C70600002A08268C0E0200FBA4
:1002400050E87A158BC85832EDFA33C08EC0268F2D
:10025000060200268F0600008E160E018B26100166
:10026000FBC3FA8C160E01892610018E1612018B23
:1002700026140133C08EC026FF36000026FF36024A
:100280000026C70600002A08268C0E0200FBE83B69
:1002900009FA33C08EC0268F060200268F060000A2
:1002A0008E160E018B261001FBC3CF4C41534552D5
:1002B0005F4C4F41445157068CD88EC0BF80088B8D
:1002C0000E2501B40DCDB38BC1803E86110175039F
:1002D000E80400075F59C3505351525657BE800877
:1002E0008BFEE80A00E835005F5E5A595B58C3513F
:1002F00056FCC70640010088C70642010000AD3D1C
:10030000008873143B0642017205A34201EB093BCE
:100310000640017F03A34001E2E45E59C3515657F2
:1003200053FC813E420100207707833E4001067264
:100330005DBA0000A14201C70642010020F7364223
:100340000181FA0010720140A34201BA0000A140ED
:1003500001C70640010600F736400183FA2072010A
:1003600040390642017203A34201AD8BD8D1EBBAEA
:100370000000F73642013D00207205B80020EB0B6B
:100380003BD37201403D0000770140ABE2DC5B5F94
:100390005E59C300A02F0126884702C3A030010A7E
:1003A000C07402B00126884702B406CDB38BC2B434
:1003B0000322C4A8027408FECCA8017402FECC2655
:1003C000886703C38BFB83C702BE3401FCB90500F9
:1003D000FAF3A4FBC38BFB83C702BE3901FCB90649
:1003E00000FAF3A4FBC38BFB83C702BE4401FCB934
:1003F0001800FAF3A4FBC3E89705750B482BC175E9
:02000002DA80A2
:100000000683EB02E99E005059BE65018BFBFAF3B3
:10001000A6FB0BC9740DE88D0583EB020BC075239D
:10002000E9820083EB02A0321126884712A0141146
:1000300026884713A0151126884714A03211268858
:100040004715C383FD027509A0331126884715EBB8
:100050003683FD0D7509A0401126884715EB2883CE
:10006000FD007509A03C1126884715EB1A83FD0A8F
:100070007509A0421126884715EB0C83FD0C750706
:10008000A03D11268847153E8A860611268847120C
:10009000D1E53E8A861611268847133E8A861711B7
:1000A00026884714C3C41E160126C747120000C382
:1000B000A0610126884702C38BFB83C702B91000E9
:1000C000FCF6066101FF74208B3662018A040AC0C7
:1000D000750346EBF73CFF7505BE8A01EBEEFAF3BC
:1000E000A4FB89366201EB06B020FAF3AAFBC38BAE
:1000F000FBB408CDB333C0F6C2087501402688456D
:1001000002C3A05B1126884702A05A112688470324
:10011000A0561126884704A0591126884705A057E4
:100120001126884706A05C1126884707A05511268E
:10013000884708A0581126884709A05D11268847DE
:100140000AC3A0371126884702A042112688470318
:10015000A03F1126884704A03D1126884705A03EF0
:100160001126884706A0351126884707A036112694
:10017000884708A0411126884709C3A03511268861
:100180004702A0361126884703A04111268847045C
:10019000A05E1126884705A06C1126884706A06D31
:1001A0001126884707A0341126884708A033112656
:1001B000884709A040112688470AA044112688478D
:1001C0000BA043112688470CA045112688470DA097
:1001D00014112688470EA015112688470FA032114A
:1001E00026884710C3A0381126884702A039112657
:1001F000884703A03A1126884704A03C1126884767
:1002000005C3A05B1126884702A05A112688470320
:10021000A0561126884704A0591126884705A057E3
:100220001126884706A05C1126884707A05511268D
:10023000884708A0581126884709A05D11268847DD
:100240000AA037112688470BA042112688470CA028
:100250003F112688470DA03D112688470EA03E116C
:100260002688470FA0351126884710A0361126880A
:100270004711A0411126884712A05E112688471316
:10028000A06C1126884714A06D1126884715A0344C
:100290001126884716A0331126884717A04011263B
:1002A000884718A0441126884719A043112688477B
:1002B0001AA045112688471BA014112688471CA0A8
:1002C00015112688471DA032112688471EA0381117
:1002D0002688471FA0391126884720A03A11268872
:1002E0004721A03C1126884722C3268A47020AC01C
:1002F000747E3C04777AA22F017205FAE89DF8C358
:10030000FAC6063201FFC6063301FF8AD85351529E
:1003100057561E06CDAF071F5E5F5A595BFECB8056
:10032000FB027502B3013C037602B003D0E002D8B1
:1003300032FFD1E32E8BB7F80C2EADA356012EACB5
:10034000A237012EACA249012EACA236012EACA2DE
:100350003F012EACA234012EACA235012EACA23846
:10036000012EADA33B012EADA339012EACA2861107
:10037000E8C8F7E878F7FBC3080D160D080D240D43
:10038000080D320D400D4E0D000800100000000059
:1003900001A00FE80301000801040101010101B8F7
:1003A0000BE80300F00A01080100010100B80BE8A6
:1003B0000300000801080101010100B80BE8030077
:1003C000000000100000000001A00FE80301000081
:1003D00001080101010100B80BE80300268A470269
:1003E000B7010AC075168A1E30010ADB740D3ADFA8
:1003F0007209B404CDB3C606300100C38A1E3001B1
:02000002DAC062
:100000000ADB7401C353FAE892F7FBB40B32C0CD9C
:10001000B332C08A364E010AF6740432D2EB148A27
:100020003651018A16520132C0F7064F01FFFF74A4
:1000300002FEC08CCD8EC5BDB005F6063401FF743E
:1000400003A06401C7065C010000B403CDB35B7379
:1000500004B701EB91883E3001C3B40BB001CDB3BE
:10006000C38BF383C602BF3401FCB905008CD88C66
:10007000C38EC08EDBFAF3A4FB8ED8C60633010113
:10008000E8B8F6C38BF383C602BF3901FCB906009A
:100090008CD88CC38EC08EDBFAF3A4FB8ED8C60638
:1000A000330101E895F6C38BF383C602BF4401FC1C
:1000B000B917008CD88CC38EC08EDBFAF3A4FB8EEC
:1000C000D8C606320101E825F6C3F6066101FF75C0
:1000D00003E9B100E8BA00750B482BC1750683EB44
:1000E00002E9A2005059BE65018BFBFAF3A6FB0B97
:1000F000C97410E8B00083EB020BC0751F83EB02DC
:10010000E9830083EB02268A4715A23211268A472B
:1001100013A21411268A4714A21511C383FD027578
:1001200009268A4715A23311EB3683FD0D75092682
:100130008A4715A24011EB2883FD007509268A47DE
:1001400015A23C11EB1A83FD0A7509268A4715A2F0
:100150004211EB0C83FD0C7507268A4715A23D1151
:10016000268A47123E88860611D1E5268A47133C27
:10017000FF74053E88861611268A47143CFF7405D5
:100180003E88861711C3C41E160126C747120000F9
:10019000C333ED83C3028BFBB02AB91000FCFAF223
:1001A000AEFBB81000C332ED8A0E6101BA8A01516C
:1001B0008BF28A0C0AC9740780F9FF7507EB165990
:1001C0004245EBEB8BC88BFBFAF3A6FB59740A8311
:1001D000C21045E2DAB80000C3B80100C3B40BB0E6
:1001E00000CDB3C3268A4702A25B11268A4703A229
:1001F0005A11268A4704A25611268A4705A2591188
:10020000268A4706A25711268A4707A25C11268A2A
:100210004708A25511268A4709A25811268A470A7B
:10022000A25D11C3268A4702A23711268A4703A27C
:100230004211268A4704A23F11268A4705A23D1192
:10024000268A4706A23E11268A4707A23511268A2A
:100250004708A23611268A4709A24111C3268A47B8
:1002600002A23511268A4703A23611268A4704A224
:100270004111268A4705A25E11268A4706A26C1103
:10028000268A4707A26D11268A4708A23411268ABA
:100290004709A23311268A470AA24011268A470B32
:1002A000A24411268A470CA24311268A470DA24573
:1002B00011268A470EA21411268A470FA21511266D
:1002C0008A4710A23211C3268A4702A23811268A11
:1002D0004703A23911268A4704A23A11268A470504
:1002E000A23C11C3268A4702A25B11268A4703A2B9
:1002F0005A11268A4704A25611268A4705A2591187
:10030000268A4706A25711268A4707A25C11268A29
:100310004708A25511268A4709A25811268A470A7A
:10032000A25D11268A470BA23711268A470CA242EA
:1003300011268A470DA23F11268A470EA23D11269B
:100340008A470FA23E11268A4710A23511268A47F6
:1003500011A23611268A4712A24111268A4713A2FA
:100360005E11268A4714A26C11268A4715A26D11C8
:10037000268A4716A23411268A4717A23311268AE5
:100380004718A24011268A4719A24411268A471A03
:10039000A24311268A471BA24511268A471CA21494
:1003A00011268A471DA21511268A471EA232112640
:1003B0008A471FA23811268A4720A23911268A4768
:1003C00021A23A11268A4722A23C11C3E816000B4B
:1003D000C07407C606FB1300EB0A803E3A11017594
:1003E00003E8A641C3803E0F1400740DE82D05C636
:1003F000060F1400B80100EB022BC0C3C3558BECF1
:02000002DB0021
:1000000051B402B000BB00008B4E0432D2CDAD59CA
:100010005DC32BC0C3558BEC83EC02FF7604E8DC98
:10002000FF83C402C746FE0000EB03FF46FE8B467B
:10003000063946FE72F58BE55DC3B8B80B50B8645F
:100040000050E8D0FF83C404B8B80B50B864005027
:10005000E8C2FF83C4042BC050B8640050E8B5FF69
:1000600083C404C3B8B80B50B8960050E8A6FF8309
:10007000C4042BC050B8960050E899FF83C404C351
:100080002BC050B8E80350E88BFF83C404C3558BE2
:10009000EC83EC0A56A17211408946F8C746FA482B
:1000A00014EB46C646F6008B5E048A078846FCEBD6
:1000B0001D8B5EF8FF46F88A072AE450E89A008311
:1000C000C4028A56F6B104D2E202D08856F68A46B5
:1000D000FCFE4EFC0AC075D98B5EFAFF46FA8A46D2
:1000E000F68807FF4606FF46048B5E068A078846A9
:1000F000FE0AC074332AE43D4300740F3D49007486
:10010000A23D53007415FF46FAEBD88B5EFAFF460A
:10011000FA8B76F8FF46F88A04EBC68B5EFAFF4648
:10012000FA8B46F88907EBBBA049142AE450A04893
:100130001450E8BC0983C404A332145E8BE55DC38C
:10014000558BEC807E040976078A46040437EB055C
:100150008A460404302AE45DC3558BEC807E043962
:1001600076078A46042C37EB058A46042C302AE4AD
:100170005DC3558BEC83EC0EC646F4008B1E7211EA
:10018000807F01307403E9E900807F02307403E965
:10019000E0008A47042AE450E8BEFF83C4028B1EB5
:1001A00072118A4F032AED518946F2E8ABFF83C4EE
:1001B00002B104D2E00246F28846FEC746F60611B6
:1001C0002AE40146F68B1E72118A470650E889FF21
:1001D00083C4028B1E72118A4F052AED518946F2A3
:1001E000E876FF83C402B104D2E00246F28846F802
:1001F0008B1E72118A47082AE450E85CFF83C40210
:100200008B1E72118A4F072AED518946F2E849FF89
:1002100083C402B104D2E00246F28846FAC646FC24
:10022000008B5EF68A46F824013C011BC941880F09
:100230008A46F82AE4D1E88846F8FF46F6FE46FCEE
:10024000807EFC0872DBC646FC008B5EF68A46FAAE
:1002500024803C011BC941880F8A46FAD0E08846B9
:10026000FAFF46F6FE46FC807EFC0872DDB801000F
:10027000EB022BC08BE55DC3A13214A38E108B1E45
:1002800076118A4702A244138A47032AE4A3841101
:100290008A4704A3F613C70660140000C6067F1140
:1002A00003C606F91303B80100C3558BEC83EC04B5
:1002B000C646FE008B1E76118A07A291108A470758
:1002C0002AE4508A470650E8270883C404A38E1006
:1002D0003D0F007603E9BD008BD8D1E3FF973002D4
:1002E0000BC07503E9AE00B8010050FF368E10E870
:1002F000610783C4048846FE0AC07503E99600C6F8
:1003000006F9130F8B1E76118A47018846FC8A472F
:10031000022AE4508A46FC50E8D60783C404A38E20
:10032000108B1E76118A47032AE4508A46FC50E857
:10033000BF0783C404A3CA10803E9110007432C763
:1003400006601400008B1E76118A47042AE4A384F9
:10035000118A4705A3F613C6067F1103803E91104C
:10036000017507C606441302EB2BC606441304EBC3
:10037000242BC050FF368E10E8D80683C4042BC04F
:1003800050FF36CA10E8CB0683C404C606F9130032
:10039000C6067F11008A46FE2AE48BE55DC3558BB5
:1003A000ECA18411394604720CA1F6133946047786
:1003B00004B001EB022AC02AE45DC3FF366014E8F2
:1003C000DCFF83C4020AC07414A060142AE450FF46
:1003D000368E10E87D0683C4042AE4EB022BC0C3EA
:1003E000558BEC83EC06C646FA00803E91100174F2
:1003F00030A160142BD2B96400F7F18846FEB064D6
:02000002DB40E1
:10000000F666FE8A0E60142AC8884EFC8A46FE2ACE
:10001000E450E889FF83C4020AC074208A46FCEBDE
:100020000AA060148846FEC646FC002AE450E86D2B
:10003000FF83C4020AC07404C646FA01807EFA0037
:10004000745D803E91100375088A46FC3846FE7741
:100050000F803E911002751A8A46FC3846FE7312D4
:100060008A46FE8846FA8A46FC8846FE8A46FA8810
:1000700046FC8A46FE2AE450FF368E10E8D40583FB
:10008000C4040AC074198A46FC2AE450FF36CA1018
:10009000E8C00583C4040AC07405B80100EB022B54
:1000A000C08BE55DC3558BEC83EC02C646FE008039
:1000B0003E7F110375508B1E7211807F012D744697
:1000C000C646FE01B80A00F7266014A360148B1E12
:1000D00076118A072AE401066014FE0E4413752384
:1000E000E857FB803EF913037505E8CEFEEB0A8066
:1000F0003EF9130F7506E8E7FE8846FEC6067F1137
:1001000000EB03E85EFB8A46FE2AE48BE55DC3C68E
:10011000067F1101C606F913002BC0C3558BEC8373
:10012000EC0456C646FC00C70676114814E8CCFA23
:100130008B1E72118A072AE450E81DFC83C40288D2
:1001400046FEFF3672112AE450E8D50083C4048BC2
:100150001E72118A072AE450E8FEFB83C402884617
:10016000FE2AE48BF0D1E6FFB43403FFB41203E8B7
:100170001CFB83C4048A46FE2AE43D0200741E3D33
:100180000300745A3D090074643D0A0074643D0E16
:100190000074673D0F0074678866FCEB25833E4260
:1001A0000700741E8B1E76118A47022AE450FF3620
:1001B0003214E89E0483C4048846FC0AC07403E831
:1001C00078FA807EFC007554E8B5FA803E1B140076
:1001D0007440C6067F110BC606CC1000EB3EE897B4
:1001E000FC8846FC0AC074DAE879FAEBD5E8C60563
:1001F000EBC6E8B0FE8846FCEBC8E875FBEBB9E857
:10020000A8FC8846FC0AC074B9803E7F110075D8EE
:10021000EBADC6067F1101C606F913005E8BE55DE6
:10022000C3558BEC83EC06C706420701008A4604DF
:100230002AE43D0100741B3D02007503E903013D02
:1002400003007503E9C5013D0F007503E9D401E919
:10025000CE028B5E06807F01307403E9C202807F8C
:100260000230740B807F02327405B0348847028BF1
:100270005E06C607328B5E068A47052AE450E8D838
:10028000FA83C4028B5E068A4F042AED518946FC2C
:10029000E8C6FA83C4028B5E068A4F032AED5189B1
:1002A00046FAE8B4FA83C402B104D2E00246FAB1D5
:1002B00003D2E00246FC8846FE8B5E06807F023059
:1002C000751D8AD82AFF8A874C028846FE8AD8D1B3
:1002D000E3FF9730020BC07506C706420700008B8C
:1002E0005E06807F0232750C8A5EFE2AFF8A877264
:1002F000028846FE8B5E06807F0234750C8A5EFEA5
:100300002AFF8A8786028846FE8A46FE240F2AE450
:1003100050E82CFA83C4028B5E068847048A46FEA6
:100320002AE425F000B104D3E82AE450E811FA8366
:10033000C4028B5E068847038B5E06C6470530E91C
:10034000DE018B5E06807F01307526807F0231756D
:1003500020807F03307403E9C601807F0445740365
:10036000E9BD01C64703318B5E06C6470443E9AFCA
:10037000018B5E06807F01307403E9A301807F0258
:10038000357403E99A01807F0331751B807F043047
:100390007515C64702328B5E06C64703308B5E0674
:1003A000C6470446E979018B5E068A47042AE45071
:1003B000E8A6F983C4028B5E068A4F032AED5189B1
:1003C00046FAE894F983C402B104D2E00246FA88FE
:1003D00046FE8AD82AFF8A87A2028846FE240F2A70
:1003E000E450E85BF983C4028B5E068847048A46C2
:1003F000FE2AE425F000B104D3E82AE450E840F9ED
:02000002DB80A1
:1000000083C4028B5E06884703E914018B5E068079
:100010007F01307403E90801807F02357403E9FF32
:1000200000EB878B5E06807F02307403E9F100806D
:100030007F03317403E9E8008A47052AE450E81891
:10004000F983C4028B5E068A4F042AED518946FA71
:10005000E806F983C402B104D2E00246FA8846FEFB
:100060003C0E7503E9B9008AD82AFF8A875E02240C
:100070000F2AE450E8C9F883C4028B5E068847055E
:100080008A5EFE2AFF8A875E022AE425F000B10418
:10009000D3E82AE450E8A8F883C4028B5E068847B8
:1000A000048A5EFE2AFF8A875E022AE4D1E8240FD2
:1000B0002AE450E88AF883C4028B5E0688470F8AD8
:1000C0005EFE2AFF8A875E022AE4D1E825F000B1AD
:1000D00004D3E82AE450E867F883C4028B5E0688FC
:1000E000470EFE46FE8A5EFE2AFF8A875E02240FC6
:1000F0002AE450E84AF883C4028B5E068847078AE0
:100100005EFE2AFF8A875E022AE425F000B104D34E
:10011000E82AE450E829F883C4028B5E0688470683
:100120008BE55DC3558BEC83EC028A46042AE4B16F
:1001300004D3E88846FE3C0976040437EB058A467A
:10014000FE04308B5E06FF460688078A4604240FAD
:100150008846FE3C0976040437EB058A46FE0430E7
:100160008B5E06FF460688078BE55DC3558BEC83E7
:10017000EC048B5E04FF46048A078846FC3C397613
:10018000042C37EB058A46FC2C30B104D2E08846BB
:10019000FE8B5E048A078846FC3C3976042C37EBDC
:1001A000058A46FC2C300046FE8A46FE2AE48BE592
:1001B0005DC3558BEC83EC08C6067F1100C60614A0
:1001C0001300C6060F1400C6061B1400C606F9135A
:1001D00000C70696150611C746FC0000C746FE5626
:1001E00003C646FA00EB1AFF46FCFF46F88B5EFE9C
:1001F0008A47022AE43B46F877EDFE46FA8346FE3C
:1002000004807EFA08730F8B5EFE833F0074EBC799
:1002100046F80000EBD78B46FCA376088BE55DC360
:10022000558BEC56A17608394604730B8B5E048B14
:100230003696158A00EB02B0FF2AE45E5DC3558B4B
:10024000EC568A46068B5E048B36961588002AE4A7
:100250005E5DC3558BEC83EC028A46062AE450FFB0
:100260007604E85A0083C4048846FE0AC0741180EC
:100270003E0F1400740AC6067F1102C606F9130069
:100280008A46FE2AE48BE55DC3558BEC83EC04C6FD
:1002900046FC00FF7604E89C0083C4028946FE3DCC
:1002A000FFFF74128A46062AE450FF76FEE8A3FF99
:1002B00083C4048846FC8A46FC2AE48BE55DC3556A
:1002C0008BEC83EC0256C646FE00837E04FF741757
:1002D000C646FE018B7604033696158A0438460618
:1002E00074058A460688048A46FE2AE45E8BE55D2C
:1002F000C3558BEC83EC0456C746FCFFFF807E049D
:1003000008732A8A46042AE4D1E0D1E0055603891D
:1003100046FE8BD88B370BF674138A460638470295
:10032000760B2AE42B06961503C68946FC8B46FC01
:100330005E8BE55DC3558BEC83EC04C746FCFFFF89
:100340008B46042B0696158946FEA176083946FE93
:1003500077068B46FE8946FC8B46FC8BE55DC355D4
:100360008BEC83EC06568B46040506118946FCC7C8
:1003700046FA0700EB03FF4EFA837EFA007C1A8BE5
:1003800046FAD1E0D1E00556038946FE8BD88B377B
:100390000BF674E23976FC72DD837EFA007D02EBA7
:1003A000FE8B5E068B46FC8B76FE2B0489078B4604
:1003B000FE5E8BE55DC3E8B914B80100C390558BB0
:1003C000EC83EC08C646FC00C746F80000E8C512FE
:1003D000C6068E11FFE82003E8B7120BC07405A013
:1003E000F813EB03A0BE10A2FC138B1EE007FF174F
:1003F000E93701E802130BC07503E93901C7063676
:02000002DBC061
:10000000140000C70602149001FF3680118B1EE019
:1000100007FF570283C4028946F8D1E00306801126
:100020004848A30414A0FC132AE43946F87303E9F2
:10003000EC00837EF8FF7203E9E300382686117432
:1000400006E8371BE85813E8A413E8A50C0AC075A6
:1000500003E9CA00803E861100750EFF360414FFC6
:10006000368011E8C80A83C404833E361400740342
:10007000E9AB00807EFC007403E9A200E82311A331
:100080008A110BC07503E995003D0F00751EE81A33
:10009000128846FC0AC074142AE450E8F81183C49C
:1000A000028846FCC70636140100EBBDC706E2070E
:1000B0000000C746FADA12C746FEDC12C6068815EB
:1000C00000EB0FFE0688158B46FA8346FA0483463A
:1000D000FE04833E3614007590803E88150E7389A9
:1000E0008B5EFA833F00740D8B5EFE8A072AE43B29
:1000F000068A117E07803E88150875C7A088152AD4
:10010000E450E85E0083C4028846FC0AC074B42A46
:10011000E450E8811183C4028846FCE94BFF807EED
:10012000FC007509837EF8007403E85D12807EFC94
:10013000007503E9BDFE8B1EE007FF57048A46FCED
:100140002AE450E85A1183C4028846FC803E2A14EF
:10015000007404C646FC008A46FC2AE48BE55DC3B5
:100160002BC0C3558BEC83EC04807E040F7505C651
:1001700006881508C646FC00803E88150172078077
:100180003E8815047607803E88150D7519833EE27A
:1001900007007403E9B500E8F8178846FCC706E2D3
:1001A000070100E9A6008A1E88152AFFD1E3FF9700
:1001B00084038946FE0BC07503E99000A078082AE5
:1001C000E450E88F0483C4028846FC0AC0747D8032
:1001D0003E86110075762AE450A0881550E881000B
:1001E00083C4040BC07465803E0014007408A00032
:1001F000143846FC7423A07E11A28C108A46FCA2FF
:1002000000142AE450FF367211B8081550E8744102
:1002100083C406C646FC00EB338A46FC2AE450FF42
:10022000367211B8081550E8324183C4060BC07508
:1002300012803E5D1100740FA08C1038067E117480
:10024000D2EB04C646FC00C606001400807EFC000B
:100250007406E87A338846FC8A46FC2AE48BE55D1E
:10026000C3558BEC83EC02C746FE00008A46042A85
:10027000E43D0C00773503C0932EFFA73220A05534
:10028000112AE48946FEEB44A05A11EBF4A05B115D
:10029000EBEFA05611EBEAA05C11EBE5A05711EBD8
:1002A000E0A05911EBDBA05811EBD6C746FE0000C9
:1002B000EB1A12202B202B202B202B200D20082086
:1002C00021201C201720FE1F2B202620837EFE00CD
:1002D000751F807E060477198A46042AE43D0500CE
:1002E000720F3D070076053D0C007505C746FE01FF
:1002F000008B46FE8BE55DC3558BEC83EC0256C646
:1003000006BE101FC646FE008A46FE2AE48BF05643
:10031000E8F80F83C4028BDED1E3D1E38987DA12D8
:100320000BC0742E8A46FE2AE48BF056E84C0083FC
:10033000C4028BDED1E3D1E38887DC123A06BE101B
:1003400073108A5EFE2AFFD1E3D1E38A87DC12A212
:10035000BE10FE46FE807EFE0E72ADE82E0F0BC074
:10036000740E803EBE100F7607C606F8130FEB061C
:10037000A0BE10A2F8135E8BE55DC3558BEC83EC39
:100380000A56C646FCFF807E04047507C646FC1963
:10039000E9B800807E04017412807E0402740C802F
:1003A0007E04037406807E040D7518803E151100CE
:1003B000740C803E3211007405B01FE98A00B02130
:1003C000E98500807E040874C38A5E042AFF8A8758
:1003D000A2038846F83CFF747280FB06750C833ECE
:1003E0000C14007405A00C14EB358A46F82AE405B9
:1003F00016118946F68BD8FF46F68A078846FE0A0C
:02000002DC0020
:10000000C0750B8A5E042AFF8A87CC03EB118B5ED6
:10001000F68A46FE38077707803F0074028A078811
:1000200046FA8A46042AE48BF08A84B003F666FA1C
:100030000284BE038846FC807E0407750E3C0F7662
:10004000042C10EB038A46FC8846FC8A46FC2AE412
:100050005E8BE55DC390558BEC83EC04C646FE01D8
:10006000C70644070000E895042AC0A22B14A2FB8F
:1000700013A118124040A3F614A18A11A31414B0BE
:1000800001A2F313A27E11FF1616148846FC3CFF52
:10009000745B2AE450E8740483C402807EFE00741A
:1000A0004CFF1616148846FC3CFF74412AE450E8C5
:1000B0005A0483C4028A46FC2AE450FF1682118344
:1000C000C4020BC07404C646FE008A46FE2AE450F1
:1000D000E8730083C4020AC075C1803E88150875A4
:1000E00008C70644070100EBB2C646FE01807EFE4B
:1000F00000741A8A1E88152AFFA0FB13388776031E
:10010000770B8AC3A28E11C706361401008A46FEF9
:100110002AE48BE55DC3558BEC83EC02807E040002
:100120007412A0FB132AE450FF16301483C402A2F9
:10013000FB13EB03A0FB138846FEE800028A46FE91
:100140002AE48BE55DC3558BEC83EC06C646FC00C8
:10015000C646FE00803E88150A750D803E3F1100A0
:100160007506A042118846FE803E88150C750F80EA
:100170003E3E11007508A03D11FEC08846FE807EFF
:1001800004007518E80B0D0BC07411803EFB1302C0
:10019000750A803E8815077503E9AB00803E65143B
:1001A000007503E9A100A0C01038066514724A80EA
:1001B0007E040075298A1E88152AFFD1E38A87E804
:1001C000030246FE8846FA020665143A06FB1374DB
:1001D000768A46FA0206C0103A06FB137469807EDE
:1001E000040074678A1E88152AFFD1E38A87E80312
:1001F0000246FE02066514EB48807E040075298ADB
:100200001E88152AFFD1E38A87E8030246FE884646
:10021000FA020665143A06FB13770D8A46FA0206BF
:10022000C0103A06FB13731F807E0400741D8A1EE3
:1002300088152AFFD1E38A87E8030246FE0206C03A
:10024000103A06FB137604C646FC018A46FC2AE4F3
:100250008BE55DC3558BEC83EC06C746FE0100C6FB
:1002600046FC00B8010050FF361812E8740B83C436
:10027000040BC07503E9BC00E8DBFD2AE48946FEF7
:100280000BC07403E9AD00382688157407803E88DA
:1002900015077505832EF61402B80500502BC050C3
:1002A000FF36F614E8B50A83C4060BC07503E9836C
:1002B00000E8D8000BC0747C803E7E11007510A051
:1002C000FB132AE450FF367211E85A0283C404FF7C
:1002D00016D0100AC0745D803E88150875478B1EC5
:1002E0007211807F016075218A078846FA3C687424
:1002F000043C677514B8010050E81AFE83C40288F4
:1003000046FCC6060F1401EB2BB8080050E8FB0BA7
:1003100083C4020BC07407833E44070074072AC0DD
:10032000A2FB13EB0C8A46042AE450E8E8FD83C4E0
:10033000028846FC8A46FC2AE48BE55DC3C6062B90
:10034000140F803E88150E73428A1E88152AFF8A74
:1003500087DA03A22B1480FB08750C833EE60700A6
:100360007405C6062B140FC706E6070000803E88FA
:100370001505750C803E7014007405C6062B140517
:10038000D0262B14A07E1108062B14C3558BEC83AA
:10039000EC08C646F800A0691402067B118846FEE8
:1003A000A088152AE42D05003D0700776A03C09355
:1003B0002EFFA7AD25B80100E9B600803E701400FD
:1003C0007408A11812050A00EB06A11812050E0008
:1003D0008946FAA0FB132C028846FCEB60803E7E27
:1003E00011007408A11812050600EBE4A11812050B
:1003F0000800EBDC803E7E11007408A11812050A8B
:02000002DC40E0
:1000000000EB06A118120508008946FAA0FB132A86
:10001000E44848D1E8EBC1A1181240408946FAA053
:10002000FB13FEC88846FCC646F801EB103B25745E
:1000300025972535253525972535255D25803E864F
:10004000110074168A46FE2AE4D1E00146FA807E49
:10005000FC017503E95EFFFE4EFC8A46F82AE45077
:100060008A46FE508A46FC50FF76FAE8020183C4B5
:10007000088BE55DC3558BEC83EC0A56A1721189A0
:1000800046FC8946F8C646F600EB1D8A5EFE2AFF4E
:100090008B365E148A008846FA0AC074088B5EFCB0
:1000A000FF46FC8807FE46F68A46043846F6731F6C
:1000B0008B5EF8FF46F88A078846FE3C8072CC8B40
:1000C00076FE81E6FF008B1E74118A4080EBC78BA1
:1000D00046FC2B0672118846F6803E881500751383
:1000E000803E3C1100740C2AE450E81D0E83C402CB
:1000F0008846F68A46F62AE45E8BE55DC390C6061E
:100100002B1400B001A2F313A27E11C3558BEC5641
:100110008A1EFB132AFF8B3672118A46048800FE62
:1001200006FB135E5DC3558BEC83EC04568A4606D2
:100130002AE4034604488946FC8A46062AE4D1E8B4
:10014000884606EB208B5EFC8A078846FEFF4EFC45
:100150008B76048A0488078B5E04FF46048A46FE79
:100160008807FE4E06807E060075DA5E8BE55DC36D
:10017000558BEC83EC0457568A46082AE4508D468A
:100180000450E8430083C4048BF0EB2E807E0A0009
:100190007404834604028A46082AE4508D460450BB
:1001A000E8250083C4048BF85756E8070983C40484
:1001B0000BC075042BC0EB0A8BF7FE4E0675CDB84D
:1001C00001005E5F8BE55DC3558BEC83EC02562B23
:1001D000F6EB108B5E048B1F03378B5E04830702E4
:1001E000FE4E06807E060075EA8BC65E8BE55DC31B
:1001F000558BEC83EC0CC746FCFF00C746FAFFFFAB
:10020000C746F800008B46068946FEA104142B461B
:1002100006D1F88A4E042AEDD1E149493BC1730366
:10022000E9DF00C646F600EB258B5EFE8B078946AC
:10023000FC3B46FA73038946FA8B46F83946FC764E
:10024000068B46FC8946F88346FE04FE46F68A463F
:10025000043846F672D3C746FCFF00803E88150777
:100260007509837EF8FF7503E99700B80600F76605
:10027000FA3B46F87303E98900C746FC0000B8055D
:1002800000F766F8B103D3E83B46FA72758B46F87F
:100290000346FAD1E8408946F88B46068946FEC7F0
:1002A00046F40200803E7E110075148A46042AE45A
:1002B000D1E0D1E02D04000146FEC746F4FEFFC6A2
:1002C00046F600EB1DD166FC8B5EFE8B07483B4675
:1002D000F87204804EFC018B46F4D1E00146FEFE2C
:1002E00046F68A46043846F672DB8B46FAA3BA1005
:1002F000803EFB1300750B803E88150075048366F5
:10030000FC0F8A46FC2AE48BE55DC3558BECE88D37
:10031000060BC0750F8B5E04A1BA10B103D3E04881
:1003200039077705B80100EB022BC05DC390558BF0
:10033000EC83EC125756803E6814007503E99D006B
:10034000C646F83CC646F205C646F6038B46048907
:1003500046FC40408946FE8B46062B4604D1F88970
:1003600046F4EB2A8B46EE8A4EF22AED2BC18946E3
:10037000FA8B46F03946FA720A8B5EFE8A46F62AF6
:10038000E429078346FC028346FE02FF4EF4837E87
:10039000F40074498B5EFC8B078946EE8B5EFE8B06
:1003A000078946F08A46F82AE48BF03976EE73D353
:1003B0003976F073CE8A46F28BF03976EE72C48AC3
:1003C00046F68BF8397EF076BA8B46EE03C6894640
:1003D000FA8B46F03946FA738B013FEBA65E5F8BD2
:1003E000E55DC390558BEC83EC0856C7064A0700C1
:1003F00000C746FE0100803EF31300740AC646FCA7
:02000002DC80A0
:1000000000C646F801EB0CA07414FEC88846FCC676
:1000100046F8FFC646FA00EB278B5E048B07010605
:100020004A078A46FC988BD8D1E38B760483460432
:10003000028B0489879E108A46F80046FCFE46FA29
:10004000A074143846FA72D1803EFB13007415FF79
:10005000364A07FF364807E85A0683C4048946FE35
:100060000BC07406A14A07A348078B46FE5E8BE5CA
:100070005DC3558BEC83EC0A56C646FE008A4604E7
:100080002AE48BF0D1E0059E108946FC8BC60582E0
:10009000108946FA8A46062A46048846F6A14A0787
:1000A000D1E88946F88A46F6FE4EF60AC07439A0B1
:1000B000F1072AE48BC88B5EFC8B47020307F7E14C
:1000C0000346F82BD2F7364A078B5EFA8807834639
:1000D000FC028B5EFA803F02720AFF46FAA07D1195
:1000E000380776C1C646FE018A46FE2AE45E8BE5E5
:1000F0005DC3558BEC83EC06C6065C0700C6065252
:100100000700C6064E1300C606A01300C7065A070E
:100110000000A104142B068011D1F8992BC2D1F84C
:1001200024FED1E0030680118946FCB8050050FF8B
:1001300076FCE8960383C4048946FAB8050050FFAC
:1001400076FCE8550383C4048946FEB8050050FFD9
:1001500076FEE8E20383C4048B5EFA39077209FF76
:1001600076FE53E85200EB09FF76FEFF76FCE809C5
:1001700000A05C072AE48BE55DC3558BECB8010059
:1001800050FF7606FF7604E8260283C406A3CE104D
:100190000BC074223946047504836E04042BC050CE
:1001A000FF7606FF7604E8070283C406A318120B45
:1001B000C07403E84B035DC3558BEC83EC06B804B5
:1001C0000050FF7606E86F0383C4048946FAA10451
:1001D000142D1400394604770BA180110514003941
:1001E00046047307C746FE0000EB17B8050050FF32
:1001F00076FA8B460405040050E84F0283C4068952
:1002000046FE837EFE0074428B46FE2B4604D1F8E8
:100210008846FC3C08722EC7065A0701002AE450A3
:10022000FF76FEE89F0083C404A3CE108A46FC2A12
:10023000E4F7D850FF7604E88B0083C404A31812B7
:10024000E8BE02EB05C746FE0000837EFE00757126
:10025000FF76068B46042D040050E81DFF83C4047E
:10026000803E5C07007411A1CE1039460474098BDE
:100270004604A3CE10E88902B8050050B80100502A
:10028000FF7604E8D60283C4060BC074348B4604A0
:10029000A31812B8050050FF7604E8FD0183C404DA
:1002A000894606B8010050FF76068B460405040017
:1002B00050E8FC0083C406A3CE100BC07403E840D2
:1002C000028BE55DC3558BEC83EC0E568B4604899F
:1002D00046FE8946FC807E06007D0A8A4606F6D8E0
:1002E0008846F2EB0C8A46068846F298D1E0294609
:1002F000FE8A46F2988BF0D1F8FEC88846F48D4409
:10030000FF508B46FE404050E8650183C404894697
:10031000F68A4606988BF0D1E60176FC0176FEA1BE
:1003200004143946FC7708A180113946FC73058B0B
:100330004604EB778A46F498508B46FE050400503D
:10034000E8570183C4048946F8B8040050FF76F8E2
:10035000E8E40183C4048946F88B5EFC390772CF58
:100360008A46F49850FF76F88B46FE05040050E864
:10037000D90083C4060BC075B68B46F68946FA8A47
:1003800046F29848508B46FE404050E8E20083C455
:10039000048946F650FF76FAE8190383C4040BC0BB
:1003A000748D8B46FC894604E966FF5E8BE55DC370
:1003B000558BEC83EC06C746FE0500B8060050FFDF
:1003C0007606E8720183C4048946FAC74606FFFF31
:1003D000EB358B5E048B078946FC8B46FA3946FC6D
:1003E00072048BC3EB618B46063946FC73068B4661
:1003F000FC894606807E08007505B8FEFFEB03B851
:02000002DCC060
:100000000200D1E00146048B46FEFF4EFE0BC07598
:10001000C1807E080075098B46042B068011EB0613
:10002000A104142B4604D1F88946FED17EFEFF467A
:10003000FE837EFE057E05C746FE0500837EFE002C
:100040007E03E976FF2BC08BE55DC3558BECEB128D
:100050008B5E048B4606390776048BC3EB10834610
:1000600004048A4608FE4E080AC075E42BC05DC32E
:10007000558BEC83EC02C746FE0000EB0C8B5E0454
:10008000834604028B070146FE8A4606FE4E060A98
:10009000C075EA8B46FE8BE55DC3558BEC83EC02A5
:1000A00056C746FEFFFFEB118B5E048B373976FE99
:1000B00076038976FE834604048A4606FE4E060AC7
:1000C000C075E58B46FE5E8BE55DC3558BEC83EC1E
:1000D00002568B46048946FEEB158B5E048B76FE3A
:1000E0008B04390776058BC38946FE834604048A50
:1000F0004606FE4E060AC075E18B46FE5E8BE55D48
:10010000C356A05C072AE48BF0D1E6A1CE102B06E3
:100110001812D1F84889845E078A0EFC132AED3B39
:10012000C17212A1181289844C07A1CE108984547F
:1001300007FE065C075EC3558BEC8A46062AE48BF5
:10014000C8B8FFFF2BD2F7F13B46047305B8FFFF99
:10015000EB088A46062AE4F766045DC3558BEC83F8
:10016000EC028B5E048B078946FE807E06007504D8
:10017000836E04148A46082AE450B8050050FF76BE
:1001800004E816FF83C40450E8ACFF83C4043B4674
:10019000FE7705B80100EB022BC08BE55DC3A15AC9
:1001A00007C3558BEC83EC0256C746FE0000A05CEB
:1001B00007380652077322A052072AE48BF0D1E6D3
:1001C0008B844C07A318128B845407A3CE108B8406
:1001D0005E078946FEFE0652078B46FE5E8BE55D96
:1001E000C390558BEC83EC0456837E06007405B8EF
:1001F0004E13EB03B8A0138946FEC646FC00EB2362
:100200008A1E88152AFFD1E38B8710048B76FC8128
:10021000E6FF00D1E68B5EFE09402AB80100EB66DE
:10022000FE46FC8B5EFE8A46FC380776252AE48B68
:10023000F0D1E603F38B460439440275E38A1E8845
:10024000152AFFD1E38B442A8587100474B22BC092
:10025000EB348B76FC81E6FF00D1E68B5EFE8B46AD
:10026000048940028A1E88152AFFD1E38B87100477
:100270008B76FC81E6FF00D1E68B5EFE89402A8BFF
:100280005EFEFE07EB955E8BE55DC3902BC0C32B36
:10029000C0C32BC0C3C3558BEC8A46042AE45DC39C
:1002A000558BEC8A46042AE45DC3C3C606FB1300E3
:1002B0002BC0C390558BEC83EC04803E86110074F8
:1002C000058B4604EB058B4604D1E8D1E88946FC52
:1002D0008B46042B46068946FE0BC07D05F7D88960
:1002E00046FE8B46FE3946FC7E05B80100EB022B2C
:1002F000C08BE55DC390C3C3803E8C15007409FEBE
:100300000E8C15B80100EB022BC0C3558BEC8A464E
:10031000042AE43D0D00775003C0932EFFA7EC3074
:10032000A006112AE4EB61A00711EBF7A00811EB7E
:10033000F2A00911EBEDA00A11EBE8A00B11EBE321
:10034000A00C11EBDEA00D11EBD9A00E11EBD4A087
:100350000F11EBCFA01011EBCAA01111EBC5A01229
:1003600011EBC0A01311EBBB2BC0EB1CA030A730CE
:10037000AC30B130B630BB30C030C530CA30CF3011
:10038000D430D930DE30E3305DC3C7068011800839
:10039000C70672117614C3C3C3C6062A1400C35518
:1003A0008BEC83EC0456A104142B068011D1F84881
:1003B000992BC2D1F824FED1E0030680112D140040
:1003C0008946FEC7064014FFFFC646FC008B5EFE52
:1003D0008B37393640147604893640148346FE0440
:1003E000FE46FC807EFC0A72E45E8BE55DC3558BA5
:1003F000EC83EC04A06B148846FEA015128846FC22
:02000002DD001F
:10000000803E861100750BB84300F676FCF666FE5E
:10001000EB17813E4014FF7F7608C7064A13FFFFA7
:10002000EB0AA14014D1E0D1E0A34A138BE55DC3F4
:10003000E83F00C706E6070000C606901500E87115
:10004000E9E855FFE83407C606780801C6066814D3
:1000500001C606F00701C6066B1402C6061512019A
:10006000C706E0072C04C7060C140000C6060014DF
:1000700000C3C606061101C606071101C60608110F
:1000800001C606091101C6060A1101C6060B1101B7
:10009000C6060C1101C6060D1101C6060E1101C6D9
:1000A000060F1100C606101100C606121100C60682
:1000B000131100C606321100C606141100C606153B
:1000C0001100C606161100C606171100C606181143
:1000D0000CC60619110CC6061A1106C6061B110617
:1000E000C6061C110CC6061D110CC6061E1108C63C
:1000F000061F1108C60620110CC606211100C606EF
:1001000022110EC606231100C606241105C60625B7
:100110001137C606261100C606271100C60628118B
:1001200004C606291137C6062A1104C6062B113744
:10013000C6062C1100C6062D1100C6062E1104C6D7
:10014000062F1137C606301106C606311106C6063F
:10015000341100C606331100C606351101C6063635
:100160001100C606411100C606371100C606381137
:1001700000C606391100C6063A1100C6063B11003A
:10018000C6063C1100C6063D1100C606421101C656
:10019000063F1100C6063E1100C606401100C60605
:1001A000431100C606441101C606451100C60647A4
:1001B0001100C606491100C6065E1100C60655119B
:1001C00000C606561100C606571100C60658110093
:1001D000C606591101C6065A1100C6065B1100C6B3
:1001E000065C1100C6065D1100C6065F1100C6065A
:1001F000631100C6066C1105C6066D1100C3C60664
:10020000D61000C606D71001C606D81002C606D9F9
:100210001000C606DA1008C606DB1002C606DC109F
:1002200000C606DD1000C606DE1037C606DF101455
:10023000C606E01020C606E11037C606E21014C656
:1002400006E3105EC606E510002BC0A3EE10A3EC7B
:1002500010C606E61000A3F210A3F010C606E710C1
:1002600000A3F610A3F410C606E81000A3FA10A32A
:10027000F810C606E91000A3FE10A3FC10C606EA9B
:100280001000A30211A30011C606EB1000C3558B8A
:10029000EC83EC0456A06314380614127456FF065F
:1002A0001214FE0614128B1E12148B3781E6FF0007
:1002B0008B5E048A40BF8846FE8B1E12148A078814
:1002C00046FC3C4172173C5A7713807EFEFF740D4A
:1002D0008B1E1814FF0618148A46FEEB228B1E187C
:1002E00014FF0618148A46068807FF0E1214FE0E25
:1002F0001412EB0D8B1E1814FF0618148A4606887C
:10030000075E8BE55DC3B80100C3558BEC568A468A
:1003100004A26314A17211A31214A31814C6061424
:100320001200EB16B8250050B8900450E85FFF8328
:10033000C404FE061412FF061214A0631438061437
:100340001273498B1E12148A072AE43D240074217B
:100350003D250074CF3D2B0074293D2F00741B8B6D
:100360001E1814FF0618148B3612148A048807EB23
:10037000C1B8240050B8C404EBB1B82F0050B8AADB
:1003800004EBA8B82B0050B8DE04EB9FA118142B87
:100390000672112AE45E5DC3C606691405C6067BB3
:1003A0001104C6067C110AA01611A26514A017112B
:1003B000A2C010C7065E146204C70674118E04C77B
:1003C0000616145B35C70682115336C706D0106572
:1003D00036C7063014F525B80100C3558BEC83EC05
:1003E00006C646FAFF803EFB13007413A1F61448BC
:1003F0004850E816F383C4020BC07503E9CB00FF35
:02000002DD40DF
:1000000036F614A069142AE450E8E4F183C40488A5
:1000100046FE3CFF7503E9B1008AD82AFF8A873281
:10002000048846FE3CFF7503E99F00383EFB1375CC
:100030000B3C0974073C057403E98E00803EFB13FA
:1000400000750F807EFE057509C646FE09C6067E50
:100050001100A1F614404050A07B112AE450E88F13
:10006000F183C4048846FC3CFF745F8AD82AFF8A67
:100070008752048846FC3CFF7450383EFB137504DD
:100080003C1E7546807EFE807419807EFC27771F9B
:100090008A46FE0246FC8846FA3C277512C646FA96
:1000A00080EB0C807EFC2776068A46FC8846FA8028
:1000B0007EFAFF7415A069142AE48A0E7B112AEDDA
:1000C00003C1D1E040400106F6148A46FA2AE48BC7
:1000D000E55DC3558BEC807E04807505B80100EBAF
:1000E000022BC05DC3558BEC83EC0AC746FE0000B3
:1000F000C646F801803E3711007503E98A00A172F7
:1001000011408946FCA0FB132AE448488946F6C7FB
:1001100046FA0100EB1C8B5EFC803F277605FF4E04
:10012000FEEB09803F097504836EFE09FF46FAFF66
:1001300046FC8B46F63946FA7D148B5EFC8A072A0C
:10014000E40146FE803F0973CDFF46FEEBDEB92B8E
:10015000008B46FE99F7F98956FE0BD27507C74604
:10016000FE0900EB14837EFE0A7D05FF4EFEEB09BF
:10017000837EFE267E03FF46FE8B5EFC8A072AE412
:100180003B46FE74038866F88A46F82AE48BE55DF0
:10019000C390558BEC83EC04C606FB1300C6063CEB
:1001A0001400C7063A140000C7062C140000C60647
:1001B0004C1300E83A16A20615E9C800803E9310D9
:1001C000107203E9C800E835020BC07503E9BE00F0
:1001D000C606F10707C6067D1105C606C21000B0A7
:1001E0000CF6269310051A128946FE803E4C130029
:1001F000740A50E8E01383C402E98500FF76FEE844
:100200006E0583C4020BC0747BFF76FEE8B51283D3
:10021000C402A264073C7F736BE8B9000BC074642E
:100220008B5EFEA0640788078D46FC50E8990C831E
:10023000C4020BC0744EC606901501C706361401E1
:1002400000A08815A28E11F6066407F0740B803E9C
:100250006407307404FE06F413B8941550B81A13EA
:10026000508A46FC2AE450E8980D83C4060BC074FB
:1002700013A094152AE450A01A1350E84E0783C423
:1002800004A2FB13803EFB13007503E92EFF803EA2
:10029000FB1300752F803E8611007428803E3211BA
:1002A000027521833E061400741A833E7A08007595
:1002B00013A094152AE450A01A1350E80E0783C423
:1002C00004A2FB13B0FFA26A14A26714A0FB132AB6
:1002D000E48BE55DC3558BEC83EC02803E64072024
:1002E0007525C70672140100833EDE120075078370
:1002F0003EE61200747FC7062C140100A06407A21A
:100300001612B80100EB70803E6407007506C64601
:10031000FE01EB3E803E6407097706C646FE03EB0E
:1003200025803E64070A7506C646FE0DEB18803E22
:100330006407197706C646FE02EB0BC646FE04802C
:100340003E640740750CC7062C140100A06407A288
:1003500016128A5EFE2AFFD1E3D1E383BFDA1200D0
:1003600075A0807EFE037507833E0E13007587C758
:10037000062C1400002BC08BE55DC3C6069310004D
:10038000C6068E11FF2BC0A33614A37214A3C4108B
:10039000A31212A3C810A35C14A3EA07A3B810A366
:1003A0004613A3BC10A37A08A30614C606F41300D0
:1003B000C606B61000B0FFA26714A26A14A28E117E
:1003C000A29415A21A13A2F407C6063D1401C6068C
:1003D0008B1508A06D11A245143C037505C6068B4C
:1003E0001505C7067E080000C3B80100C3B80100A8
:1003F000C3B80100C3B80100C3B80100C390558B56
:02000002DD809F
:10000000EC83EC0256C606660700803E3C14007482
:1000100003E99200C606F31301A11812A368078032
:100020003E6607027503E9FA00C606660700A0F3FC
:10003000132AE450FF366807E8A7F583C4040BC011
:100040007446833E8A11217C15C606790806A0F302
:10005000132AE450FF366807E8030183C404803E96
:100060006607027423B8040050E89FF683C4020BAD
:10007000C07415C606790804A0F3132AE450FF36AD
:100080006807E8D90083C404803E6607027490A123
:10009000CE10390668077503E98800A36807C6060D
:1000A000F31300E979FF803E3C14027376833E3AF5
:1000B0001400756FA07908B103D2E0040C8846FEE5
:1000C0002AE48BF0A18A11403BC67C57803EF31393
:1000D00000740A8BC6D1E001066807EB0B8A46FE66
:1000E0002AE4D1E029066807803EF313011BC0F71C
:1000F000D8A2F313803E7908047518B8060050A002
:10010000F3132AE450FF366807E850F483C4060B63
:10011000C07410A0F3132AE450FF366807E83E00CD
:1001200083C404803E6607027509FE063C14B801CC
:1001300000EB26833E3A1400751DC7063A140100F1
:10014000FF366807E8F51283C402A24C138BC880FF
:10015000F9011BC040EB022BC05E8BE55DC3558BE4
:10016000EC803E3C14007403E9C000837E060074FA
:100170005F803E660701741FB80200508B4604057D
:100180000800508B460405040050E8FB0083C406B9
:100190000BC07503E9E300C606660701A079082ACB
:1001A000E4B103D3E0034604A3F614B8050050FFFE
:1001B00036F614A1F61405080050E8CB0083C406F7
:1001C0000BC07503E9B3008B4604050800E9A200E3
:1001D000803E660701741FB80300508B46042D0E45
:1001E00000508B46042D060050E89C0083C4060B8B
:1001F000C07503E98400C6066607018B46048A16AB
:1002000079082AF6B103D3E22BC22D0600A3F61417
:10021000B8050050FF36F614A1F6142D0A0050E878
:10022000660083C4060BC07451EB4A837E060074DB
:1002300013B80300508B4604050800508B46044059
:1002400040E975FFB80300508B46042D0E00508B1B
:1002500046042D060050E82F0083C4060BC0741A14
:100260008B46048A1679082AF6B103D3E22BC22DF5
:100270000600A3F614C606660702803E66070275EE
:1002800005C606D410015DC3558BEC83EC0C56C734
:1002900046F800008B46060508008946FCEB0C8BEF
:1002A0005E06834606028B070146F88B46FC3946FC
:1002B0000672EC8A46082AE450B8941050FF76047F
:1002C000E8011683C4068946F4807E080274288BF0
:1002D000460439460675108B760881E6FF00D1E6A4
:1002E0008BD88B40FEEB058B5E048B072946F48A86
:1002F00046082AE448EB058A46082AE48946F6F7C8
:1003000066F82BD2B90700F7F18946F68B46F4D18F
:10031000E8D1E88946FA8B46F42B46FA8946FE8BEB
:1003200046F40146FA8B46FE3946F672088B46FAC9
:100330003946F676042BC0EB32807E08057507C679
:1003400006F10704EB0BC606F107098B46F80146D8
:10035000F4C6067D11028A4608FEC82AE450FF76DC
:10036000F4B8941050E8CA1583C4065E8BE55DC3EB
:10037000558BEC83EC0656A1F6148946FCC646FE66
:1003800000E9A300B8040050B8941050FF76FCE8D0
:10039000321583C4068946FA8B5EFC8B47FE030741
:1003A000A36E14807EFE007418FF76FA8A5EFE2A21
:1003B000FFD1E3FFB71C14E8FAF283C4040BC07446
:1003C00071B8030050FF76FAB8941050E8631583B3
:1003D000C4060BC0745C8A46FE2AE48BF0D1E68B1F
:1003E00046FA89841E14807EFE00740C8B841C14D3
:1003F0000346FAD1E88946FAFF76FAE8580183C441
:02000002DDC05F
:10000000020BC0742DB8941050E8620083C4028BB8
:1000100076FE81E6FF008B5E048840053CFF74128B
:100020008346FC08FE46FEA079083846FE7303E9C5
:1000300052FFA079083846FE752D8B5EFC8B47FE7B
:100040000307A36E14FF76FAE80B0183C4020BC00A
:100050007415A16E148A0ED4102AED2BC13D010037
:100060007505B80100EB022BC05E8BE55DC3558BB7
:10007000EC83EC06568B5E048B470403073D0700B8
:100080007403E9C9008A47042403D0E0D0E08A4F12
:100090000280E1030AC18846FE8AD82AFF8A87F8CF
:1000A000048846FCA06E142A06D4108846FA383E0E
:1000B000F3137506383E4C13741C8A46FE2AE48BF3
:1000C000F08A46FA38840805742638841805751CA9
:1000D0008046FC06EB1A8A46FE2AE48BF08A46FA32
:1000E00038842805740A3884380574E4C646FCFF51
:1000F000807EFCFF7451D026C2108A46FC240F88F3
:1001000046FE8AD82AFF8A875C05A28D11807EFC74
:10011000807209800EC210018046FE0A803EF313F1
:10012000007510807EFE0A7206806EFE0AEB048067
:1001300046FE0A8A5EFE2AFF8A874805A2D4108AF4
:1001400046FC248F8846FC8A46FC2AE4EB03B8FF71
:10015000005E8BE55DC3558BEC83EC0A8B4604D1C6
:10016000E88946F6B80700F7266E140346F6894676
:10017000FE2BD2F77604A36E14803E451401770956
:100180007542803E8D1100743BA08B152AE48BC80C
:100190008B46042BD2F7F18946F88B46042B46F8A0
:1001A0008946FC8B4604F7266E148B4EFE2BC889BD
:1001B0004EFA8B46F83BC872078B46FC3BC8760468
:1001C0002BC0EB03B801008BE55DC390558BEC832E
:1001D000EC1256A17211A34214B00CF666048BF017
:1001E00081C61A128A048846FC0AC0741D3C0A772C
:1001F00019833E7214007403E9D0003C0A7507C6E7
:100200000400C646FC00804EFC908A46FC240F0485
:10021000308846F48066FCF0807EFC107507803ED6
:10022000331100750D807EFC90752E803E401100CC
:1002300074278A46FC2AE4508A460450E8DF028389
:10024000C404884606B00CF666048BD82AC088879A
:100250001A128846FCC646F430B00CF66604051F38
:10026000128946F2803E7808007503E96901807EB4
:10027000FC107409807EFC907403E99F00807EFC72
:1002800010752EA043118846F6A036118846FA80D4
:100290007EF600741C8B1E4214FF064214C6073003
:1002A000807EF602750B8B1E4214FF064214C607B1
:1002B00030807EFC90753FA045118846F6A0411124
:1002C0008846FA807EF6017511EB20833EE6120027
:1002D0007403E935FF2BC0E9E601807EF60275164E
:1002E0008B1E4214FF064214C607308B1E4214FFB9
:1002F000064214C60731B8060050FF76F2E8C50181
:1003000083C404807EFA007503E935018B1E421414
:10031000FF0642148A46F48807E92501B00CF66608
:1003200006051F128946EE807EFC007540807EF433
:1003300030753AA044118846F6C646FE060AC075D6
:1003400009FF46F2C646FE05EB11807EF602750BEC
:100350008B1E4214FF064214C60730803E35110042
:100360007404B006EB02B0058846F0EB4A807EFCD0
:1003700030752FB0048846FE8846F0803E34110068
:100380007435A142140505008946F8EB0B8B1E421B
:1003900014FF064214C60730A142143946F877ED1F
:1003A000EB15B0068846FE8846F08B1E4214FF0609
:1003B00042148A46F488078A46FE2AE450FF76F201
:1003C000E8020183C4048A46F02AE450FF76EEE88E
:1003D000F30083C404EB6A8B1E4214FF064214C66A
:1003E0000780807EFC307504B004EB02B0068846BE
:1003F000FE2AE450FF76F2E8CB0083C404807EFC42
:02000002DE001E
:10000000107406807EFC90750D8B1E4214FF064214
:1000100014C60781EB2B8B1E4214FF064214C60741
:10002000828A46FE2AE450B00CF66606051F12507E
:10003000E8920083C4048B1E4214FF064214C607D4
:1000400080833E7A08007403E8F507807EFC907593
:100050000CC60688150DC6062B1410EB46807EFCD8
:10006000007512807EF430750CC606881501C60630
:100070002B1408EB2E807EFC10750CC6068815022A
:10008000C6062B1409EB1C807EFC30750CC6068856
:100090001504C6062B140AEB0AC606881503C60605
:1000A0002B140BA02B14D0E0A22B14833E9215002E
:1000B0007505800E2B1401A142142B0672112AE43F
:1000C0005E8BE55DC3558BEC83EC06803E780800C3
:1000D0007404B030EB02B00A8846FEC646FC00EB62
:1000E000138A46FA8B1E4214FF0642148807FF4605
:1000F00004FE46FC8A46063846FC731E8B5E048A64
:1001000007240F8846FAF607807507803E780800B6
:1001100074CF8A46FA0246FEEBCA8BE55DC3558B67
:10012000EC83EC0C56A093108846FAB00CF66604EB
:10013000051F128946FEB00CF666FA051F128946A5
:10014000F88946FCEB098B5EFCFF46FCC607008B7A
:1001500046F80505003B46FC77ECB00CF666048BD0
:10016000D88A871A12240F8B5EF88847058B5EFEAB
:100170008A4705240F8846F43C03735CC646F602A2
:10018000EB1B8A46F6988BD88B76FE8A008BC88A42
:1001900046F6FE46F6988BD88B76F88808807EF671
:1001A000057CDF8B5EFE8BF38A44058847038B5EFC
:1001B000FE8BF38A44018847028B5EFE8BF38A0430
:1001C0008847018B5EFE8BF32AC08844058847046C
:1001D0008B5EFE8807E99200807EF40375228B5EB9
:1001E000F88B76FE8A44038847038B5EF88B76FE95
:1001F0008A44048847048B5EFE8BF38A4402EBAB8F
:10020000807EF40475358B5EF88B76FE8A44048814
:100210004704C646F603EB118A46F6988BF0037640
:10022000FE8A04884401FE4EF6807EF6007DE98B4E
:100230005EFE8BF32AC0884405EB988B5EF88B76C4
:10024000FE8A4405884704C646F604EB118A46F642
:10025000988BF00376FE8A04884401FE4EF6807E79
:10026000F6007DE98B5EFEC607008B46FE050600A4
:100270008946FCEB0E8B5EFE8BF38A040C808807AC
:10028000FF46FE8B46FC3946FE72EA807E0690757C
:100290000CB00CF666048BD8C6871F12818B46F80B
:1002A0000506008946FCEB0E8B5EF88BF38A04246E
:1002B0000F8807FF46F88B46FC3946F872EA8A46F3
:1002C000FA2AE45E8BE55DC3558BEC83EC0A56831A
:1002D0003E9215007416A079082AE450B00CF62658
:1002E0009310051F1250E83DE283C404B00CF626BB
:1002F00093108BD88A871A128846F6C646FE00EB02
:1003000061FE46FCA079083846FC73128B5EFAFF4A
:1003100046FA8B76F8FF46F88A04380774E3A0792A
:10032000083846FC7539B00CF666FE8BD8FF871C82
:1003300012A093103846FE7511FE069310B00CF60D
:1003400066FE8BD8C7871C120100833E121300740F
:1003500044B00CF666FE8BD8C687251200EB57FE1C
:1003600046FEA093103846FE73C7B00CF666FE8BAF
:10037000F08A46F638841A1275E5B00CF62693100A
:10038000051F128946FA8BC6051F128946F8C64614
:10039000FC00E96FFFA093103846FE750EB00CF616
:1003A00066FE8BD8C687251201EB0BB00CF666FEF5
:1003B0008BD8FE872512807EF6207406807EF6405C
:1003C00075068A46FEA26A14807EF6097606807E4D
:1003D000F63075068A46FEA267148B5E048A46FED6
:1003E0008807B00CF666FE8BF08A841E122AE43B66
:1003F000841C127705B80100EB022BC05E8BE55D13
:02000002DE40DE
:10000000C390558BEC83EC0C8B5E068A078846FE0A
:100010008B5E088A078846FC53FF76068A46042AC8
:10002000E450E83C0183C4068B5E068A46FE38072E
:10003000750A8B5E088A46FC38077406C7060614E4
:1000400000008B5E06B00CF6278BD88A871A1288C0
:1000500046FA0AC074453C0A7741833E0E13007489
:100060003A833E7214007533803E86110074078314
:100070003E8A112174108B5E06B00CF6278BD88057
:10008000BF2512037215FE06B6108B5E068A072A7C
:10009000E450E86B0183C402A306148066FAF0837F
:1000A0003EBC10007417807EFA1075118B5E068AB4
:1000B000072AE450E8490183C402E98800833EBC72
:1000C00010007407833EEA0700750E833E46130056
:1000D0007476833EB81000746F8B5E08B00CF62700
:1000E0008BD88A871A128846F8807EFA0075043CFD
:1000F00020740C807EFA30754F807EF84075498000
:100100003E5E1100742B8B5E068A078846F6A06758
:10011000143846F675328B5E088A078846F4A06A62
:10012000143846F475228A46F42AE4508A46F6EBDF
:100130000D8B5E088A072AE4508B5E068A0750E81A
:10014000B80183C404A30614833E061400740CE8AB
:10015000A0020BC07405B80100EB022BC08BE55D5B
:10016000C3558BEC83EC0CB00CF666048BD88A87F5
:100170001A1224F08846FE3C2074043C407517C7D0
:1001800046F446138B46088946F6C746FAEA07C77F
:1001900046FC1212EB15C746F4BC108B4606894686
:1001A000F6C746FAB810C746FCC8108B5EF4C707FE
:1001B0000000B00CF666048BD88B871C128946F8B9
:1001C0008B5EFC3907731E89078B5EFAC707010037
:1001D0008B5EF68A46043807742188078B5EF4C765
:1001E000070100EB168B5EFC8B46F83907750C8B0C
:1001F0005EFAC7070000C606F413008BE55DC390E6
:10020000558BEC83EC0C56B00CF666048BF0051F96
:10021000128946F88A841A128846F48B5EF88A4757
:1002200005240F8846FA8A072AE48946F68A470198
:100230008946FE807EFA0476198A47038A4F052A8A
:10024000ED03C10146FE8A47022AE48A4F0403C136
:10025000EB51807EFA0373198A47022AE48A4F041D
:100260002AED03C10146FE8A47032AE48A4F05EBC3
:10027000DD807EFA0375158B5EF88A47042AE40157
:1002800046FE8A47028A4F032AEDEBC28B5EF88A4C
:1002900047032AE48A4F042AED03C10146FE8A4738
:1002A000022AE40146F6807EF4007409807EF40A96
:1002B0007703FF46FEB80300F766FE0246F62AE41F
:1002C000257F002BD2B90A00F7F18956FC0BD274B6
:1002D000078BC12BC28946FC807EF40A7504C64692
:1002E000F4008A46F4250F003B46FC7505B8010072
:1002F000EB022BC05E8BE55DC390558BEC83EC0E5F
:1003000056C6066714FFC6066A14FFB00CF66604EC
:100310008BF0051F128946F8B00CF66606051F1211
:100320008946F68B5EF88A47022AE48B5EF68A4F8E
:10033000022AED03C18B5EF88A0F03C18B5EF68A39
:100340000F03C18946FC8B5EF88A47012AE48A4F75
:100350000303C18B5EF68A4F0103C18946F28A848A
:100360001A128846FE3C3074308B5EF88A47042AA5
:10037000E48B5EF68A4F0403C10146FC8B5EF88A6B
:1003800047052AE48B5EF68A4F0303C18A4EFE03BB
:10039000C10146F28A4705EB038A4703240F8846CA
:1003A000F48366FC7F8366F27FB80300F766FC0384
:1003B00046F22BD2B90A00F7F18956FA0BD274072C
:1003C0008BC12BC28946FA8A46F42AE43B46FA746A
:1003D0000AC6066714FFC6066A14FF8A46F42AE4B2
:1003E0003B46FA7505B80100EB022BC05E8BE55D5C
:1003F000C390558BEC83EC02A06C113C027302B0ED
:02000002DE809E
:10000000028846FE803E061500742A803E321102A8
:100010007407803E7A11007407833E7A08007405E5
:10002000A15C14EB17A0F4133846FE7608A0B610B6
:100030003846FE7705B80100EB022BC08BE55DC3A7
:10004000558BEC83EC0656B00CF626F4078BF08A41
:10005000841A12240F8846FE8BC6051F128946FC9F
:10006000803E78080074118A46FE2AE450FF76FC30
:10007000E852F883C404EB478B1E4214FF06421477
:10008000C60783B8010050FF76FCFF46FCE835F850
:1000900083C404C646FA01EB1E8B1E4214FF0642BF
:1000A00014C60784B8010050FF76FCFF46FCE81434
:1000B000F883C404FE46FA8A46FE3846FA72DA5ECF
:1000C0008BE55DC3558BEC83EC08C70692150000E9
:1000D000C70612130000803EF313007409803EC26D
:1000E00010007544EB3C803EC21000743B803E79AA
:1000F0000806752E803EC2103F7427C646F800C71A
:1001000046FA0000D066F8A0C21024010846F8D0D4
:100110002EC210FF46FA837EFA067CE88A46F8A2D1
:10012000C210C70692150100803E790804750C8A3A
:100130001EC2102AFF8A876605EB0A8A1EC2102A91
:10014000FF8A8776058846FE803EF313007408A177
:100150001812054400EB06A1CE102D44008946FC80
:10016000B8060050803EF313011BC0F7D82AE450B4
:10017000FF76FCE8E6E383C4060BC075218A46FEE1
:1001800024F03C107506C646FEFFEB12807EFE0092
:10019000740C807EFE0A7706C706121301008A4699
:1001A000FE24F03C1074128A46FE24F03C307409A0
:1001B0008A46FE24F03C40750B803E861100750493
:1001C000B002EB02B0018B5E048847048A46FE2A27
:1001D000E48BE55DC390558BEC83EC0E56C746F47B
:1001E0000000803EF313007404B006EB02B0FA88FE
:1001F00046FCC606790800C606F1070AC6067D1148
:1002000006C646FE03C606D41002C646FA00E9B981
:1002100000C606F10709C6067D1105C646FE02B8EE
:10022000050050FF76F2B8941050E8050783C40625
:100230000BC07503E9CD00A19610A36E148A46FE8B
:10024000983B0694107403E9BA00B8981050E81D62
:10025000F283C4028846F83CFF7503E9A6008B468A
:10026000F28946F68A46FA988BF08B5E048A46F845
:100270008840053CFF7503E98A00FE067908803E48
:100280007908027538F6064C13017431803EF31379
:1002900000740C8A46FC98D1E00306F614EB05A125
:1002A000F614484850E8E30083C4020BC07407C743
:1002B00046F40100EB4EF6064C13027447FE46FA74
:1002C0008A46FC98D1E00106F614807EFA057D345A
:1002D000B8060050B8941050FF36F614E8E50583D0
:1002E000C4068946F2807EFA007503E931FFC6062E
:1002F000D4100150FF76F6E8BAE383C4040BC0744F
:1003000003E90DFF803E7908027279803E79080585
:100310007519803EF3130075058306F6140AFF363F
:10032000F614E8660083C4028946F4C7067A080119
:1003300000803E8611007404B001EB0C837EF40053
:100340007404B002EB02B0038B5E048847048B5E3A
:1003500004A079080C508807FF76F4B8F40750E839
:10036000460383C4040BC0741B833E06140074143C
:10037000A094152AE450A01A1350E84FF283C40445
:100380002AE4EB022BC05E8BE55DC3558BEC83EC5E
:1003900006C746FE0000803EF3130074088B460437
:1003A0002D0C00EB058B460440408946FA050C00F5
:1003B0008946FCEB0C8B5EFA8346FA028B070146FA
:1003C000FE8B46FC3946FA72ECB909008B46FE2BCF
:1003D000D2F7F18946FE8B5E048B072BD2F776FEAF
:1003E0003D05007205B80100EB022BC08BE55DC333
:1003F000558BEC83EC02C6067A1100A032118846B8
:02000002DEC05E
:10000000FE0AC075042BC0EB2B807EFE027505B87E
:100010000300EB20803E1511007404B002EB022AAD
:10002000C08846FE803E1411007404804EFE018A92
:1000300046FE2AE48BE55DC3B80100C3558BEC8313
:10004000EC04C646FE00803E3C1400755EC646FECB
:1000500002833E8A111F7C4EF6060615027447C6BF
:1000600006F31301A11812050400A3F614B8010049
:1000700050FF361812E82C0183C4040BC074088AA0
:1000800046FE2AE4E91901C606F31300A1CE102D9D
:100090000E00A3F6142BC050FF36CE10E8050183E6
:1000A000C4040BC075D92BC0E9F500833E2C1400A5
:1000B00074F4A0161224F03C107415833E721400E0
:1000C000751F803E1612007418803E16120A7711B2
:1000D000803EF313007405B82200EB48B8DEFFEB56
:1000E00043A07908B103D2E0040C8846FCA08A1131
:1000F000FEC03A46FC7234833E9215007413803E73
:10010000F31300750C8A46FC2AE4D1E0294604EB7F
:1001100026833E9215007513803EF31300740C8AFB
:1001200046FC2AE4D1E0014604EB0C803EF31301C7
:100130001BC0F7D8A2F313803EF3130074118B4653
:1001400004050400A3F614A104142B4604EB108B41
:1001500046042D0E00A3F6148B46042B068011D105
:10016000F8A314143D1F007E06C646FE03EB0B8366
:100170003E14140D7E04C646FE01A006152046FE60
:100180007503E921FFA0F3132AE450FF7604E81376
:100190000083C4040BC07403E9E4FE2AC0E9E2FE54
:1001A0008BE55DC3558BEC83EC12C746F40000C7AA
:1001B00046EE0000C746FE1000837E0600744B83A7
:1001C000460402803E3C140074118B5E0483460496
:1001D000028B078946EE8946FAEB12834604028BAE
:1001E0005E048B47028946FAC746FE0C008B5E040C
:1001F0008B470203070146EE834604028B5E0483AD
:100200004604028B078946F6EB2E836E04028B5E52
:1002100004836E04028B078946EE8946FA8B5E04DE
:100220008B47FE03070146EE836E04028B5E048B50
:10023000078946F6836E040CB80300F766EE2BD2EE
:10024000F776FE8946F23946FA7256D1E03B46F619
:10025000774F8B4604050C008946F8EB0C8B5E0447
:10026000834604028B070146F48B46F83946047234
:10027000EC8B46F42BD2B90900F7F18946FCB8059E
:1002800000F766EE2BD2F776FE8946F08B46F23900
:1002900046FC760D8B46F03946FC7305B80100EB41
:1002A000022BC08BE55DC390558BEC83EC1256C6D8
:1002B00046FA00E98300FE46F88A46F03846F873AD
:1002C000128B5EF6FF46F68B76F4FF46F48A04380E
:1002D0000774E38A46F03846F8755BA0790838461B
:1002E000FE7332FF4EF6FF4EF48B5EF20C50880721
:1002F0008A46F0FEC88846F8EB138B5EF4FF46F49E
:100300008B76F6FF46F68A048807FE46F8A0790841
:100310003846F872E5A093103846FA756DFE0693DC
:1003200010B00CF666FA8BD8837E06011BC040899C
:10033000871C12E98400FE46FAA093103846FA732F
:10034000D4B00CF666FA8BF0051A128946F28BD8F7
:100350008A078846EE24F03C5075DB8A46EE240F6F
:100360008846FE3A0679087603A079088846F0B0F8
:100370000CF6269310051F128946F68BC6051F1230
:100380008946F4C646F800E92FFF8B5EF28A07889B
:1003900046EE3C5274043C557513837E0600741A75
:1003A000B00CF666FA8BD8FF871C12EB0DB00CF67A
:1003B00066FA8BD8C7871C120000B00CF666FA8B61
:1003C000F08B841C128946FC8A841E122AE43B4668
:1003D000FC7750A1C4103946FC76488B46FCA3C478
:1003E0001080BC1A125275108BC6051A1250E839CB
:1003F0000083C4020BC0751BB00CF666FA8BF0814B
:02000002DF001D
:10000000C61A12803C55751B56E8530083C4020B78
:10001000C074108B5E048A46FA8807B80100A35C9E
:1000200014EB022BC05E8BE55DC3558BEC83EC02B9
:100030008B5E04B00AF66705024706247F8846FEF9
:1000400098B104F6F98A0EC2102AEDF7D180E103C7
:100050003AE17505B80100EB022BC08BE55DC35595
:100060008BEC83EC068B46040505008946FC8BD897
:100070008A47022AE48A4F042AED03C18A0F03C18A
:10008000257F008946FE8A47012AE48A4F0303C17F
:10009000257F008946FAB80900F766FA8BC8B803CD
:1000A00000F766FE03C12BD2B90A00F7F18BDAA084
:1000B000C2103887B6057505B80100EB022BC08B5E
:1000C000E55DC390558BEC83EC0456803EF3130042
:1000D000750D8A46082AE4D1E02D04000146068BFE
:1000E0005E048B078946FCC646FE00EB0A8B46067B
:1000F000836E0602FE46FE8A4608FEC83A46FE7633
:10010000298B5E068B76048B4402030489078346A1
:1001100004028B5E048B070146FC803EF3130074DF
:10012000CC8B460683460602EBCA8B46FC5E8BE50B
:100130005DC3558BEC83EC048B4606D1E88946FC05
:10014000C646FE00EB03FE46FE8A46083846FE73AE
:1001500031A0F1072AE48BC88B5E048B07F7E1031B
:1001600046FC2BD2F7760689078B5E04833F02722A
:100170000D83460402A07D112AE4390776C82BC0FE
:10018000EB03B801008BE55DC390558BEC83EC026B
:1001900056FE06FB13A0FB138846FEEB138A46FEB1
:1001A0002AE48BF0033672118A44FF8804FE4EFE67
:1001B000807EFE0075E78B1E72118B362B1481E654
:1001C000FF00D1EE8A84BF0588075E8BE55DC355CD
:1001D0008BEC83EC02A02B142AE4D1E88846FE3C89
:1001E000027503E84D08A0FB132AE48BE55DC3907C
:1001F000B80100C3C606691405C6067B1105C6060C
:10020000701400C6067C110AA02011A26514A0215A
:1002100011A2C0100AC07506A06514A2C010803ECD
:100220006514007507C6066A0700EB0FA0C01038FA
:100230000665147303A06514A26A07C7065E14F06E
:1002400005C7067411FA05C70616145155C706826C
:10025000114156C706D0105956C7063014F525B8B7
:100260000100C3558BEC83EC04C646FCFF803E7E48
:1002700011007468803E7014007532A1F6142D08C8
:100280000050A069142AE450E865D383C40488466A
:10029000FE3CFF7503E9C50024073C057403E9989B
:1002A000008306F6140AC646FC81E9B000A1F614E4
:1002B0002D0C0050A069142AE450E833D383C40401
:1002C0008846FE3CFF7503E9930024033C027569F0
:1002D0008306F61406C646FC83E98100803E70144E
:1002E00000752BA1F6142D080050A069142AE450C3
:1002F000E8FDD283C4048846FE3CFF7460241C3CA5
:100300001875368306F6140AC646FC80EB4FA1F634
:10031000142D0C0050A069142AE450E8D2D283C4F2
:10032000048846FE3CFF7435F646FE18750B8306BE
:10033000F61406C646FC82EB24A0C01038066514ED
:10034000730638066A077512A0C010380665147265
:100350000CA0651438066A077403A26A078A46FC73
:100360002AE48BE55DC3558BEC83EC04C646FCFFA9
:10037000FF36F614A069142AE450E873D283C4044B
:100380008846FE3CFF7441803E7014007417A1F64D
:1003900014404050A07B112AE44850E852D283C454
:1003A000040AC075238A5EFE2AFF8A87D005884624
:1003B000FC3CFF7413A069142AE48A0E7B112AED19
:1003C00003C1D1E00106F6148A46FC2AE48BE55D00
:1003D000C3558BEC83EC04C646FCFF803EFB130048
:1003E000757AFF36F614A069142AE450E801D28326
:1003F000C4048846FE3CFF7503E9BC00241C3C187D
:02000002DF40DD
:10000000750C8306F6140CC646FC80E9AA008A46E5
:10001000FE241C3C147511C6067E11008306F614DE
:100020000CC646FC81E99000F646FE187510C6061F
:100030007014018306F61408C646FC82EB7A8A46E1
:10004000FE24183C087571C606701401C6067E11A0
:10005000008306F61408C646FC83EB5C803E6514FC
:1000600000750CE800FF8846FC3CFF754BEB43A095
:10007000C01038066514721DA06A073806FB137697
:1000800006E8DFFD8846FCA06A073806FB137728E0
:10009000E8D3FEEB20A0651438066A07750BA06A4A
:1000A000073806FB1376E9EBBAA06A073806FB139C
:1000B00076B1E8AEFD8846FC8A46FC2AE48BE55D15
:1000C000C3558BEC807E0480720B807E04837705A1
:1000D000B80100EB022BC05DC3B80100C390B801AA
:1000E00000C3C606691405C6067B1105C6067C1149
:1000F0000A833E0C1400740DA00C14A26514C606ED
:10010000C0101EEB0CA02211A26514A02311A2C0E6
:1001100010803EC010007506A06514A2C010803E7D
:100120006514007507C6066C0700EB0FA0C01038F9
:100130000665147303A06514A26C07C7065E14F06D
:1001400005C7067411FA05C70616146A58C7068251
:10015000114459C706D0105C59C7063014F525B8AC
:100160000100C3558BEC83EC0AC646F6FF803E7E49
:100170001100747DF606FB1301740AC646FA06C622
:1001800046F807EB08C646FA07C646F808A1F61473
:100190008A4EFA2AEDD1E12BC150A069142AE4500D
:1001A000E84DD083C4048846FE3CFF7503E9D500C2
:1001B000A1F6148A4EF82AEDD1E12BC150A07B1193
:1001C0002AE450E82AD083C4048846FC3CFF750327
:1001D000E9B2008A46FE24033C027403E98200F679
:1001E00046FC01757C8306F61406C646F681E99442
:1001F00000F606FB1301740AC646FA05C646F80661
:10020000EB08C646FA06C646F807A1F6148A4EFA67
:100210002AEDD1E12BC150A069142AE450E8D0CFD7
:1002200083C4048846FE3CFF745BA1F6148A4EF832
:100230002AEDD1E12BC150A07B112AE450E8B0CFC8
:1002400083C4048846FC3CFF743BF646FE187511D7
:10025000F646FC18750B8306F61408C646F680EBC6
:1002600024A0C01038066514730638066C07751292
:10027000A0C01038066514720CA0651438066C070F
:100280007403A26C078A46F62AE48BE55DC3558B9E
:10029000EC83EC04C646FCFFFF36F614A069142A72
:1002A000E450E84BCF83C4048846FE3CFF74328A96
:1002B000D82AFF8A87D0058846FC3CFF7423F606BF
:1002C000FB130174078306F61402EB15A069142AC8
:1002D000E48A0E7B112AED03C1D1E048480106F6FD
:1002E000148A46FC2AE48BE55DC3558BEC83EC064F
:1002F000C646FAFF803EFB1300756CFF36F614A06D
:1003000069142AE450E8E8CE83C4048846FE3CFF22
:100310007503E9A600A1F614404050A07B112AE421
:1003200050E8CCCE83C4048846FC3CFF7503E98AC0
:1003300000F646FE187511F646FC18750B8306F696
:100340001408C646FA80EB738A46FE24183C0875EA
:100350006AF646FC107564C6067E11008306F61424
:1003600006C646FA81EB54803E651400750CE81D04
:10037000FF8846FA3CFF7543EB3BA0C0103806658A
:10038000147212A065142AE4408A0EFB132AED3B76
:10039000C17422EBD9A0651438066C07750EA06CE9
:1003A000073806FB1377C7E8E4FEEB0CA06C0738B0
:1003B00006FB1376B9E8ABFD8846FA8A46FA2AE4CA
:1003C0008BE55DC3558BEC807E04807406807E04D3
:1003D000817505B80100EB022BC05DC3B80100C3F5
:1003E000B80100C3C606691404C6067B1103C6061D
:1003F0007C1108A02411A26514A02511A2C010C769
:02000002DF809D
:10000000065E142E06C70674113A06C7061614A714
:1000100059C7068211575AC706D010695AC7063009
:1000200014F525B80100C3558BEC83EC06C646FADF
:10003000FF803EFB13007413A1F614484850E8CA31
:10004000CE83C4020BC07503E98300FF36F614A00B
:1000500069142AE450E898CD83C4048846FC3CFF28
:10006000746C2AE450E8850083C4028846FC3CFF97
:10007000745CA1F614404050A07B112AE450E86F54
:10008000CD83C4048846FE3CFF74430AC0750B80D0
:100090007EFC80721E8A46FCEB16807EFC80731309
:1000A0008A46FE2AE4508A46FC50E86D0083C40468
:1000B0008846FA807EFAFF7415A069142AE48A0E35
:1000C0007B112AED03C1D1E040400106F6148A46B7
:1000D000FA2AE48BE55DC3558BEC807E04847205BF
:1000E000B80100EB022BC05DC3B80100C3558BEC17
:1000F00083EC028A5E042AFF8A87FE058846FE3C5E
:10010000FF740E383EFB1375083C807204C646FE31
:10011000FF8A46FE2AE48BE55DC3558BEC83EC0237
:10012000568B760481E6FF008A5E062AFF8A800EDF
:10013000068846FE3CFF741E383EFB1375183CC40F
:10014000720A806EFE40883E7E11EB0A807EFE843D
:100150007304C646FEFF807EFEC47204C646FEFFE0
:100160008A46FE2AE45E8BE55DC3568B1E72118BB8
:10017000F38A440E8847108B1E72118BF38A440D4C
:1001800088470F8B1E72118BF38A440C88470E8BA5
:100190001E72118BF38A440B88470D8B1E72118BD4
:1001A000F38A440A88470B8B1E72118BF38A440929
:1001B00088470A8B1E72118BF38A44088847098B83
:1001C0001E72118BF38A44078847088B1E72118BAD
:1001D000F38A44068847078B1E72118BF38A440109
:1001E00088078B1E7211C64701208B1E7211C647ED
:1001F00006208B1E7211C6470C20C606FB13115E2B
:10020000C3558BEC83EC0256C646FE01EB138A46BF
:10021000FE2AE48BF0033672118A048844FFFE46FE
:10022000FEA0FB133846FE72E5802EFB13025E8BA8
:10023000E55DC3803EFB1310750C803E38110074E1
:1002400005E826FFEB0A803E3911007403E8B1FF90
:10025000C390B80100C3C606691403C6067B110328
:10026000C6067C1106C606741406C606F1070BC640
:10027000067D1107A02611A26514A02711A2C010A7
:10028000C70616141C5CC7068211145DC706D01081
:10029000815DC7063014E25DB80100C3558BEC8365
:1002A000EC04C646FEFFA074142AE4290614147850
:1002B00068FF36F614E82CCD83C4020BC0745AB81C
:1002C0000500502BC050E8A9CD83C4040AC075496D
:1002D000A082102AE48A0E84102AED03C18A0E86B9
:1002E0001003C13D0B007531E8E2008846FC2AE4AA
:1002F00050E8220483C4028846FE3CFF740583064E
:10030000F6140C803EFB1300750F8A46FE2AE4505B
:10031000E80F0083C4028846FE8A46FE2AE48BE585
:100320005DC3558BEC807E04807518B8050050E8DD
:100330002E0083C4020AC0741C2AC0A2F313A27E3A
:1003400011EB16807E04677410807E0468740A8046
:100350007E04697404C64604FF8A46042AE45DC329
:10036000558BEC8B1EF6148306F614028B07A3AA9A
:1003700010B8060050B8050050E8F6CC83C4040A53
:10038000C0750DA087103846047505B80100EB0252
:100390002BC05DC3558BEC803E7E11007419807EAE
:1003A00004817525B8030050E8B5FF83C4020AC074
:1003B0007417B80100EB14807E046774F5807E0426
:1003C0006874EF807E046974E92BC05DC3558BECC3
:1003D00083EC04C646FE00C646FC008A5EFC2AFF8B
:1003E0008A87821024038A4EFED0E1D0E102C188C0
:1003F00046FEFE46FC807EFC0472E02AE48BE55D4E
:02000002DFC05D
:10000000C3558BEC83EC0656A0FB132AE4484889C1
:1000100046FA8B1E72118A072AE48946FEC746FCFF
:100020000100EB138B5EFC8B3672118A002AE4F719
:10003000E30146FEFF46FC8B46FA3946FC72E58B2F
:1000400046FE2BD2B96700F7F18B5EFC8B3672113E
:1000500038107504B001EB022AC02AE45E8BE55D1E
:10006000C390558BEC83EC0A56C646FE008B1E727D
:10007000118A072AE48946F6806E040388266E07F3
:1000800088266F07C706E6070000807F01667406B2
:10009000807F02667506C706E6070100C746FA01BB
:1000A00000E9A200837EF6697547807EFC66742CA9
:1000B0008A46FC2AE48BF0B10AF6F104308A5EFE2F
:1000C000FF46FE2AFF888770078BC6F6F180C43092
:1000D0008A5EFEFF46FE88A77007EB67837EFA0202
:1000E00076618A5EFEFF46FE2AFFC68770071DEB1B
:1000F00052807EFC66741DFF76F68A46FC2AE45028
:10010000E8E70183C4048A5EFEFF46FE2AFF888773
:100110007007EB13837EFA02760D8A5EFEFF46FEC1
:100120002AFFC68770071D837EF8007416C746F83D
:100130000000837EF6677505B86800EB03B86700BA
:100140008946F6FF46FA8A46042AE43B46FA722EAE
:100150008B5EFA8B3672118A008846FC8D46FA5007
:100160008D46F6508D46FC50E8390083C40689461A
:10017000F88A46042AE43B46FA7203E926FFC7469A
:10018000FA0000EB108B5EFA8A8770078B367211CB
:100190008800FF46FA8A46FE2AE43B46FA77E65E86
:1001A0008BE55DC3558BEC83EC0656C746FA000021
:1001B000EB768B5E048A078846FC8B5E068B07898C
:1001C00046FE8B5E08FF078B5E088B1F8B36721115
:1001D0008A008B5E048807FF76FE8A46FC2AE4507C
:1001E000E8C60083C4040BC0740D837EFA011BC0F3
:1001F000F7D88946FAEB05C746FA0000837EFA0075
:1002000074128B5E06833F677505B86800EB14B8FF
:100210006700EB0FFF76FE8A46FC2AE450E8A10057
:1002200083C4048B5E0689078B5E06FF378B5E04F2
:100230008A072AE450E8120083C4040BC07403E95F
:1002400070FF8B46FA5E8BE55DC3558BEC83EC0249
:10025000C746FE0000837E06697518807E046376BB
:1002600005C746FE0100807E0466752DC746FE0068
:1002700000EB26807E04607205C746FE01008A46B8
:10028000042AE43D6000740C3D610074113D660079
:1002900074DAEB05C6066F07018B46FEEB07C60650
:1002A0006E0701EBF48BE55DC3558BEC837E06692D
:1002B000740B807E04627505B80100EB022BC05DF3
:1002C000C3558BEC807E04637505B86900EB19801B
:1002D0007E04647505B86800EB0E807E04657505C4
:1002E000B86700EB038B46065DC3558BEC837E0637
:1002F00067750C807E04407206806E0440EB0480BB
:100300004604208A46042AE45DC3A06E072AE4C39B
:10031000A06F072AE4C3558BEC8A5E042AFF8A8704
:1003200042062AE45DC32BC0C32BC0C3B8FF00C381
:10033000552BC05DC32BC0C3558BEC8A46042AE401
:100340005DC32BC0C32BC0C32BC0C32BC0C3552B55
:10035000C05DC32BC0C3B8FF00C3C300558BEC8B7B
:10036000D78BDE8CD88EC08B76048B7E0633C08B09
:100370004E08E309F3A674051BC01DFFFF8BF38B2A
:10038000FA5DC300558BEC8BD78BDE8CD88EC08B7F
:1003900076068B7E048BC78B4E08E30EA801740291
:1003A000A449D1E9F3A513C9F3A48BF38BFA5DC378
:1003B000000000000000000000000000000000003D
:1003C0005553523331393839302E30000000000097
:1003D000090016BC37001BBC01002ABC010029BC67
:1003E0004E554C3030303031312E3000000000009E
:1003F00000000000000000000000000000000000FD
:00000001FF
